5700, -16536.424
5687.4424, -16507
5659.5117, -16457.36
5614.066, -16402.527
5552.5894, -16343.783
5485.836, -16283.256
5424.037, -16221.717
5361.3564, -16161.336
5307.725, -16109.367
5263.9683, -16073.477
5205.4673, -16025.807
5139.0957, -15984.509
5069.02, -15967.056
5009.165, -15976.763
4964.8164, -16001.631
4922.8574, -16041.74
4883.367, -16088.223
4830.3438, -16144.555
4763.798, -16199.049
4690.8125, -16254.189
4647.766, -16309.068
4642.3, -16348.278
4660.2197, -16384.262
4694.03, -16418.027
4737.3647, -16443.37
4802.001, -16468.105
4888.799, -16492.582
4993.8013, -16521.71
5107.371, -16549.979
5224.7983, -16579.79
5338.916, -16599.668
5454.817, -16606.496
5572.79, -16593.758
5678.618, -16552.34
5759.394, -16499.738
5841.152, -16444.578
5940.5137, -16383.907
6013.105, -16336.654
6079.6436, -16281.92
6110.001, -16237.8125
6125.8984, -16197.987
6133.0303, -16167.338
6135.8164, -16139.022
6135.8755, -16110.561
6136.9146, -16057.367
6139.579, -15987.484
6140.0566, -15925.836
6140.246, -15883.222
6139.6143, -15854.559
6138.326, -15833.826
6128.631, -15813.312
6111.0127, -15786.542
6082.3525, -15748.228
6055.8916, -15710.264
6015.084, -15658.643
5970.6426, -15605.886
5945.95, -15572.046
5911.3145, -15546.398
5887.2637, -15522.537
5857.9517, -15495.86
5885.64, -15495.101
5851.7236, -15491.395
5795.464, -15485.322
5719.0596, -15479.072
5634.096, -15476.176
5546.0225, -15474.607
5459.0015, -15475.772
5374.718, -15481.271
5287.366, -15486.98
5199.791, -15491.812
5110.3247, -15494.482
5025.4355, -15497.066
4940.733, -15498.963
4851.4033, -15489.092
4771.3906, -15466.8545
4688.7, -15431.27
4607.9707, -15401.603
4536.4824, -15380.581
4476.9595, -15370.241
4426.254, -15365.509
4360.249, -15358.694
4291.3086, -15351.326
4225.9766, -15345.805
4173.0386, -15343.147
4137.362, -15342.252
4104.818, -15343.512
4079.287, -15346.848
4031.4526, -15340.614
3959.5732, -15313.748
3868.7422, -15265.891
3773.9292, -15202.096
3700.0286, -15129.845
3647.9683, -15052.191
3619.6343, -14985.861
3605.1003, -14934.016
3601.6763, -14865.883
3605.4858, -14791.946
3613.9175, -14706.093
3631.1855, -14640.839
3622.9707, -14575.459
3626.2505, -14528.365
3631.8647, -14486.662
3638.9155, -14507.547
3663.8032, -14476.64
3693.5408, -14438.553
3739.018, -14388.029
3801.887, -14334.164
3870.6475, -14289.109
3951.5898, -14246.03
4030.2046, -14209.748
4112.0674, -14173.389
4196.2334, -14145.652
4284.9883, -14125.386
4370.878, -14108.543
4446.8364, -14088.077
4538.23, -14065.298
4614.571, -14044.928
4673.3477, -14023.022
4710.356, -14002.42
4735.986, -13983.605
4759.535, -13956.7705
4773.3804, -13911.491
4769.221, -13860.318
4746.3643, -13814.662
4709.5645, -13781.138
4659.1235, -13748.693
4605.85, -13711.824
4555.1978, -13675.187
4515.9175, -13649.055
4471.4067, -13625.537
4435.51, -13610.368
4403.267, -13598.281
4365.3486, -13586.537
4335.405, -13581.195
4306.87, -13574.894
4281.2773, -13571.275
4257.698, -13563.794
4227.4526, -13559
4194.871, -13557.763
4167.7695, -13560.102
4139.933, -13566.341
4107.706, -13575.1045
4078.474, -13585.318
4042.1057, -13601.396
3983.709, -13631.914
3896.039, -13682.319
3804.8975, -13737.327
3710.2126, -13796.927
3609.0737, -13852.689
3499.0625, -13897.052
3390.3984, -13940.783
3335.4253, -13967.26
3307.4185, -13980.895
3285.4766, -13996.531
3254.1157, -14041.095
3222.3916, -14108.91
3197.106, -14181.852
3177.9219, -14262.407
3158.5215, -14347.359
3140.584, -14420.632
3128.4783, -14452.271
3121.212, -14481.541
3114.5415, -14520.046
3110.1987, -14548.43
3106.446, -14575.725
3101.9863, -14600.404
3095.5571, -14646.237
3091.3723, -14681.344
3084.8467, -14717.029
3078.5933, -14757.071
3062.9424, -14809.707
3024.8474, -14887.7295
2965.369, -14974.132
2894.8655, -15061.006
2814.6123, -15141.283
2724.0542, -15219.873
2629.6208, -15297.613
2541.9775, -15375.048
2454.3066, -15457.037
2368.4192, -15541.492
2284.2866, -15633.254
2223.005, -15721.408
2173.1719, -15813.265
2131.5588, -15890.365
2092.0977, -15953.057
2063.3953, -15996.731
2046.1112, -16027.678
2035.3595, -16057.092
2030.321, -16082.555
2027.5227, -16106.836
2023.8538, -16132.07
2022.7546, -16153.472
2023.6251, -16176.682
2026.954, -16205.004
2029.27, -16243.102
2032.4683, -16294.574
2036.9901, -16363.379
2040.4253, -16435.92
2051.5557, -16498.871
2076.729, -16574.186
2122.5835, -16645.38
2185.9243, -16704.465
2242.6, -16734.701
2301.3518, -16746.52
2365.9082, -16742.145
2426.806, -16720.166
2471.0928, -16682.078
2497.7446, -16635.617
2516.892, -16576.309
2530.6863, -16506.18
2542.9534, -16422.725
2557.5864, -16345.754
2564.7283, -16294.887
2564.6094, -16262.615
2569.3472, -16220.156
2578.1812, -16199.08
2587.5437, -16176.492
2606.241, -16135.104
2638.8867, -16072.125
2689.769, -16013.426
2755.274, -15975.059
2820.313, -15956.501
2887.7705, -15955.824
2953.024, -15977.471
3011.7666, -16008.127
3090.0825, -16045.35
3157.8438, -16083.7705
3191.944, -16122.994
3196.7603, -16160.911
3180.1436, -16189.816
3148.1946, -16211.766
3105.9526, -16224.602
3056.2869, -16228.887
2990.278, -16226.9
2912.2761, -16223.476
2822.4482, -16225.574
2739.7227, -16245.34
2671.0127, -16282.104
2621.3674, -16321.992
2584.8796, -16364.861
2565.664, -16397.26
2558.472, -16425.357
2561.2852, -16458.986
2570.72, -16490.32
2589.8706, -16523.701
2626.1455, -16562.031
2682.71, -16607.283
2749.9084, -16645.213
2826.8938, -16672.773
2909.2322, -16692.336
2985.9282, -16706.102
3067.1453, -16715.465
3147.1304, -16715.99
3212.6445, -16712.178
3270.1768, -16705.375
3347.5586, -16690.121
3421.566, -16674.273
3506.516, -16644.102
3581.0977, -16607.115
3653.1868, -16559.703
3713.421, -16511.875
3752.944, -16469.74
3770.409, -16432.543
3778.5027, -16402.432
3785.7383, -16376.304
3792.1558, -16349.645
3797.354, -16325.816
3801.2024, -16304.089
3805.3945, -16280.236
3808.9875, -16255.8955
3813.3242, -16233.529
3817.5752, -16209.926
3823.6724, -16181.408
3828.6282, -16147.514
3830.0823, -16111.008
3832.5405, -16055.299
3833.2007, -15993.096
3837.9563, -15951.336
3842.3557, -15919.7295
3843.7622, -15877.354
3838.1199, -15817.955
3829.34, -15745.077
3821.5469, -15685.539
3820.447, -15641.649
3818.3452, -15619.541
3816.5425, -15571.842
3805.5662, -15504.586
3793.496, -15421.035
3791.7952, -15334.865
3806.0088, -15252.235
3826.7283, -15180.691
3841.251, -15137.52
3848.039, -15113.999
3871.076, -15098.113
3891.5103, -15091.734
3907.3274, -15070.445
3908.1963, -15042.582
3893.5654, -15017.8125
3866.0369, -14999.707
3821.216, -14985.616
3766.5142, -14974.466
3704.6997, -14960.604
3657.8335, -14942.958
3632.996, -14930.796
3607.626, -14901.08
3599.0544, -14878.612
3590.6199, -14855.551
3582.0122, -14830.465
3574.039, -14808.737
3566.2559, -14788.525
3567.091, -14758.54
3568.7197, -14730.502
3572.0518, -14698.453
3580.797, -14653.666
3592.4878, -14611.864
3607.9575, -14573.082
3638.295, -14522.646
3685.3335, -14468.16
3745.512, -14416.395
3818.0378, -14365.494
3897.1892, -14321.214
3972.0505, -14282.172
4013.864, -14258.055
4038.969, -14242.736
4062.9277, -14229.905
4101.8535, -14212.426
4166.397, -14187.704
4239.298, -14161.625
4321.825, -14141.245
4403.9937, -14129.898
4494.095, -14123.918
4578.634, -14114.287
4664.9155, -14094.734
4747.031, -14057.357
4821.4053, -14000.897
4863.286, -13943.041
4871.564, -13896.982
4860.447, -13857.644
4833.803, -13831.738
4797.8467, -13820.963
4759.6914, -13825.791
4716.3145, -13843.432
4662.875, -13872.633
4594.1, -13909.093
4517.0586, -13947.954
4441.606, -13984.738
4369.2197, -14021.132
4289.026, -14059.545
4206.212, -14094.748
4125.717, -14128.113
4051.5146, -14165.789
3975.0261, -14212.115
3902.0347, -14263.292
3834.127, -14316.009
3773.3262, -14373.155
3720.4639, -14440.959
3676.102, -14519.012
3641.4084, -14604.148
3624.2559, -14684.291
3616.164, -14740.053
3613.096, -14772.8
3606.1113, -14799.052
3614.4028, -14840.928
3629.0027, -14884.487
3648.8684, -14928.963
3676.5928, -14981.248
3724.1917, -15034.894
3791.4976, -15085.975
3866.8445, -15130.468
3949.1414, -15171.932
4027.8188, -15202.135
4106.8765, -15219.901
4195.782, -15229.986
4288.1353, -15233.525
4375.107, -15227.712
4457.4346, -15212.075
4545.6504, -15192.605
4632.5664, -15173.405
4710.543, -15157.951
4777.07, -15142.67
4837.887, -15111.559
4903.083, -15067.176
4975.584, -15021.228
5051.4697, -14973.08
5122.8877, -14926.22
5194.957, -14884.168
5273.958, -14842.905
5355.9473, -14804.753
5436.7056, -14765.92
5520.9185, -14735.199
5606.701, -14728.398
5678.4023, -14746.314
5734.5015, -14779.447
5784.7207, -14826.077
5822.5713, -14882.439
5854.5044, -14955.061
5882.6763, -15039.269
5908.281, -15120.469
5933.5005, -15205.57
5958.9536, -15291.306
5980.5317, -15377.14
5996.8496, -15442.651
6007.4014, -15477.787
6012.7505, -15500.387
6005.2344, -15523.864
5983.506, -15542.893
5944.8916, -15555.134
5896.4463, -15556.315
5859.839, -15552.765
5833.301, -15540.441
5810.652, -15511.021
5788.8438, -15464.439
5765.6455, -15401.5625
5738.73, -15327.1875
5707.3667, -15251.325
5678.383, -15167.342
5660.7603, -15081.842
5656.7314, -14993.681
5665.0503, -14910.551
5691.63, -14822.218
5733.7, -14742.65
5792.99, -14665.257
5850.453, -14597.084
5903.4863, -14524.673
5959.1514, -14452.314
6015.0703, -14387.824
6060.304, -14335.207
6103.1655, -14279.705
6154.0405, -14213.443
6204.6885, -14148.624
6257.6006, -14080.242
6307.6177, -14013.518
6355.1294, -13944.828
6406.058, -13873.8545
6456.917, -13808.201
6510.506, -13738.537
6557.17, -13669.502
6606.8145, -13596.033
6657.1416, -13523.75
6709.6787, -13451.166
6754.7256, -13386.173
6804.573, -13303.885
6848.9653, -13228.472
6896.254, -13145.202
6933.1543, -13073.289
6962.4067, -12996.638
6989.9316, -12911.917
7016.0815, -12828.32
7041.4053, -12743.688
7057.966, -12662.578
7069.817, -12576.472
7079.663, -12494.133
7093.541, -12410.184
7105.0347, -12346.875
7112.4863, -12303.215
7120.298, -12266.942
7123.955, -12239.733
7130.643, -12207.289
7134.1367, -12179.453
7136.4697, -12158.156
7139.3086, -12130.156
7139.006, -12087.281
7136.1816, -12037.537
7130.893, -11973.932
7122.0347, -11895.378
7110.213, -11819.075
7089.5103, -11739.474
7064.967, -11654.175
7040.2065, -11569.645
7011.291, -11485.142
6976.298, -11409.887
6932.0903, -11335.5625
6876.6167, -11268.144
6809.0474, -11206.625
6741.941, -11159.423
6668.4966, -11119.847
6596.465, -11088.95
6539.3965, -11075.344
6498.9844, -11065.378
6467.9375, -11057.89
6425.069, -11055.035
6361.708, -11049.863
6298.662, -11042.803
6223.6504, -11035.343
6143.1143, -11024.543
6058.5186, -11004.148
5982.0186, -10963.871
5930.817, -10917.28
5901.6562, -10875.842
5867.5635, -10829.202
5825.607, -10778.326
5774.711, -10726.767
5710.5547, -10674.231
5639.6084, -10632.862
5561.8086, -10607.894
5473.9326, -10600.959
5379.7817, -10614.149
5310.3613, -10626.721
5264.4585, -10641.857
5223.96, -10661.142
5180.796, -10681.957
5123.5186, -10708.67
5063.239, -10733.451
5001.665, -10754.759
4929.5728, -10778.475
4851.716, -10800.413
4763.0786, -10820.033
4681.461, -10836.183
4596.014, -10856.717
4513.367, -10881.891
4432.9653, -10912.529
4351.29, -10950.098
4281.136, -10988.086
4220.8696, -11033.447
4167.021, -11080.844
4108.915, -11138.389
4047.0806, -11202.535
3994.9294, -11266.262
3948.6938, -11337.537
3909.28, -11416.7
3874.2417, -11495.01
3845.4868, -11577.5
3831.2651, -11658.952
3821.335, -11754.855
3810.0754, -11844.943
3794.7786, -11933.951
3783.2725, -12022.326
3774.991, -12106.819
3776.0718, -12181.0625
3784.9907, -12242.502
3802.3735, -12280.1
3839.2346, -12308.231
3891.2969, -12327.887
3945.533, -12342.527
3989.2026, -12355.065
4023.3657, -12365.399
4059.769, -12373.488
4087.1567, -12380.337
4115.622, -12389.1
4148.9336, -12404.232
4180.4395, -12422.421
4210.802, -12443.278
4239.1177, -12464.716
4254.243, -12480.603
4269.0635, -12496.183
4284.9375, -12513.607
4314.221, -12524.548
4348.4136, -12531.233
4371.857, -12554.133
4391.2764, -12583.215
4407.068, -12617.559
4418.2754, -12653.443
4420.15, -12696.54
4410.563, -12750.166
4379.589, -12818.279
4332.2393, -12876.9375
4270.283, -12920.482
4201.923, -12948.695
4127.8193, -12967.652
4044.3997, -12977.315
3956.0166, -12979.4
3863.6003, -12981.7705
3778.0623, -12988.794
3683.6338, -12998.146
3591.7163, -13010.237
3503.3135, -13033.496
3424.104, -13064.742
3346.0046, -13093.036
3261.2832, -13115.291
3172.257, -13124.958
3081.5823, -13129.137
2994.953, -13138.581
2908.0903, -13150.096
2819.747, -13169.928
2732.2563, -13199.859
2664.1438, -13246.377
2603.4004, -13318.033
2547.8835, -13404.902
2496.6196, -13478.463
2437.8765, -13535.64
2386.145, -13555.845
2348.4844, -13547.251
2323.0273, -13521.447
2304.5034, -13480.609
2292.1802, -13432.451
2284.0535, -13375.004
2290.4, -13308.406
2316.5193, -13253.748
2356.727, -13212.222
2403.806, -13183.725
2464.958, -13165.583
2543.2483, -13152.938
2622.8884, -13148.0205
2711.644, -13152.643
2800.6003, -13169.874
2884.2527, -13202.823
2954.865, -13252.47
3009.224, -13316.256
3045.5962, -13367.487
3065.7617, -13394.677
3075.344, -13420.809
3080.2146, -13459.539
3080.9817, -13481.336
3083.2454, -13519.493
3088.367, -13558.019
3090.1707, -13592.135
3090.9688, -13613.664
3092.7363, -13644.819
3096.7192, -13680.49
3102.4229, -13718.401
3109.796, -13765.34
3113.808, -13806.405
3115.513, -13847.384
3117.1533, -13916.902
3123.0083, -13992.521
3140.9102, -14072.768
3162.96, -14156.082
3174.3032, -14245.479
3176.9197, -14330.32
3178.9507, -14368.537
3179.8782, -14390.979
3205.583, -14374.865
3220.7285, -14353.254
3225.7007, -14331.697
3225.1216, -14299.523
3221.6538, -14267.303
3216.766, -14237.137
3208.1602, -14196.841
3196.9492, -14137.582
3182.4355, -14059.595
3168.794, -13977.315
3156.206, -13898.755
3152.137, -13811.689
3155.1377, -13732.93
3158.3623, -13679.763
3156.3608, -13640.862
3158.1462, -13608.673
3166.9949, -13588.3
3171.5125, -13568.273
3177.3987, -13527.684
3179.6777, -13489.727
3179.9167, -13451.502
3182.1821, -13426.412
3182.2144, -13397.979
3186.2827, -13355.246
3192.2249, -13291.736
3204.5742, -13217.365
3215.9556, -13139.687
3228.9104, -13058.939
3243.1443, -12973.766
3257.4482, -12884.594
3266.6582, -12798.994
3269.1187, -12708.872
3265.834, -12622.143
3260.335, -12531.331
3250.9404, -12442.82
3238.7034, -12363.694
3227.2344, -12274.786
3219.7393, -12187.182
3215.287, -12102.891
3209.766, -12022.691
3208.206, -11935.502
3211.284, -11848.208
3220.225, -11764.312
3230.362, -11675.488
3236.054, -11590.252
3244.0815, -11502.24
3255.6853, -11415.164
3269.087, -11325.395
3277.9688, -11236.368
3284.908, -11148.773
3289.5576, -11067.207
3294.869, -10976.336
3297.0693, -10889.738
3299.7073, -10802.635
3315.9243, -10715.482
3343.0696, -10632.66
3377.7397, -10554.54
3420.427, -10474.901
3468.1145, -10401.637
3523.0044, -10334.178
3587.3071, -10265.929
3651.801, -10202.955
3714.7993, -10140.103
3777.6365, -10078.161
3846.6655, -10011.027
3904.11, -9946.46
3953.6633, -9872.951
3996.5728, -9796.1045
4037.0166, -9716.834
4071.5957, -9639.447
4095.3105, -9559.802
4104.13, -9471.483
4094.0474, -9383.907
4071.2812, -9305.189
4036.5852, -9246.561
3985.4868, -9199.611
3919.3987, -9158.8
3845.4685, -9117.204
3768.4888, -9070.631
3697.0215, -9030.986
3620.351, -8982.498
3551.599, -8926.992
3489.3262, -8860.814
3436.1538, -8788.289
3391.9866, -8702.455
3362.7715, -8612.354
3349.262, -8526.864
3346.1494, -8436.01
3354.3162, -8344.595
3384.933, -8260.729
3431.4443, -8202.492
3483.1404, -8169.366
3535.38, -8158.3496
3585.8608, -8169.8486
3631.3247, -8200.155
3677.8433, -8239.252
3729.5789, -8283.839
3785.52, -8342.408
3829.4124, -8413.582
3862.9688, -8495.582
3886.003, -8584.997
3891.8215, -8675.642
3872.8486, -8746.32
3841.1692, -8781.952
3809.2578, -8789.569
3774.656, -8778.534
3740.3445, -8758.936
3693.0977, -8728.143
3640.726, -8689.213
3578.9922, -8637.743
3508.332, -8574.283
3445.3623, -8517.196
3389.187, -8448.439
3351.4055, -8371.379
3333.5977, -8283.788
3336.1182, -8203.039
3357.442, -8128.5654
3394.9514, -8072.3184
3445.6726, -8032.3115
3499.6323, -8006.4453
3579.0522, -7983.966
3685.3716, -7968.698
3793.0898, -7961.1274
3923.5552, -7958.539
4044.3872, -7956.2866
4160.7144, -7958.2803
4274.6675, -7959.592
4368.231, -7960.918
4438.6064, -7962.2803
4473.911, -7960.579
4496.906, -7960.1045
4467.989, -7936.4277
4431.0737, -7920.394
4397.3477, -7916.372
4354.0137, -7919.6646
4301.2197, -7929.371
4225.2646, -7945.7495
4122.497, -7968.181
4019.267, -7989.366
3897.4631, -8003.9517
3776.1968, -8007.5713
3646.267, -7999.1396
3525.811, -7988.559
3403.782, -7976.5137
3283.442, -7967.2188
3158.9133, -7955.61
3041.0286, -7948.6577
2920.6135, -7947.379
2801.1155, -7949.559
2677.0623, -7951.949
2561.0808, -7959.084
2441.0728, -7973.122
2345.5576, -7989.5967
2287.9517, -7996.045
2256.5789, -7998.0063
2228.2236, -8002.366
2175.9622, -8009.5654
2096.352, -8012.6587
2003.4419, -8008.658
1883.6597, -8001.537
1758.8181, -7996.0767
1641.1211, -7997.324
1530.3822, -8002.6016
1404.4443, -8007.126
1285.0706, -8009.663
1161.9407, -8015.4443
1041.3624, -8021.528
911.7903, -8015.916
793.7601, -7995.842
674.6892, -7949.6357
584.8799, -7884.449
526.5324, -7811.7925
489.66718, -7739.958
465.9585, -7650.178
457.6152, -7550.9644
457.01807, -7433.376
458.71432, -7316.9736
458.37244, -7191.4346
456.74176, -7072.741
458.45074, -6956.73
460.40988, -6832.152
458.9558, -6711.6772
458.48975, -6592.653
463.9424, -6470.841
469.29285, -6353.419
468.79306, -6234.6855
467.56686, -6122.1553
471.3175, -5985.283
475.92386, -5866.26
474.89874, -5753.329
473.0275, -5632.0493
475.86658, -5510.7627
479.7068, -5391.135
477.9627, -5272.166
474.91306, -5143.0396
476.0319, -5029.356
477.70383, -4901.9
471.70773, -4785.256
463.51184, -4657.6045
459.1264, -4544.1484
456.6167, -4414.787
449.8457, -4289.3076
444.06577, -4173.513
443.64398, -4053.3838
448.30664, -3932.73
451.0782, -3816.703
456.37436, -3694.5952
462.042, -3574.479
469.16245, -3452.995
471.29416, -3336.71
472.18192, -3214.6433
472.92328, -3095.2766
477.06064, -2971.7542
479.16168, -2861.1692
478.26016, -2739.107
477.07788, -2605.4893
479.49515, -2489.1902
478.4936, -2365.4287
471.87183, -2252.7383
461.79706, -2134.5144
454.77704, -2003.7137
448.87323, -1885.7949
438.62372, -1764.6313
428.4779, -1652.7849
423.89758, -1529.3378
421.42126, -1410.05
413.79315, -1291.8011
406.55743, -1172.354
400.65295, -1050.9078
390.84485, -931.6012
376.83917, -815.92896
368.34833, -702.33655
375.29956, -584.024
397.62442, -458.3417
430.10104, -339.79602
483.14923, -231.71756
558.4083, -133.48549
646.9216, -54.48612
744.15344, 10.604437
844.896, 53.873222
950.49255, 75.44513
1068.9724, 86.3466
1193.0051, 91.58644
1327.1184, 91.23313
1447.29, 85.08071
1570.7542, 78.92977
1685.6792, 78.356384
1815.7356, 77.91911
1938.6925, 73.95968
2059.138, 70.26904
2176.763, 75.153465
2297.8525, 81.49545
2418.7695, 84.01994
2533.4033, 84.49605
2651.1, 89.61553
2773.859, 94.25453
2894.0125, 95.02861
3015.9683, 92.391655
3133.1384, 93.346176
3256.0347, 92.908745
3376.1187, 89.13702
3498.25, 81.81445
3614.5417, 79.243744
3735.1577, 79.25005
3853.4907, 80.6034
3969.2905, 77.37209
4087.2646, 71.19606
4215.7964, 70.01392
4321.8784, 73.76114
4398.717, 76.151054
4442.0366, 76.767624
4463.242, 78.32292
4470.535, 97.43814
4426.506, 101.4541
4389.2075, 95.6297
4340.186, 81.04141
4286.751, 53.958694
4203.988, 4.959172
4103.7407, -55.15728
3995.191, -110.75423
3885.814, -161.1738
3773.8828, -208.83517
3671.9966, -247.22235
3576.4495, -276.2529
3495.642, -297.13266
3443.17, -312.68707
3369.9639, -330.24237
3285.9502, -346.48636
3192.077, -363.39215
3126.4458, -377.12036
3096.8967, -385.51926
3068.9072, -392.02896
3026.5425, -398.75955
2956.0596, -407.9795
2878.5642, -415.82208
2800.48, -426.43774
2715.6675, -437.289
2633.3794, -446.60364
2568.3958, -446.89816
2509.524, -445.43433
2438.072, -445.22696
2354.923, -443.93307
2276.9395, -441.5102
2187.063, -439.11008
2099.7585, -439.52124
2014.651, -443.95813
1928.582, -448.30328
1844.7263, -450.78992
1755.0359, -453.92282
1692.4237, -459.80075
1660.3391, -464.38004
1635.2861, -466.63275
1591.8456, -464.82825
1523.4696, -460.07962
1449.977, -457.3122
1364.9349, -454.35208
1275.4645, -451.53653
1187.625, -466.1806
1119.396, -502.5975
1077.2854, -553.8124
1056.4788, -609.4856
1048.301, -674.14874
1048.1136, -755.0069
1049.1588, -860.6782
1049.0255, -977.6583
1043.2942, -1097.0638
1035.9492, -1217.5417
1034.9379, -1335.4694
1033.3074, -1455.9312
1029.1799, -1577.0311
1023.8862, -1698.6332
1025.6702, -1815.9614
1029.4552, -1937.4647
1030.1495, -2057.5393
1028.1277, -2171.7388
1029.6454, -2288.7288
1031.5295, -2412.15
1031.6189, -2532.5952
1029.2368, -2654.5837
1030.6082, -2770.842
1033.3693, -2891.8005
1035.6677, -3010.4875
1034.1249, -3133.2559
1034.411, -3250.1787
1037.9608, -3377.94
1041.0164, -3496.6396
1039.762, -3612.0269
1037.0262, -3728.9856
1036.0496, -3857.811
1033.4329, -3984.3086
1025.8981, -4098.9243
1018.9241, -4215.715
1015.9204, -4329.3965
1014.1224, -4449.422
1007.15735, -4571.021
1001.54285, -4696.658
1006.2133, -4814.138
1014.4628, -4933.0684
1018.8135, -5047.0273
1021.6131, -5167.803
1028.8723, -5285.6724
1034.397, -5407.837
1033.6344, -5528.4404
1029.4451, -5649.452
1029.875, -5766.644
1029.2358, -5882.1035
1026.0889, -6001.655
1020.0075, -6123.3755
1017.8998, -6246.8228
1016.837, -6369.16
1014.2754, -6489.0923
1009.1037, -6618.0527
1010.23254, -6734.0225
1022.24976, -6854.8374
1048.2654, -6971.962
1093.0287, -7082.503
1158.6545, -7177.7188
1242.9961, -7252.9766
1340.0875, -7310.4434
1447.0948, -7354.107
1551.964, -7380.458
1662.2732, -7399.4736
1782.1235, -7416.714
1912.9233, -7441.8955
2030.0815, -7462.249
2149.8494, -7480.0176
2247.3577, -7492.1265
2321.3987, -7502.074
2402.4749, -7507.0522
2485.948, -7504.813
2568.818, -7499.615
2650.3335, -7496.8853
2710.0947, -7496.2266
2761.339, -7493.7783
2810.999, -7493.915
2861.6396, -7496.869
2925.2542, -7503.4766
2981.5583, -7510.756
3034.1262, -7515.2983
3104.0955, -7523.1934
3179.7407, -7531.4116
3261.8164, -7546.4663
3337.624, -7583.523
3387.4946, -7630.453
3417.4656, -7686.233
3440.1384, -7749.1924
3473.001, -7826.1006
3521.7344, -7894.98
3575.2092, -7928.7188
3623.608, -7929.4336
3654.187, -7907.701
3674.2036, -7873.585
3685.418, -7830.6787
3694.144, -7779.4697
3709.6162, -7707.4395
3741.229, -7632.7866
3790.4473, -7575.292
3844.495, -7540.1475
3903.1726, -7524.3096
3968.8823, -7520.887
4043.89, -7523.101
4131.3247, -7524.9106
4215.6143, -7521.916
4301.886, -7515.4766
4382.6064, -7507.466
4459.25, -7501.712
4536.168, -7496.5806
4609.839, -7492.9443
4688.2837, -7494.6763
4781.6304, -7504.9688
4892.6143, -7516.629
5003.9775, -7526.5186
5113.855, -7536.761
5243.7363, -7547.458
5366.061, -7555.508
5481.7764, -7559.639
5599.4424, -7561.0537
5716.712, -7558.7993
5836.76, -7555.717
5942.5737, -7549.77
6065.8594, -7531.9053
6173.157, -7504.255
6288.895, -7459.6426
6389.7603, -7396.7637
6467.0537, -7314.6216
6524.275, -7217.7456
6564.3447, -7111.681
6589.2876, -7006.1
6600.694, -6894.659
6603.917, -6774.414
6610.297, -6640.71
6615.045, -6520.667
6615.5254, -6399.1104
6615.4688, -6277.747
6621.866, -6154.516
6628.7246, -6036.078
6629.7607, -5916.3486
6630.155, -5795.7886
6635.667, -5681.831
6641.757, -5562.9473
6639.567, -5445.133
6633.139, -5323.652
6626.639, -5202.9863
6617.0327, -5081.2676
6603.1177, -4964.458
6589.5415, -4835.8716
6578.9355, -4714.543
6543.9385, -4593.7217
6492.3496, -4521.4907
6430.687, -4462.6475
6381.2637, -4421.6055
6355.396, -4401.675
6348.1016, -4354.394
6356.325, -4320.969
6356.833, -4276.531
6333.6016, -4240.6045
6303.744, -4229.223
6273.7803, -4237.319
6245.0957, -4259.3467
6222.1655, -4295.213
6202.6885, -4343.593
6191.026, -4403.168
6190.0347, -4472.9487
6209.0264, -4548.5513
6243.866, -4604.6343
6289.609, -4636.698
6334.3916, -4646.521
6374.926, -4634.1772
6407.6836, -4607.1743
6426.4834, -4570.2246
6435.873, -4523.473
6444.708, -4455.4824
6462.007, -4361.506
6481.975, -4247.0557
6497.1445, -4133.8643
6510.2163, -4016.8477
6521.824, -3899.7368
6534.256, -3776.1294
6543.249, -3660.3003
6548.0195, -3548.8696
6552.541, -3430.4106
6560.1763, -3308.9434
6566.1953, -3192.9595
6566.9854, -3076.3372
6568.4033, -2958.4668
6575.857, -2837.8716
6585.5415, -2720.0093
6590.2046, -2594.6628
6594.6426, -2474.8804
6603.206, -2353.1885
6611.8633, -2227.6497
6612.522, -2116.208
6611.8403, -1994.9617
6614.058, -1873.367
6615.2246, -1759.9757
6608.7896, -1643.1376
6600.217, -1521.1569
6595.275, -1400.6111
6595.141, -1271.068
6592.7324, -1152.7026
6590.3325, -1030.3635
6588.459, -916.80774
6578.3135, -794.04425
6546.4526, -685.20795
6488.5396, -592.31604
6403.65, -520.34924
6319.1494, -481.391
6237.835, -464.0136
6148.266, -459.8465
6038.5215, -461.6402
5915.6885, -463.38263
5797.3984, -464.3631
5675.822, -465.50446
5555.8003, -466.73273
5432.255, -462.84653
5314.692, -458.28595
5186.8887, -456.8304
5068.246, -456.55124
4943.331, -452.84235
4851.8413, -451.41174
4761.39, -451.9393
4672.356, -452.25543
4586.5894, -447.91495
4510.5015, -444.74265
4440.295, -444.52966
4381.169, -444.72202
4319.378, -441.90982
4263.4272, -438.29376
4217.7993, -434.55536
4153.969, -421.74997
4083.8486, -396.74927
4014.5703, -350.0258
3947.355, -274.62897
3877.4324, -182.00653
3792.3293, -92.26264
3699.092, -19.101557
3613.4146, 11.061314
3557.349, 10.014989
3529.0942, -12.244961
3514.066, -42.58262
3511.2405, -82.47308
3521.0693, -128.52417
3542.0435, -175.18883
3577.7974, -224.0847
3632.6826, -274.01904
3704.5046, -320.41193
3807.9204, -360.31543
3900.1787, -380.55212
3990.3103, -390.78305
4076.5586, -397.15903
4172.074, -399.838
4260.3184, -402.38126
4348.2285, -403.1653
4427.576, -403.90137
4504.228, -411.06027
4575.0703, -419.4545
4651.0996, -422.22437
4744.011, -424.17596
4846.3545, -424.35736
4963.8877, -425.46295
5089.673, -424.75427
5206.165, -418.92236
5322.9116, -415.0569
5444.4404, -415.645
5571.9575, -422.7344
5668.4775, -432.8863
5758.1675, -446.447
5846.0444, -465.1845
5932.634, -494.33118
6011.6465, -540.68677
6066.4663, -601.81055
6094.892, -666.0537
6107.4395, -732.94336
6111.4526, -801.9587
6109.379, -869.34265
6107.867, -913.67236
6103.0625, -959.0464
6098.7344, -1028.2981
6095.679, -1103.9652
6093.9297, -1189.1064
6093.4185, -1272.192
6088.9697, -1336.5713
6083.441, -1402.4817
6077.95, -1487.253
6067.461, -1575.4637
6049.8696, -1669.9008
6026.743, -1763.0519
6004.7393, -1847.0864
5981.302, -1926.7422
5955.709, -2009.6902
5924.267, -2095.333
5887.0767, -2184.8809
5841.5205, -2288.546
5795.01, -2395.63
5746.3193, -2497.2864
5695.5713, -2604.0679
5665.236, -2690.7993
5643.735, -2777.4414
5620.935, -2863.4644
5594.79, -2949.7874
5574.773, -3032.0674
5556.092, -3113.3555
5537.6724, -3197.274
5515.531, -3284.0537
5493.037, -3379.692
5466.841, -3488.122
5427.956, -3598.5652
5376.4946, -3705.5725
5318.895, -3812.641
5263.8926, -3918.851
5203.87, -4024.3164
5140.091, -4127.47
5074.2627, -4229.428
5012.009, -4338.517
4951.7275, -4451.807
4896.6147, -4560.8457
4850.2344, -4671.8677
4826.109, -4777.063
4820.1914, -4905.784
4825.6787, -5021.967
4837.9004, -5148.3154
4861.7373, -5264.8
4898.8525, -5379.841
4935.774, -5492.4404
4965.4795, -5610.181
4992.45, -5725.9736
5016.776, -5835.5596
5052.6787, -5954.322
5104.499, -6068.953
5176.5107, -6165.744
5255.978, -6232.3667
5335.25, -6281.201
5402.825, -6317.7476
5454.7983, -6335.7603
5526.727, -6348.497
5621.034, -6363.5527
5721.1816, -6384.59
5835.575, -6416.616
5926.391, -6451.8257
5998.4014, -6504.306
6046.1367, -6563.715
6077.328, -6622.0625
6094.662, -6677.683
6103.011, -6731.148
6103.603, -6783.32
6103.2417, -6842.5444
6101.013, -6904.1416
6099.198, -6972.3584
6096.4746, -7034.0713
6097.7256, -7080.5312
6114.9746, -7110.138
6145.772, -7111.3506
6164.413, -7093.4756
6168.0396, -7071.0845
6158.385, -7043.9473
6136.997, -7030.1084
6115.123, -7034.7407
6097.8975, -7052.881
6088.54, -7080.7246
6083.2266, -7118.4233
6081.611, -7155.704
6083.9297, -7196.424
6087.1035, -7254.521
6092.748, -7345.548
6104.8364, -7455.9277
6124.509, -7536.638
6137.713, -7579.2363
6144.41, -7599.9062
6182.411, -7569.251
6196.7266, -7534.7393
6197.582, -7488.813
6187.116, -7439.295
6163.878, -7374.499
6140.872, -7303.6904
6113.996, -7222.5386
6099.69, -7133.6387
6097.8545, -7061.9316
6097.953, -7008.621
6096.564, -6978.2275
6091.4106, -6938.1123
6082.705, -6876.159
6074.686, -6804.347
6064.2544, -6721.803
6051.71, -6641.009
6029.8574, -6579.8086
5998.5083, -6537.3086
5951.7754, -6500.442
5893.801, -6469.8623
5824.138, -6444.2534
5725.7676, -6409.5244
5618.6943, -6373.5664
5508.8716, -6332.444
5397.4297, -6292.3184
5287.756, -6261.872
5173.474, -6237.1274
5049.0547, -6214.5605
4928.978, -6206.4805
4819.4077, -6207.653
4696.343, -6203.1426
4585.9956, -6185.5767
4470.296, -6147.9336
4351.6323, -6094.883
4244.6133, -6034.1045
4140.7, -5977.6484
4030.6606, -5922.308
3925.0352, -5869.062
3823.4495, -5817.3286
3717.561, -5763.9453
3610.078, -5705.4185
3507.035, -5655.441
3396.4448, -5615.5425
3294.1372, -5582.8457
3198.3062, -5544.474
3121.491, -5505.5205
3020.4104, -5440.927
2931.6885, -5375.4385
2828.7632, -5299.3857
2731.8416, -5233.5054
2626.6816, -5188.3228
2502.3894, -5161.316
2377.1226, -5150.7695
2254.9255, -5162.63
2156.9895, -5200.2354
2078.997, -5253.9263
2011.7434, -5319.426
1966.6453, -5376.3574
1934.7249, -5441.4023
1908.2938, -5519.7715
1882.8383, -5614.1133
1861.411, -5705.132
1847.9271, -5804.208
1845.2874, -5912.993
1852.7875, -6023.6885
1853.3657, -6119.5186
1855.5892, -6201.811
1866.4882, -6263.864
1879.1923, -6299.7114
1905.0062, -6344.444
1954.4602, -6406.5107
2019.0603, -6483.6367
2096.9683, -6577.4253
2173.9138, -6664.18
2259.7354, -6751.4844
2351.7615, -6821.324
2455.5508, -6871.5273
2570.2856, -6905.372
2694.689, -6930.1543
2814.7893, -6942.093
2934.8354, -6941.4756
3057.0813, -6933.81
3173.925, -6930.9536
3301.67, -6929.8237
3421.5825, -6923.761
3548.7246, -6908.133
3663.1614, -6882.453
3786.2983, -6840.75
3898.632, -6801.7026
4024.8708, -6776.148
4145.831, -6784.1743
4266.442, -6811.542
4389.621, -6830.7075
4503.701, -6840.829
4621.571, -6828.5815
4705.142, -6791.805
4745.501, -6748.1533
4767.662, -6701.6396
4789.5103, -6649.088
4817.046, -6570.4966
4846.4307, -6483.279
4884.4844, -6369.613
4915.217, -6266.665
4946.8066, -6172.1943
4970.023, -6086.2256
4979.448, -5991.7114
4975.1826, -5884.4814
4970.4526, -5818.061
4969.8296, -5780.997
4968.3325, -5750.539
4946.6367, -5744.7637
4918.881, -5759.591
4910.336, -5786.0977
4910.441, -5817.1855
4916.9805, -5855.804
4931.279, -5902.0884
4959.253, -5945.4795
5004.448, -5994.103
5055.2515, -6047.3584
5080.743, -6079.0825
5093.365, -6096.208
5072.5615, -6091.708
5035.118, -6080.9985
4989.673, -6073.4287
4930.525, -6075.4893
4835.5664, -6091.358
4725.254, -6112.1626
4610.299, -6122.618
4490.748, -6117.425
4353.263, -6097.9243
4234.6973, -6061.2656
4119.353, -6005.2266
4011.5166, -5948.0825
3892.8726, -5896.8335
3777.5544, -5852.581
3658.141, -5810.058
3553.0493, -5772.337
3437.21, -5729.5474
3327.6128, -5684.419
3222.777, -5625.369
3123.2446, -5561.2383
3022.7761, -5490.4917
2926.587, -5415.8687
2835.2856, -5331.854
2766.8674, -5241.993
2713.3054, -5126.5806
2690.6865, -5026.3765
2689.3738, -4927.9106
2699.1553, -4833.493
2719.86, -4720.9
2738.6074, -4598.2573
2748.0415, -4475.049
2742.1406, -4350.27
2723.7502, -4226.518
2705.37, -4117.803
2693.1467, -3995.7769
2685.5393, -3875.3442
2671.892, -3750.1333
2657.5933, -3632.3762
2641.8684, -3510.8284
2620.6501, -3396.9277
2585.996, -3293.3584
2530.6086, -3184.0325
2460.4253, -3082.2812
2374.7935, -2994.9731
2292.5305, -2911.7378
2214.2104, -2819.088
2145.5571, -2727.8281
2087.1694, -2638.3884
2023.0315, -2549.127
1951.1779, -2456.1038
1883.2844, -2362.64
1810.8076, -2256.9292
1751.6377, -2164.595
1708.6609, -2087.312
1687.3115, -2015.3367
1677.1432, -1933.0425
1677.6045, -1849.346
1689.2905, -1752.8843
1710.1531, -1650.8755
1750.149, -1543.9314
1806.3105, -1453.0012
1882.0049, -1368.1606
1963.4238, -1303.5466
2015.0677, -1269.4982
2044.5247, -1251.9167
2065.1077, -1237.8772
2063.7139, -1288.1244
2047.3364, -1317.6549
2020.8892, -1338.0657
1984.4321, -1355.5018
1933.1987, -1372.5309
1868.0845, -1391.8728
1787.0784, -1410.1855
1725.9858, -1421.0695
1693.0522, -1425.8998
1650.8123, -1400.4957
1622.1182, -1356.6077
1586.9717, -1298.1218
1554.3451, -1239.7003
1532.6482, -1187.3184
1523.0205, -1150.5096
1516.4303, -1102.6145
1515.3136, -1049.6371
1516.4111, -991.6103
1521.7928, -915.74585
1527.5656, -859.00726
1526.987, -803.4651
1522.1945, -744.2621
1512.6575, -673.3426
1501.5066, -575.87775
1487.483, -465.0506
1474.9062, -385.8413
1468.2317, -352.68863
1449.7816, -390.09875
1438.7476, -432.2174
1433.4126, -483.06604
1436.6345, -547.573
1446.4965, -624.96686
1455.283, -708.3185
1460.2687, -795.7433
1463.1992, -867.08417
1467.3237, -928.9448
1469.1194, -988.9058
1469.3965, -1058.9683
1471.4795, -1138.5112
1475.919, -1220.3657
1487.7871, -1283.4513
1505.8616, -1344.3192
1544.9651, -1402.121
1589.6998, -1434.8893
1637.4353, -1446.8134
1691.1992, -1445.2683
1749.1508, -1434.7003
1822.601, -1422.701
1907.1658, -1408.8625
1984.0288, -1391.682
2071.3135, -1375.6208
2138.3618, -1365.1575
2176.2808, -1361.2424
2206.411, -1359.0416
2239.063, -1354.2023
2304.7422, -1341.7827
2399.4226, -1319.4078
2504.106, -1293.3998
2620.4614, -1267.7366
2727.2046, -1244.9688
2843.234, -1219.9816
2960.34, -1198.9366
3081.629, -1185.9368
3206.6038, -1175.7747
3327.322, -1163.4307
3454.3389, -1151.807
3578.0237, -1143.7466
3697.0127, -1137.64
3819.0576, -1130.886
3947.5532, -1128.2299
4070.5, -1132.9202
4188.9272, -1139.0813
4301.2207, -1141.3652
4421.2896, -1143.4624
4542.4985, -1150.0916
4654.9644, -1163.4857
4783.777, -1187.1415
4904.3037, -1224.3125
5016.5933, -1277.4575
5116.6523, -1335.2184
5223.4663, -1400.0353
5325.533, -1474.5402
5426.1055, -1545.102
5529.625, -1607.6013
5638.0273, -1638.8743
5747.035, -1635.4135
5839.6177, -1607.6188
5919.6465, -1567.511
5975.0806, -1517.1031
6030.458, -1441.8296
6076.858, -1353.5715
6107.109, -1252.5457
6124.239, -1156.9769
6133.374, -1077.0742
6134.021, -1008.65643
6130.199, -940.16016
6116.6943, -859.76355
6102.3945, -788.7564
6094.803, -740.1147
6093.6475, -668.9372
6095.784, -578.169
6096.6055, -521.01245
6094.5806, -491.1735
6097.3535, -469.45026
6113.803, -483.3479
6132.9585, -509.01294
6141.301, -540.04285
6140.117, -570.3709
6132.7773, -607.33844
6120.4297, -656.74634
6105.0254, -713.23175
6084.313, -789.0374
6072.173, -868.8911
6075.3184, -951.17566
6090.1055, -1036.678
6096.0645, -1125.7417
6094.1406, -1201.9141
6089.926, -1284.7113
6081.0894, -1365.9414
6066.502, -1452.2721
6044.0493, -1535.367
6014.909, -1619.3461
5980.5347, -1711.7958
5935.236, -1818.319
5884.4917, -1923.8955
5834.1377, -2033.6545
5797.692, -2143.092
5766.961, -2259.8193
5734.5635, -2374.3008
5694.384, -2490.227
5652.135, -2601.9075
5601.009, -2715.3545
5549.121, -2814.1416
5491.1616, -2907.645
5425.346, -2977.418
5356.319, -3016.3462
5292.848, -3027.9282
5226.561, -3022.685
5162.426, -3010.669
5080.4565, -2994.5615
4999.217, -2984.3413
4920.741, -2978.5222
4847.416, -2987.3337
4790.38, -3013.3818
4745.252, -3054.0525
4711.1797, -3104.2136
4679.8, -3177.19
4653.551, -3268.9163
4633.353, -3376.3853
4619.0195, -3494.3071
4600.9165, -3614.322
4576.024, -3728.1863
4543.6875, -3847.0244
4484.119, -3967.3225
4401.1035, -4061.7314
4315.9893, -4125.999
4226.8384, -4178.3535
4122.717, -4221.4873
4007.794, -4251.541
3886.2937, -4273.3364
3752.8186, -4295.015
3636.9365, -4308.8145
3511.9487, -4318.2134
3382.7148, -4328.332
3264.394, -4347.195
3148.183, -4378.927
3033.9763, -4428.321
2934.3364, -4498.654
2859.8953, -4585.0327
2804.4033, -4684.5312
2771.4458, -4754.704
2752.4858, -4793.918
2744.0454, -4812.6724
2724.2163, -4815.3223
2702.3672, -4789.9043
2694.8794, -4754.244
2698.8955, -4717.9263
2707.17, -4668.1562
2712.3438, -4610.133
2713.417, -4517.326
2703.2192, -4409.8013
2697.3997, -4290.1533
2693.5635, -4162.6357
2683.0828, -4043.6409
2673.0327, -3923.942
2668.717, -3800.956
2664.963, -3673.8154
2647.9958, -3564.0317
2614.28, -3448.626
2569.152, -3332.33
2523.2207, -3216.515
2481.4492, -3097.2932
2460.2527, -2964.5996
2474.6897, -2861.2344
2509.9248, -2770.454
2556.9277, -2690.1646
2622.283, -2602.8928
2692.9329, -2520.8208
2778.4644, -2426.976
2858.336, -2337.5303
2945.1572, -2252.3975
3040.557, -2176.8823
3138.642, -2118.531
3254.4456, -2067.28
3378.9233, -2032.5518
3504.8926, -2015.9299
3628.0894, -2008.831
3757.1033, -2009.5564
3885.5823, -2025.1621
4006.2842, -2061.5388
4119.829, -2111.3323
4243.667, -2174.3237
4352.0415, -2245.271
4435.427, -2329.2407
4499.787, -2425.499
4545.1226, -2537.4443
4571.026, -2644.7734
4599.741, -2762.1501
4645.885, -2867.7307
4715.6445, -2946.999
4801.058, -3002.6091
4881.6147, -3040.1912
4930.1333, -3064.0496
4954.5215, -3076.6375
4928.4785, -3055.9287
4901.291, -3032.8835
4862.141, -2999.154
4798.535, -2946.8586
4742.8315, -2903.9336
4707.2607, -2873.9531
4690.0347, -2857.8918
4669.7715, -2843.5203
4631.8135, -2816.1929
4576.639, -2765.9644
4519.2183, -2709.5168
4459.4756, -2647.76
4396.9883, -2581.0342
4338.6357, -2521.2554
4273.744, -2469.6821
4197.4297, -2426.3745
4118.788, -2390.2446
4032.337, -2361.0647
3949.2988, -2349.2278
3869.294, -2356.1047
3794.4595, -2383.0127
3729.5881, -2423.1472
3674.5195, -2474.76
3633.5308, -2530.8184
3611.2556, -2571.4653
3595.6409, -2605.8223
3584.7402, -2658.0383
3577.4849, -2727.711
3578.964, -2810.1787
3592.9614, -2901.7817
3598.0396, -2996.2104
3575.8174, -3067.2913
3541.8228, -3104.6619
3508.6475, -3110.2588
3479.6335, -3094.5059
3461.37, -3065.1875
3454.2705, -3024.4849
3460.8503, -2979.936
3478.5337, -2933.6782
3502.792, -2879.9204
3535.3071, -2813.489
3573.0024, -2734.4863
3603.016, -2653.554
3622.8623, -2573.5864
3640.1553, -2491.3645
3656.1792, -2437.9795
3668.2412, -2414.8105
3680.9941, -2395.4714
3704.7092, -2388.9824
3747.9744, -2388.6646
3801.9246, -2395.152
3864.954, -2409.4417
3931.0032, -2429.255
3983.338, -2448.6506
4040.309, -2471.6235
4110.951, -2503.8635
4192.6846, -2540.542
4267.485, -2578.04
4343.0146, -2621.7366
4417.581, -2670.2551
4490.883, -2724.5364
4561.7827, -2780.9941
4637.4043, -2837.149
4709.8413, -2873.3882
4786.744, -2902.1846
4867.4585, -2928.133
4944.623, -2953.1487
5018.4707, -2969.1414
5079.16, -2977.239
5121.462, -2980.7583
5173.7827, -2976.8176
5228.334, -2961.5393
5279.698, -2933.3264
5323.4727, -2904.3635
5354.873, -2877.3257
5385.8955, -2845.8882
5417.333, -2805.46
5447.9155, -2765.401
5489.2573, -2710.1455
5529.4556, -2657.049
5569.66, -2618.3733
5610.207, -2570.679
5643.7915, -2514.6519
5677.2886, -2439.7666
5711.051, -2357.5798
5744.3105, -2280.7935
5780.9033, -2197.0664
5809.7524, -2116.5674
5837.4614, -2033.2852
5864.2046, -1956.4432
5901.9697, -1867.9126
5935.026, -1789.3267
5961.544, -1710.1545
5983.135, -1626.0907
6001.679, -1539.2036
6012.472, -1456.0367
6014.2944, -1372.8718
6015.077, -1283.5398
6019.1973, -1199.5535
6024.951, -1126.6908
6027.6104, -1065.4738
6029.791, -1003.74664
6031.996, -953.7344
6037.097, -898.0509
6043.2305, -853.6594
6051.29, -812.11005
6053.838, -753.08746
6035.249, -694.17346
6001.747, -643.07916
5948.2207, -591.9014
5884.076, -549.13696
5814.8906, -518.1695
5728.1016, -495.81888
5636.717, -482.37186
5541.6494, -470.8933
5457.8916, -462.57492
5356.4175, -454.5537
5267.5557, -447.36444
5175.348, -439.46155
5089.239, -436.92242
4996.4263, -438.16635
4914.9326, -441.08142
4825.9204, -441.21954
4742.316, -441.81332
4657.914, -446.2227
4572.0483, -451.8629
4494.914, -453.27765
4437.553, -450.68704
4393.7163, -446.94012
4350.085, -436.0634
4313.71, -425.8231
4291.458, -418.44653
4239.842, -394.8072
4181.767, -366.5948
4116.822, -334.398
4048.7134, -288.32965
3980.2134, -220.69806
3924.1108, -147.47414
3864.4004, -73.05061
3806.7146, -8.8556595
3744.3054, 50.680912
3677.646, 109.25943
3610.8936, 170.82445
3546.998, 229.15083
3487.247, 291.59738
3445.744, 336.0818
3423.2368, 361.18384
3408.56, 379.89243
3400.0964, 417.41223
3389.9583, 476.49542
3380.4443, 552.91046
3374.5635, 639.57135
3376.3818, 733.6528
3385.4626, 824.3126
3395.2305, 906.38416
3412.2305, 1000.398
3433.4949, 1086.3052
3459.0332, 1174.5862
3480.6152, 1257.0889
3490.5398, 1305.6562
3495.024, 1330.95
3503.2983, 1369.8665
3510.6262, 1397.6804
3520.878, 1450.3038
3540.3613, 1527.0796
3572.7183, 1621.424
3620.3535, 1732.3556
3675.0874, 1840.1096
3720.7305, 1927.4994
3752.3052, 1986.0288
3770.2075, 2018.1987
3781.3457, 2042.0084
3747.4932, 2026.7292
3720.1812, 2004.5193
3692.0212, 1978.1924
3650.3398, 1950.8975
3579.2214, 1911.4688
3481.857, 1861.1627
3377.4526, 1809.9448
3267.1155, 1759.1742
3152.5837, 1713.5748
3047.7446, 1672.6414
2941.4521, 1619.7335
2846.9521, 1574.4464
2790.0742, 1550.4275
2758.1736, 1537.7816
2737.205, 1538.6862
2708.3735, 1571.0371
2682.2888, 1622.0894
2667.5022, 1676.8175
2668.9802, 1733.7404
2690.8945, 1810.0172
2717.0503, 1896.3339
2749.886, 2005.1448
2792.6296, 2113.9473
2852.1958, 2220.1536
2918.7146, 2321.9546
2981.383, 2422.9268
3042.9478, 2529.8613
3103.6465, 2643.7415
3148.8823, 2753.729
3188.6519, 2876.3623
3223.5466, 2991.33
3280.4238, 3106.4429
3353.1846, 3187.3145
3428.0425, 3230.1672
3495.0164, 3242.935
3564.956, 3237.1384
3648.1814, 3226.456
3753.899, 3221.3542
3870.2437, 3227.3115
3993.5488, 3227.7446
4116.6387, 3222.802
4240.4077, 3217.6528
4362.476, 3195.6973
4463.51, 3147.5894
4540.6396, 3084.7158
4590.5356, 3014.063
4615.0464, 2941.683
4624.0273, 2857.2188
4632.214, 2757.2986
4649.07, 2644.3462
4673.2324, 2525.7212
4701.188, 2406.5718
4731.685, 2287.926
4767.0615, 2174.106
4807.115, 2058.5361
4838.972, 1949.2256
4849.123, 1822.4426
4829.6357, 1727.5382
4791.933, 1661.1643
4753.6494, 1634.5806
4705.3857, 1622.7925
4664.706, 1614.039
4644.806, 1607.6143
4631.545, 1637.9769
4643.1646, 1671.9679
4668.4375, 1701.806
4705.1836, 1729.8251
4750.3096, 1756.9783
4816.661, 1795.1746
4899.444, 1847.0835
4995.3525, 1912.8525
5095.487, 1982.8567
5197.0273, 2048.3923
5310.157, 2089.1592
5428.9424, 2103.1665
5553.2944, 2097.9417
5679.5347, 2094.601
5796.9775, 2098.6035
5931.112, 2102.338
6056.76, 2103.0972
6161.616, 2108.6533
6252.33, 2122.817
6306.3687, 2132.558
6339.9736, 2136.9915
6360.4473, 2140.226
6394.9395, 2146.8015
6451.374, 2151.1436
6548.5, 2164.3262
6657.5303, 2185.5059
6769.081, 2211.1436
6886.9604, 2238.3809
6998.529, 2265.1162
7111.483, 2292.3164
7223.154, 2317.2075
7328.123, 2335.568
7433.485, 2356.0913
7542.456, 2388.6304
7654.5537, 2432.4272
7761.0664, 2477.731
7867.5273, 2531.2678
7963.617, 2590.7998
8059.4043, 2657.982
8154.583, 2726.6255
8254.163, 2803.7087
8348.371, 2891.1155
8427.7295, 2970.324
8513.01, 3051.8037
8599.2705, 3134.2158
8678.051, 3217.9114
8759.355, 3307.6978
8837.818, 3396.739
8921.162, 3494.5159
8987.98, 3587.926
9053.766, 3696.5789
9108.433, 3791.5151
9138.686, 3838.4927
9156.66, 3863.855
9168.448, 3886.2224
9159.967, 3916.3765
9130.235, 3969.7346
9081.517, 4029.9604
9006.116, 4116.8125
8921.609, 4203.421
8832.262, 4283.3525
8755.49, 4354.6616
8712.937, 4397.3145
8689.572, 4423.2583
8669.774, 4449.1904
8643.267, 4502.4463
8615.803, 4568.521
8587.422, 4641.294
8556.793, 4722.9307
8525.168, 4804.5527
8488.899, 4880.4375
8452.092, 4961.1904
8420.532, 5043.2725
8393.35, 5127.962
8370.169, 5206.255
8354.662, 5261.5195
8347.938, 5304.3135
8343.414, 5357.0054
8343.032, 5405.088
8339.77, 5469.7856
8338.636, 5550.7354
8339.017, 5636.982
8345.783, 5739.5547
8354.945, 5850.5234
8358.682, 5957.123
8358.196, 6022.543
8359.155, 6056.772
8361.736, 6090.6963
8368.651, 6151.1763
8381.742, 6234.1914
8393.781, 6327.6787
8400.649, 6448.5117
8406.691, 6564.5513
8413.998, 6686.7183
8418.701, 6801.7964
8428.488, 6920.409
8445.34, 7038.316
8469.89, 7162.442
8490.677, 7265.3413
8505.811, 7332.4336
8527.943, 7414.6436
8560.325, 7518.6807
8587.834, 7624.7524
8608.979, 7737.9736
8629.397, 7835.0986
8644.619, 7888.033
8654.185, 7913.5024
8645.953, 7941.0767
8627.723, 7949.9033
8601.793, 7958.4717
8561.413, 7973.8877
8493.847, 7999.847
8406.02, 8032.608
8305.92, 8064.413
8193.911, 8093.038
8078.5596, 8112.8887
7955.7256, 8123.9883
7839.7715, 8122.5283
7721.4, 8110.9307
7612.059, 8081.1885
7500.4346, 8021.7876
7423.148, 7956.088
7367.321, 7880.866
7318.3296, 7791.1807
7263.411, 7695.619
7219.074, 7630.3984
7197.4736, 7598.685
7183.3286, 7578.6216
7204.341, 7604.552
7220.0513, 7638.075
7234.7583, 7677.176
7255.6025, 7726.733
7296.702, 7804.78
7354.757, 7896.802
7442.908, 7987.3174
7535.8867, 8048.8096
7636.9683, 8088.9688
7728.284, 8101.638
7825.7896, 8101.5957
7939.4375, 8094.923
8063.5073, 8073.5684
8182.1333, 8034.45
8289.653, 7987.116
8364.383, 7951.115
8404.931, 7930.7705
8433.843, 7906.882
8471.135, 7859.905
8504.776, 7787.4707
8519.955, 7709.4307
8522.646, 7635.5205
8511.745, 7559.613
8484.918, 7469.286
8454.678, 7359.79
8432.5205, 7248.5913
8428.158, 7143.7173
8428.154, 7045.455
8424.01, 6969.497
8423.04, 6886.1753
8424.172, 6778.0796
8425.176, 6664.5605
8422.739, 6554.6035
8415.04, 6434.531
8409.979, 6316.772
8400.988, 6192.4043
8389.199, 6075.48
8376.871, 5949.653
8370.835, 5834.7
8365.645, 5716.9805
8357.696, 5600.817
8350.433, 5479.0757
8355.003, 5367.2275
8367.549, 5255.879
8384.273, 5145.3027
8394.028, 5061.4795
8414.291, 4982.7114
8447.609, 4877.9023
8487.334, 4772.935
8529.033, 4662.188
8579.998, 4558.741
8641.057, 4471.504
8728.871, 4381.215
8831.235, 4304.7896
8939.123, 4241.135
9051.673, 4205.5215
9162.217, 4199.2305
9256.599, 4213.965
9340.585, 4242.737
9401.602, 4288.557
9453.514, 4349.134
9509.144, 4428.009
9565.973, 4520.669
9615.016, 4614.915
9671.052, 4728.3286
9721.952, 4828.8936
9775.363, 4937.857
9814.93, 5052.8037
9828.01, 5172.4287
9811.789, 5287.4146
9780.492, 5381.594
9735.102, 5461.6235
9672.144, 5543.773
9606.782, 5640.3154
9544.692, 5747.365
9489.574, 5853.7085
9446.089, 5971.034
9418.295, 6089.3647
9422.18, 6209.6943
9457.816, 6322.326
9512.13, 6399.157
9584.403, 6450.2065
9658.617, 6495.6133
9736.435, 6555.0864
9820.839, 6637.139
9905.705, 6733.7627
9983.18, 6825.944
10060.101, 6920.221
10142.093, 7015.087
10219.545, 7099.943
10305.828, 7188.549
10387.431, 7273.5146
10483.555, 7362.061
10586.097, 7423.8516
10706.362, 7447.8394
10782.883, 7448.206
10811.909, 7442.943
10791.187, 7437.4136
10810.987, 7429.151
10829.431, 7416.426
10808.937, 7408.1074
10810.9375, 7379.8354
10836.166, 7385.0303
10885.11, 7388.897
10960.265, 7398.75
11044.157, 7403.13
11121.695, 7404.172
11210.33, 7395.7593
11305.449, 7374.17
11391.135, 7349.3555
11484.994, 7329.8496
11585.579, 7332.0205
11678.609, 7359.3003
11746.463, 7398.0615
11823.11, 7448.41
11904.452, 7492.034
11988.82, 7525.0796
12078.493, 7551.255
12187.603, 7569.2617
12300.042, 7580.9746
12416.469, 7585.4307
12527.93, 7584.2695
12649.871, 7578.108
12765.541, 7569.332
12871.229, 7562.2197
12968.594, 7556.421
13064.718, 7553.315
13156.478, 7550.431
13255.28, 7540.444
13355.371, 7527.4526
13459.934, 7521.9517
13567.785, 7515.869
13678.972, 7506.4673
13789.242, 7496.986
13902.413, 7494.1416
14019.714, 7495.0537
14137.119, 7498.4873
14259.107, 7498.6367
14376.325, 7497.3584
14496.847, 7500.352
14615.83, 7506.134
14739.398, 7510.856
14849.025, 7517.8716
14974.725, 7534.001
15100.587, 7548.7383
15208.006, 7548.375
15294.541, 7534.4067
15367.028, 7512.9116
15425.696, 7480.8545
15491.698, 7431.2324
15584.39, 7365.679
15679.682, 7303.9014
15784.402, 7249.0947
15897.146, 7207.936
16020.819, 7177.5
16136.961, 7155.584
16253.604, 7121.123
16361.699, 7069.686
16445.217, 6999.4136
16505.307, 6913.1055
16525.605, 6844.6685
16519.84, 6790.0996
16488.992, 6754.0674
16451.623, 6732.9033
16405.057, 6721.536
16340.852, 6719.669
16253.52, 6728.8374
16140.561, 6746.6553
16027.331, 6767.001
15918.668, 6787.569
15801.896, 6810.083
15679.656, 6834.6455
15562.984, 6848.34
15437.629, 6823.5054
15349.719, 6774.6313
15282.8125, 6709.532
15239.311, 6640.538
15224.925, 6577.59
15226.281, 6506.75
15237.146, 6427.215
15254.275, 6342.802
15279.877, 6233.601
15306.253, 6119.776
15334.891, 6001.3867
15366.221, 5911.4854
15414.898, 5835.7466
15477.546, 5764.4834
15556.961, 5698.2236
15648.855, 5638.3994
15748.76, 5586.2544
15864.574, 5533.7925
15972.921, 5483.191
16080.618, 5423.862
16177.283, 5370.447
16284.281, 5309.6445
16386.771, 5248.104
16486.992, 5179.5234
16580.766, 5113.089
16660.678, 5059.605
16722.87, 5010.954
16794.807, 4945.1367
16874.18, 4857.6284
16943.666, 4777.189
16990.24, 4704.8394
17018.838, 4617.9077
17037.916, 4517.2637
17053.469, 4401.7676
17061.992, 4278.351
17063.676, 4148.05
17065.977, 4026.8164
17077.072, 3910.121
17105.822, 3793.2017
17165.459, 3681.2136
17234.875, 3593.1887
17318.547, 3517.3918
17417.156, 3442.1646
17510.781, 3364.0356
17580.867, 3294.0925
17622.992, 3248.4756
17647.973, 3220.9253
17661.367, 3202.7812
17674.393, 3162.046
17687.104, 3100.9321
17698.8, 3025.1155
17705.723, 2938.4116
17707.758, 2866.9507
17707.56, 2829.6577
17706.453, 2809.3345
17684.23, 2774.0928
17640.81, 2753.6658
17584.584, 2735.8818
17502.629, 2720.9053
17389.86, 2707.7085
17276.322, 2698.583
17157.799, 2690.5159
17039.072, 2686.2036
16917.055, 2684.069
16797.385, 2679.7485
16736.379, 2674.4773
16703.898, 2671.014
16672.777, 2658.1768
16626.512, 2618.0715
16580.438, 2558.8364
16544.975, 2489.1973
16518.934, 2406.1772
16503.357, 2318.987
16490.316, 2227.5342
16482.926, 2139.6416
16481.582, 2053.6897
16480.998, 1964.298
16478.11, 1874.4148
16480.662, 1784.5808
16499.537, 1709.393
16541.137, 1631.6282
16600.217, 1570.9047
16669.75, 1527.3107
16735.97, 1506.5216
16806.371, 1503.8625
16877.172, 1513.4641
16959.73, 1535.0122
17043.848, 1574.0693
17105.205, 1627.3376
17153.9, 1700.0216
17176.934, 1773.4388
17177.3, 1843.3668
17157.355, 1897.6538
17120.629, 1945.7314
17075.188, 1982.493
17011.812, 2016.4341
16940.617, 2042.9464
16861.455, 2061.1018
16772.873, 2082.5325
16690.729, 2118.3765
16621.973, 2174.4575
16572.787, 2238.8467
16544.305, 2304.4678
16526.695, 2380.6904
16504.535, 2474.0686
16467.621, 2561.3325
16409.166, 2623.1538
16341.051, 2660.4229
16276.42, 2674.7031
16210.983, 2675.1116
16140.273, 2671.0164
16057.761, 2668.4062
15976.182, 2669.7224
15883.908, 2672.6885
15792.527, 2671.5854
15703.939, 2671.38
15616.71, 2677.9792
15530.289, 2700.4165
15448.859, 2735.7236
15372.448, 2788.64
15313.776, 2856.3193
15279.059, 2934.552
15261.431, 3012.8706
15256.945, 3098.6528
15276.978, 3179.9844
15316.173, 3242.897
15365.365, 3287.547
15420.482, 3318.4038
15487.834, 3336.6453
15560.858, 3346.6257
15648.939, 3357.626
15731.877, 3379.185
15795.383, 3422.5618
15836.867, 3477.7224
15860.087, 3543.2852
15870.098, 3613.1084
15863.578, 3680.1016
15838.287, 3750.9265
15810.445, 3808.5874
15795.541, 3858.231
15790.805, 3901.2612
15796.54, 3936.281
15811.721, 3978.5146
15835.142, 4028.0493
15864.545, 4092.3125
15891.455, 4170.15
15893.812, 4243.326
15871.48, 4300.7573
15842.4375, 4352.151
15817.254, 4418.312
15806.762, 4483.3945
15817.678, 4535.179
15844.283, 4560.3994
15872.324, 4562.591
15902.901, 4547.181
15929.449, 4518.097
15949.545, 4477.6504
15958.551, 4423.8643
15953.12, 4364.653
15930.658, 4301.962
15896.019, 4236.797
15857.474, 4166.5664
15806.875, 4099.596
15746.431, 4051.201
15671.934, 4020.6926
15600.443, 4008.901
15527.705, 4008.8647
15447.53, 4010.6724
15357.281, 4014.5044
15274.119, 4015.77
15226.231, 4014.0718
15202.097, 4012.4524
15215.852, 4027.9092
15238.068, 4066.3655
15258.004, 4123.901
15267.49, 4194.4844
15259.856, 4264.55
15240.311, 4323.787
15222.693, 4393.1387
15219.997, 4459.921
15233.507, 4518.9062
15264.527, 4556.421
15304.207, 4571.005
15347.615, 4566.212
15384.058, 4550.996
15405.795, 4531.856
15417.503, 4498.331
15412.228, 4459.968
15391.514, 4421.2197
15358.283, 4374.3633
15319.37, 4319.685
15281.939, 4265.3857
15261.393, 4233.062
15263.83, 4210.7944
15288.308, 4191.24
15308.936, 4150.662
15308.482, 4104.31
15295.156, 4064.9617
15263.818, 4042.002
15213.994, 4028.4072
15157.665, 4022.2925
15090.259, 4013.0916
15003.854, 3997.5356
14918.281, 3985.5989
14838.675, 3977.4565
14778.294, 3970.6182
14747.613, 3966.6006
14734.605, 3998.0693
14718.981, 4043.7246
14688.045, 4089.323
14671.921, 4107.618
14659.168, 4126.7627
14658.688, 4147.589
14657.752, 4193.958
14656.449, 4262.4453
14642.248, 4331.01
14622.65, 4391.133
14617.19, 4466.547
14633.807, 4521.8975
14664.191, 4559.564
14702.653, 4576.6562
14744.934, 4575.2495
14782.349, 4562.1987
14804.156, 4543.4995
14817.348, 4510.741
14815.321, 4469.924
14801.591, 4425.7695
14770.815, 4379.163
14728.325, 4330.462
14686.569, 4283.6094
14663.666, 4256.426
14657.158, 4224.1123
14660.873, 4195.6245
14667.98, 4171.727
14666.149, 4145.1313
14660.316, 4097.463
14660.758, 4035.162
14682.393, 3961.5657
14719.633, 3909.2383
14769.157, 3878.0803
14812.971, 3864.4346
14841.252, 3859.1343
14896.413, 3858.8914
14958.618, 3864.98
15037.06, 3871.9282
15125.325, 3879.6362
15210.433, 3890.1006
15297.332, 3900.4238
15378.247, 3912.269
15466.866, 3928.4731
15552.907, 3943.771
15643.796, 3943.3916
15724.785, 3918.2607
15787.236, 3880.5776
15829.341, 3840.6567
15857.685, 3800.5908
15875.398, 3764.8367
15885.283, 3729.765
15892.137, 3693.7073
15892.936, 3656.9502
15891.228, 3606.6182
15873.598, 3533.2764
15832.678, 3462.545
15775.428, 3406.8003
15706.001, 3364.0818
15637.394, 3338.2322
15563.476, 3317.8145
15483.099, 3290.3855
15405.677, 3250.327
15343.192, 3196.9226
15317.37, 3140.71
15313.507, 3084.9854
15315.248, 3023.04
15306.664, 2956.8677
15287.374, 2891.6855
15250.3125, 2834.824
15196.58, 2790.891
15128.817, 2755.336
15054.814, 2724.8892
14969.061, 2702.015
14879.902, 2694.937
14795.1875, 2703.6838
14703.815, 2716.2778
14634.453, 2744.8672
14600.1875, 2783.613
14589.098, 2827.6255
14592.424, 2881.2744
14604.884, 2939.1362
14622.712, 3002.6726
14647.298, 3087.1345
14654.908, 3168.439
14637.095, 3221.6985
14605.702, 3249.6416
14561.308, 3265.742
14508.538, 3280.8374
14442.801, 3303.8142
14368.252, 3334.295
14291.211, 3373.7988
14219.834, 3430.01
14161.932, 3497.1812
14120.376, 3567.6785
14088.975, 3624.6682
14051.128, 3687.5947
14004.141, 3757.8564
13967.281, 3806.1887
13943.738, 3824.64
13949.091, 3803.2122
13985.123, 3829.627
14012.132, 3855.479
14046.3955, 3883.9011
14088.377, 3905.7517
14123.18, 3907.7793
14159.517, 3890.6018
14194.098, 3858.5579
14224.71, 3816.087
14248.324, 3767.39
14261.352, 3720.1494
14264.113, 3658.4106
14252.152, 3584.0134
14225.477, 3513.996
14182.525, 3455.8
14139.243, 3428.9976
14100.059, 3429.069
14063.138, 3450.458
14029.957, 3486.8188
14002.152, 3530.1843
13985.635, 3554.3018
13969.555, 3572.3025
13991.728, 3586.0933
14020.93, 3581.5786
14039.684, 3553.1987
14069.664, 3513.3977
14111.306, 3464.0605
14171.851, 3408.4497
14240.909, 3356.1375
14308.245, 3299.664
14371.999, 3244.4756
14440.32, 3191.0151
14506.893, 3131.0889
14554.625, 3080.5127
14579.016, 3052.2896
14591.435, 3035.0552
14592.898, 3006.7993
14576.999, 2958.1885
14542.432, 2902.201
14495.584, 2858.375
14435.346, 2823.997
14360.613, 2794.4976
14280.115, 2771.3523
14190.75, 2756.7324
14100.221, 2749.7266
14007.404, 2745.0686
13920.617, 2736.7046
13836.824, 2728.2537
13748.605, 2717.0818
13656.24, 2720.3577
13581.541, 2729.834
13539.219, 2736.088
13508.899, 2755.7358
13483.827, 2798.0505
13470.721, 2853.9363
13469.188, 2918.495
13472.354, 2987.3677
13477.498, 3073.8875
13484.388, 3165.0908
13472.501, 3249.0586
13445.28, 3284.4878
13414.885, 3282.3477
13394.502, 3262.6743
13389.235, 3238.2593
13399.963, 3215.644
13423.9375, 3199.677
13455.997, 3193.5198
13497.162, 3183.4438
13536.099, 3161.3179
13561.924, 3129.4844
13571.74, 3100.835
13568.428, 3068.2615
13563.772, 3044.6887
13557.392, 3019.7969
13553.763, 2999.0073
13549.783, 2965.6077
13547.626, 2907.145
13547.311, 2833.4097
13544.361, 2750.661
13537.028, 2664.649
13520.2, 2583.2256
13491.568, 2500.8628
13453.439, 2417.791
13410.958, 2339.0447
13362.56, 2263.793
13309.471, 2194.48
13239.854, 2138.3328
13161.02, 2099.116
13073.165, 2058.999
12992.065, 2037.7128
12922.812, 2048.628
12882.051, 2073.4526
12866.094, 2105.6838
12868.134, 2133.314
12880.283, 2151.7598
12906.069, 2161.4312
12951.98, 2163.1865
13012.023, 2160.1243
13082.564, 2154.5696
13167.41, 2142.5562
13253.234, 2129.4507
13343.711, 2116.1826
13430.912, 2110.6038
13515.175, 2113.115
13602.802, 2120.1765
13686.279, 2127.9321
13776.539, 2138.4033
13861.078, 2152.2358
13952.065, 2158.9976
14039.101, 2144.8818
14118.274, 2107.929
14190.451, 2058.115
14267.086, 2010.5188
14341.537, 1972.2827
14428.403, 1951.1576
14503.055, 1956.0862
14552.896, 1969.6584
14601.179, 1968.7094
14640.193, 1956.5516
14668.625, 1931.1069
14688.606, 1897.6583
14697.527, 1854.3048
14690.529, 1804.1866
14668.229, 1754.8855
14635.146, 1697.7603
14604.523, 1631.5106
14589.716, 1561.9677
14599.648, 1499.4819
14611.808, 1479.0559
14585.342, 1537.7998
14565.398, 1588.313
14538.016, 1658.9573
14500.209, 1738.4679
14451.923, 1811.0977
14388.668, 1858.2537
14341.992, 1863.6257
14311.082, 1842.7223
14291.971, 1810.1375
14279.02, 1764.8225
14267.321, 1710.4824
14254.603, 1644.6177
14221.406, 1568.4244
14171.201, 1511.1255
14125.128, 1490.7703
14085.553, 1494.057
14055.311, 1516.314
14033.944, 1550.9912
14019.977, 1597.5913
14015.746, 1658.556
14018.715, 1735.763
14021.322, 1810.842
14028.268, 1902.6729
14033.5, 1988.9453
14018.837, 2075.9912
13985.961, 2132.4487
13946.807, 2152.3623
13906.247, 2154.3906
13863.199, 2145.0654
13805.315, 2128.2861
13743.525, 2102.559
13674.805, 2061.9204
13611.514, 2004.7874
13559.562, 1931.9305
13519.3545, 1850.497
13496.774, 1795.6799
13486.035, 1767.5393
13476.654, 1743.8855
13457.848, 1708.648
13424.757, 1653.1221
13382.238, 1590.331
13334.881, 1524.3046
13263.987, 1462.6013
13180.305, 1426.35
13104.665, 1414.7677
13035.676, 1398.7483
12988.743, 1365.9092
12960.734, 1326.8445
12939.705, 1276.8375
12917.934, 1222.3315
12893.823, 1152.2303
12844.121, 1070.8212
12786.858, 1018.64154
12716.046, 980.5454
12641.576, 957.2858
12561.389, 942.30383
12480.042, 924.79767
12404.185, 889.0283
12353.013, 840.26416
12322.92, 784.01483
12302.889, 707.6229
12291.332, 614.51685
12286.489, 504.61307
12287.482, 383.02933
12284.07, 271.8594
12279.303, 153.48044
12272.695, 45.740967
12266.738, -34.598328
12267.657, -78.421036
12277.255, -122.41647
12307.008, -180.24115
12357.674, -236.28442
12419.121, -279.63696
12485.43, -301.2808
12556.969, -305.69293
12631.457, -295.654
12716.516, -272.7862
12784.68, -234.74191
12829.193, -182.35083
12853.113, -125.64693
12876.751, -60.080154
12904.941, 11.202675
12946.188, 86.9994
13000.376, 152.0202
13072.213, 206.74973
13154.037, 246.6955
13240.852, 276.61508
13343.41, 296.755
13463.21, 307.63748
13578.542, 314.15942
13696.006, 322.7062
13816.442, 333.18805
13935.355, 342.32877
14058.289, 346.96915
14175.803, 351.98218
14298.858, 358.2164
14411.066, 362.94315
14548.02, 360.51587
14657.927, 361.17828
14792.674, 363.67938
14911.611, 362.42593
15032.1455, 349.56668
15147.584, 318.45148
15244.133, 261.94885
15312.447, 182.99063
15343.099, 110.41076
15360.396, 29.557804
15363.464, -70.37578
15357.168, -191.0409
15351.019, -304.20447
15347.031, -435.7723
15350.306, -556.461
15357.144, -676.2723
15365.008, -801.5006
15373.342, -927.2968
15378.806, -1052.0486
15373.264, -1173.4686
15339.205, -1296.9897
15284.061, -1392.9171
15217.516, -1458.0946
15147.855, -1494.6632
15068.14, -1514.9736
14978.68, -1529.8163
14864.818, -1538.8099
14747.258, -1541.8082
14615.94, -1537.9286
14495.99, -1536.543
14373.938, -1541.4685
14261.578, -1548.9355
14137.471, -1549.9935
14017.746, -1545.0178
13878.121, -1528.4148
13768.111, -1493.78
13667.414, -1428.2019
13601.238, -1357.6992
13560.587, -1279.6055
13546.07, -1203.5579
13542.545, -1117.9883
13534.102, -1013.0315
13520.477, -885.6064
13508.31, -766.89264
13500.189, -635.06805
13493.136, -515.6153
13485.182, -392.9161
13480.152, -272.4675
13486.334, -157.97717
13503.59, -39.725708
13535.508, 84.56701
13587.25, 197.40585
13657.758, 277.19785
13719.457, 317.45203
13769.162, 326.1735
13810.67, 314.09778
13849.774, 288.57962
13899.635, 242.59492
13963.548, 180.58151
14042.44, 97.83567
14120.977, 7.3944817
14191.705, -91.283226
14254.844, -204.04987
14300.273, -324.1526
14328.53, -446.0874
14351.52, -572.96375
14384.355, -690.94165
14445.529, -770.9958
14496.159, -795.73334
14538.049, -788.5201
14569.391, -763.06696
14588.047, -726.4026
14598.001, -680.80646
14600.896, -621.0687
14604.283, -535.395
14607.394, -422.82202
14609.454, -350.84454
14649.087, -325.02988
14673.091, -297.66174
14710.93, -244.90643
14762.225, -154.94904
14812.445, -59.468372
14865.661, 41.480286
14913.719, 129.05698
14943.168, 176.40976
14962.941, 202.32118
14991.916, 214.89365
15029.474, 204.27332
15050.71, 177.79752
15055.994, 148.0278
15047.089, 111.257965
15024.004, 65.04351
14995.159, 20.198387
14943.43, -53.792786
14883.538, -135.44182
14800.754, -227.05518
14712.687, -309.88748
14611.679, -391.98273
14510.586, -470.40045
14415.052, -553.11786
14339.86, -649.1632
14296.811, -758.707
14270.502, -878.33167
14239.359, -992.25916
14195.869, -1117.9164
14166.375, -1229.0981
14155.077, -1358.6895
14159.46, -1484.7411
14156.627, -1610.776
14147.652, -1739.1079
14145.31, -1873.6624
14172.781, -1974.8817
14204.001, -2020.8083
14244.636, -2038.7688
14295.633, -2043.7856
14349.832, -2046.4493
14441.01, -2050.5159
14554.732, -2054.4695
14670.468, -2056.642
14789.324, -2058.643
14913.444, -2055.6504
15035.176, -2033.202
15125.878, -1984.7068
15191.523, -1918.1658
15225.483, -1847.393
15235.986, -1780.4552
15224.146, -1724.8762
15200.342, -1671.7949
15164.481, -1608.695
15105.219, -1512.037
15045.485, -1417.4734
14984.896, -1313.8956
14927.936, -1208.6731
14873.682, -1105.7612
14817.109, -1002.63153
14757.964, -897.891
14710.282, -789.1706
14688.892, -669.34143
14686.361, -547.6666
14700.669, -412.00684
14735.142, -292.0254
14792.9375, -180.89966
14860.203, -76.731094
14933.906, 38.932755
14993.279, 140.67662
15061.334, 251.34277
15123.286, 355.5125
15177.483, 465.59708
15214.381, 571.43744
15232.893, 702.0938
15219.92, 807.94165
15185.002, 870.1758
15142.402, 904.5696
15095.475, 918.1771
15037.57, 922.91815
14971.088, 915.97107
14871.5625, 903.0522
14760.512, 891.0342
14638.331, 882.24506
14520.201, 872.86224
14405.516, 867.45154
14286.266, 868.90656
14166.802, 860.16986
14085.794, 827.6709
14055.073, 786.9259
14048.738, 749.1804
14055.051, 701.1065
14070.982, 647.286
14102.293, 602.9684
14153.282, 561.5953
14234.959, 518.9406
14302.043, 486.72394
14335.317, 469.81195
14315.82, 442.33875
14309.796, 399.20767
14313.571, 356.96942
14334.207, 328.091
14364.353, 316.91205
14397.24, 321.68408
14435.129, 341.56964
14474.108, 372.96906
14517.207, 417.68176
14582.05, 490.83597
14656.638, 571.9862
14742.677, 658.3806
14836.686, 736.9913
14940.102, 791.54846
15047.664, 830.74963
15134.784, 874.29913
15185.973, 919.9407
15206.687, 967.72705
15217.393, 1026.7301
15231.115, 1100.2892
15246.986, 1179.8617
15260.254, 1259.2108
15272.239, 1338.4402
15281.284, 1387.7809
15288.288, 1415.0542
15310.053, 1442.9036
15349.228, 1463.0745
15404.608, 1472.3281
15464.237, 1474.1255
15543.398, 1477.0466
15631.273, 1492.5034
15705.207, 1525.2275
15775.512, 1579.2527
15832.188, 1647.384
15873.666, 1700.2723
15895.68, 1732.1312
15904.691, 1755.5995
15900.896, 1782.6196
15890.604, 1804.0609
15839.09, 1808.26
15775.475, 1804.7738
15702.235, 1795.4482
15615.516, 1801.9989
15553.496, 1822.5503
15515.517, 1846.4758
15492.138, 1878.7527
15476.513, 1905.3505
15463.864, 1941.2699
15447.222, 1994.5073
15427.116, 2066.0088
15406.984, 2145.0146
15383.434, 2225.7559
15359.632, 2309.0195
15336.783, 2394.6863
15319.149, 2484.8147
15307.474, 2558.0596
15300.427, 2596.6619
15294.842, 2622.171
15334.59, 2675.2417
15379.242, 2727.9973
15447.437, 2785.3777
15518.54, 2825.8909
15572.821, 2850.8713
15603.5, 2863.795
15642.729, 2872.1753
15694.562, 2860.5417
15761.143, 2842.0928
15833.764, 2817.1797
15918.865, 2787.8862
15997.668, 2760.865
16091.137, 2737.6396
16184.546, 2728.0757
16283.216, 2724.336
16378.098, 2718.4062
16466.418, 2717.439
16555.95, 2714.0798
16640.018, 2707.0598
16730.63, 2700.6616
16815.145, 2701.7065
16903.914, 2704.2888
16991.139, 2706.8748
17082.225, 2708.3638
17168.266, 2711.862
17250.336, 2716.1506
17338.531, 2717.039
17429.732, 2700.5452
17514.422, 2662.1235
17586.379, 2602.6626
17632.256, 2535.523
17673.023, 2466.3977
17720.902, 2400.0906
17782.18, 2348.6663
17858.213, 2313.9307
17942.242, 2292.1719
18037.816, 2276.7314
18124.27, 2278.3413
18207.746, 2302.0554
18271.105, 2341.8164
18317.432, 2394.4355
18342.463, 2448.171
18352.027, 2480.9604
18356.799, 2502.4482
18319.426, 2496.462
18291.709, 2476.543
18270.344, 2450.8025
18252.682, 2417.1885
18225.434, 2367.832
18193.557, 2312.0332
18152.637, 2245.7422
18107.379, 2160.248
18071.623, 2074.9766
18027.037, 1996.736
17963.344, 1932.8386
17893.604, 1888.2322
17822.268, 1840.2543
17768.316, 1779.5957
17743.447, 1722.2794
17742.723, 1670.0688
17752.615, 1612.8033
17764.557, 1553.6887
17769.416, 1481.3376
17769.658, 1401.6475
17770.332, 1306.4623
17773.777, 1218.812
17776.984, 1130.9224
17769.762, 1043.2263
17752.703, 961.488
17731.656, 880.6383
17719.883, 830.9806
17713.766, 801.89624
17705.424, 757.89264
17696.28, 694.2825
17680.555, 588.3845
17667.91, 480.737
17662.941, 367.90314
17661.613, 256.58286
17661.281, 134.77896
17673.016, 16.282494
17710.584, -89.80918
17775.473, -177.46915
17853.318, -239.07866
17934.043, -281.63495
18016.49, -304.00873
18113.252, -331.46188
18206.059, -373.48267
18272.447, -422.1518
18315.043, -485.71906
18328.824, -552.4306
18321.979, -614.65045
18294.889, -700.0777
18251.033, -774.991
18191.924, -824.01483
18130.574, -844.2462
18082.22, -838.7792
18048.77, -820.516
18028.951, -788.8642
18026.795, -749.54724
18042.266, -710.0826
18076.426, -673.74634
18119.523, -646.04474
18174.047, -623.54675
18255.059, -593.9525
18330.527, -552.75525
18365.613, -504.7641
18366.373, -469.0195
18347.258, -443.2073
18315.871, -424.04108
18273.268, -406.9027
18212.184, -387.51178
18127.402, -367.17688
18070.47, -347.25754
18040.904, -344.64584
17971.564, -341.27478
17942.941, -348.70285
17965.652, -344.0249
17967.55, -318.12476
17943.57, -335.57443
17886.752, -347.69357
17800.08, -360.25366
17695.863, -369.2682
17586.598, -370.77188
17471.459, -362.4419
17353.117, -348.73975
17232.723, -334.29446
17119.926, -323.56128
16994.99, -310.28827
16876.514, -298.86713
16753.71, -290.67548
16625.21, -294.50073
16498.023, -304.78955
16378.799, -318.06097
16259.511, -341.23895
16153.934, -380.6091
16051.561, -446.29886
15991.213, -513.7311
15968.238, -577.6681
15958.579, -649.6292
15951.162, -739.2648
15939.097, -843.6071
15930.025, -960.35767
15915.065, -1074.1328
15887.453, -1199.7125
15859.063, -1317.2251
15839.482, -1434.5558
15822.205, -1547.5808
15805.311, -1667.5764
15793.516, -1788.8607
15801.85, -1903.2161
15846.373, -1995.6771
15891.375, -2033.1537
15932.856, -2041.738
15971.723, -2028.2225
16010.471, -2001.0381
16051.639, -1965.8175
16109.463, -1907.1687
16185.256, -1825.5598
16260.576, -1749.8142
16355.106, -1677.7605
16454.168, -1626.1682
16578.186, -1583.8403
16692.156, -1551.5869
16816.28, -1500.3844
16926.992, -1449.1892
17030.54, -1385.8596
17124.504, -1309.6567
17190.148, -1212.9033
17230.836, -1093.1383
17247.982, -986.5752
17252.453, -870.1993
17245.271, -756.4232
17225.916, -626.5448
17195.35, -500.78116
17145.057, -402.07758
17079.18, -341.54547
17012.85, -311.8969
16938.375, -299.65228
16864.127, -304.05536
16777.234, -319.10535
16671.23, -341.68335
16550.98, -365.57248
16437.512, -395.0551
16335.855, -450.01074
16264.906, -525.4573
16233.215, -598.7319
16229.887, -650.6973
16247.603, -688.401
16279.594, -716.4231
16323.557, -737.5142
16385.05, -753.54
16465.945, -767.8124
16579.457, -788.7387
16687.188, -810.00024
16803.285, -838.48004
16917.623, -839.81274
17000.854, -809.5212
17058.281, -761.15356
17101.736, -694.54224
17141.812, -616.5365
17176.291, -522.3702
17201.826, -407.82834
17223.375, -287.6538
17238.314, -163.10442
17229.602, -46.555695
17191.059, 69.65529
17131.422, 170.59612
17066.807, 244.20537
16998.318, 290.61417
16919.396, 318.5142
16831.967, 349.7649
16726.543, 395.76407
16621.75, 431.00824
16501.77, 443.1353
16382.492, 444.9515
16255.064, 459.71393
16134.215, 457.54126
16036.919, 421.45728
15978.295, 371.6541
15943.117, 314.56653
15928.234, 247.75122
15912.967, 167.33708
15885.133, 73.191216
15833.769, -32.48862
15767.886, -126.29708
15675.315, -222.62093
15580.061, -280.95508
15494.4375, -305.99542
15416.854, -318.57834
15353.608, -331.60925
15314.567, -341.01746
15291.214, -346.81082
15290.132, -369.4618
15298.168, -421.78925
15318.762, -508.61035
15355.668, -604.4948
15416.11, -724.73303
15484.531, -816.10846
15583.012, -882.53613
15661.641, -904.9265
15713.177, -896.1432
15730.742, -873.0824
15723.225, -853.5166
15702.743, -844.98456
15672.823, -844.24817
15635.029, -850.1054
15587.397, -863.62103
15524.279, -886.75006
15464.0625, -927.10596
15412.618, -990.36206
15382.879, -1056.877
15366.503, -1131.0009
15366.226, -1198.8676
15374.11, -1282.3761
15383.482, -1379.1152
15376.715, -1490.1503
15355.523, -1605.7751
15326.6, -1725.9196
15291.354, -1829.8706
15249.628, -1923.5457
15202.906, -2011.6917
15183.206, -2093.5925
15189.344, -2155.1174
15215.333, -2211.2185
15253.039, -2260.4854
15301.495, -2309.3545
15349.144, -2364.6406
15375.609, -2396.391
15376.591, -2425.1528
15356.326, -2469.0134
15329.645, -2521.8574
15287.22, -2581.329
15228.222, -2633.3386
15155.439, -2674.9119
15064.697, -2706.9307
14977.493, -2728.7395
14884.201, -2752.1257
14793.695, -2781.8477
14723.67, -2830.3557
14690.735, -2883.039
14690.506, -2925.6665
14708.77, -2960.9553
14743.176, -2991.4111
14784.685, -3017.5815
14837.309, -3045.238
14904.436, -3090.3728
14969.812, -3145.7856
15032.215, -3211.4421
15096.357, -3275.7222
15156.936, -3330.1394
15220.796, -3392.2437
15268.298, -3465.1428
15291.607, -3550.1863
15297.193, -3632.1294
15298.068, -3715.8677
15303.286, -3802.0012
15332.371, -3872.5928
15375.443, -3906.0908
15405.658, -3909.0247
15420.229, -3888.2832
15423.703, -3861.661
15417.216, -3836.1301
15409.705, -3807.3716
15401.606, -3777.55
15386.158, -3729.2515
15361.447, -3656.6123
15334.109, -3577.538
15299.672, -3490.899
15254.328, -3426.9634
15195.736, -3391.9116
15131.275, -3377.784
15059.553, -3381.0818
14973.538, -3390.017
14884.662, -3402.3735
14787.504, -3408.1829
14701.433, -3386.2126
14648.733, -3349.8613
14621.309, -3306.995
14614.067, -3256.894
14623.484, -3202.9463
14645.056, -3141.416
14669.469, -3076.0188
14689.129, -2999.1877
14698.52, -2910.1484
14701.908, -2843.442
14706.666, -2808.12
14710.575, -2781.469
14648.121, -2756.5503
14588.274, -2739.2273
14557.975, -2712.264
14535.891, -2675.8508
14497.665, -2652.9543
14443.274, -2641.6143
14399.396, -2643.8284
14375.701, -2650.5188
14335.484, -2655.33
14278.052, -2659.145
14205.693, -2662.5981
14121.207, -2667.602
14053.019, -2672.1309
14023.676, -2675.7944
13985.217, -2680.9556
13939.344, -2681.484
13898.914, -2681.8738
13879.116, -2687.0166
13885.918, -2714.1084
13900.933, -2745.1357
13927.74, -2781.1704
13956.379, -2832.2153
13993.241, -2895.577
14031.207, -2971.6157
14058.189, -3057.2256
14072.162, -3148.2988
14078.543, -3239.16
14079.015, -3323.482
14076.609, -3413.0015
14071.506, -3506.0142
14068.934, -3595.6562
14078.869, -3676.4082
14092.776, -3755.026
14111.365, -3815.4573
14158.856, -3872.7544
14217.098, -3911.0781
14280.141, -3936.5542
14358.035, -3950.817
14445.762, -3958.0535
14541.205, -3958.809
14638.682, -3953.1885
14727.496, -3968.585
14778.209, -4005.0186
14796.257, -4040.5571
14803.194, -4070.8857
14777.977, -4078.0874
14735.176, -4079.4536
14681.348, -4071.8433
14615.375, -4050.6409
14538.007, -4021.0146
14458.922, -3993.1543
14377.485, -3957.4385
14324.171, -3932.8357
14294.929, -3917.1128
14275.02, -3906.5034
14237.281, -3884.437
14184.461, -3842.8774
14132.656, -3780.8535
14096.443, -3703.765
14084.053, -3622.3882
14072.668, -3537.3687
14042.766, -3462.2546
14000.256, -3409.928
13938.406, -3370.0405
13877.113, -3351.7495
13809.438, -3353.709
13740.906, -3362.5098
13671.879, -3396.0242
13615.572, -3446.7856
13582.27, -3504.8618
13560.15, -3575.7896
13529.722, -3658.2876
13482.94, -3736.2302
13424.793, -3805.0354
13352.278, -3855.0942
13284.733, -3872.6829
13231.519, -3867.8174
13182.578, -3848.0178
13139.864, -3811.877
13108.87, -3761.5664
13092.64, -3698.6714
13085.297, -3623.8362
13088.541, -3547.506
13114.596, -3476.2686
13152.989, -3426.4822
13197.6, -3386.8843
13253.443, -3353.0781
13320.282, -3316.112
13391.843, -3277.832
13444.119, -3249.5234
13472.79, -3234.7542
13487.317, -3201.8765
13491.535, -3149.328
13487.598, -3079.9
13477.834, -2995.062
13464.964, -2912.092
13437.17, -2825.5413
13391.113, -2760.1077
13329.381, -2712.9841
13259.369, -2680.5247
13175.55, -2651.5994
13093.075, -2623.0752
13039.588, -2606.823
13010.355, -2599.619
12958.04, -2570.991
12909.611, -2518.9146
12878.611, -2448.4612
12866.2295, -2376.6138
12865.755, -2305.6716
12861.877, -2227.6577
12838.246, -2156.5867
12797.239, -2102.261
12742.633, -2061.1443
12678.766, -2025.8547
12598.129, -1982.4631
12522.163, -1937.9928
12456.869, -1883.1504
12402.695, -1809.4347
12365.544, -1726.8218
12340.168, -1626.9564
12319.819, -1510.5664
12310.58, -1387.522
12309.86, -1263.9839
12311.565, -1133.9934
12309.943, -1037.2068
12311.523, -945.02673
12318.984, -854.5692
12329.136, -763.89874
12332.733, -678.5794
12337.125, -589.7506
12341.557, -507.36975
12345.703, -415.85562
12346.306, -338.3743
12343.871, -299.54126
12354.119, -266.6254
12384.808, -255.26556
12425.838, -255.02318
12477.771, -259.0833
12541.93, -260.0413
12623.503, -263.40402
12708.21, -266.7974
12799.223, -281.79028
12880.548, -318.0426
12936.634, -367.2608
12965.918, -422.81873
12976.365, -488.49042
12972.422, -558.041
12963.544, -634.4331
12947.473, -722.9533
12929.26, -810.2944
12911.813, -901.1926
12903.699, -981.9103
12902.598, -1069.1917
12906.006, -1157.2458
12914.605, -1248.7366
12945.142, -1327.4465
12991.225, -1378.3137
13047.642, -1413.0894
13107.447, -1433.039
13181.23, -1438.5182
13248.563, -1421.8027
13305.1, -1387.5573
13353.537, -1338.2639
13385.314, -1278.812
13396.966, -1222.9482
13387.995, -1168.467
13362.765, -1112.6644
13325.966, -1056.284
13272.583, -993.9115
13217.041, -930.7065
13161.805, -870.41705
13103.478, -803.5921
13053.332, -730.50574
13010.814, -645.5394
12988.556, -557.2972
12992.961, -473.33685
13018.763, -403.93234
13058.623, -348.55643
13106.605, -304.6147
13169.528, -269.21436
13244.677, -231.9506
13328.322, -186.59404
13392.478, -129.17688
13421.195, -63.338802
13424.695, -4.722659
13410.082, 55.0643
13382.981, 113.23017
13342.674, 167.01129
13284.661, 214.30667
13226.725, 238.45612
13161.219, 245.66862
13104.944, 233.72934
13055.764, 203.54404
13016.406, 160.94206
12984.426, 104.16556
12954.822, 31.600855
12928.99, -43.81612
12893.449, -131.84033
12844.873, -211.24133
12780.697, -272.67715
12708.632, -314.59088
12632.414, -336.10464
12548.658, -346.57745
12459.303, -354.64978
12366.146, -365.95178
12279.046, -390.23108
12201.953, -422.21854
12145.926, -446.321
12114.571, -457.25604
12089.425, -466.21304
12063.328, -512.515
12058.5, -565.34174
12070.964, -614.1195
12099.513, -669.46356
12145.319, -743.6448
12199.672, -835.1054
12246.249, -947.5431
12270.506, -1072.2043
12275.316, -1196.6559
12271.828, -1315.4658
12267.333, -1441.0764
12267.282, -1563.8157
12276.681, -1683.4418
12306.349, -1796.0698
12358.673, -1901.2938
12401, -1973.4658
12422.112, -2009.8091
12428.359, -2041.1223
12399.175, -2050.5352
12366.27, -2041.1484
12345.768, -2018.854
12330.418, -1986.4794
12317.58, -1938.5852
12309.81, -1886.7161
12305.372, -1813.9126
12303.741, -1710.422
12309.313, -1588.8027
12317.9375, -1465.5437
12321.038, -1339.5411
12319.618, -1219.1583
12302.707, -1119.2788
12263.848, -1035.5034
12212.363, -982.05225
12146.613, -941.2063
12073.495, -904.72437
11993.565, -877.7141
11914.665, -873.2737
11829.008, -890.2438
11739.746, -914.6038
11647.348, -931.31
11565.03, -947.6723
11477.035, -966.07477
11389.434, -980.89386
11294.285, -987.91394
11203.176, -988.0388
11113.842, -985.04156
11020.281, -981.9624
10941.446, -976.826
10853.743, -974.58386
10770.106, -978.462
10683.567, -984.74084
10608.118, -988.8369
10517.964, -993.4033
10434.516, -998.5076
10349.843, -1005.5003
10268.978, -1009.2938
10182.19, -1009.1362
10093.131, -1007.4332
10012.721, -1012.5023
9942.358, -1033.3955
9888.682, -1070.5908
9852.367, -1124.885
9830.308, -1193.6294
9818.019, -1286.0635
9813.745, -1395.7672
9806.054, -1514.536
9798.151, -1643.2516
9797.465, -1762.573
9799.905, -1884.0325
9799.646, -2006.0841
9798.047, -2127.5767
9801.406, -2245.8242
9805.058, -2367.6248
9804.746, -2487.8928
9801.752, -2608.8066
9802.627, -2718.5513
9799.881, -2840.8237
9790.427, -2960.3064
9772.225, -3081.2969
9759.114, -3198.9119
9750.066, -3322.6006
9746.513, -3443.1582
9740.096, -3564.5352
9732.785, -3663.491
9731.478, -3719.662
9730.547, -3749.414
9729.846, -3770.7178
9719.49, -3734.6199
9721.952, -3697.0706
9727.01, -3646.6782
9735.038, -3570.1667
9751.066, -3466.7976
9767.064, -3357.2578
9778.857, -3242.9946
9789.721, -3124.2014
9799.468, -3005.6492
9806.174, -2889.2412
9806.752, -2773.2192
9801.404, -2646.452
9794.204, -2527.683
9790.736, -2411.0847
9788.773, -2292.602
9783.885, -2169.5552
9778.365, -2042.8403
9778.131, -1920.3114
9779.073, -1802.7527
9781.655, -1671.6063
9788.213, -1551.2573
9805.876, -1430.6633
9833.631, -1314.4211
9891.336, -1193.0293
9965.404, -1107.846
10028.636, -1062.645
10082.119, -1036.3147
10128.834, -1027.9915
10172.366, -1036.2776
10219.629, -1058.8427
10260.981, -1091.249
10299.837, -1131.9556
10344.45, -1202.4966
10388.572, -1304.2068
10420.389, -1404.8512
10437.827, -1471.3793
10449.451, -1520.0432
10450.009, -1563.0142
10441.567, -1609.7653
10419.595, -1685.7607
10387.396, -1784.5006
10356.435, -1894.9214
10332.429, -2008.2706
10314.847, -2124.825
10298.284, -2254.0796
10290.337, -2362.9785
10285.216, -2483.7378
10281.915, -2602.709
10271.112, -2732.4236
10263.825, -2848.7705
10259.015, -2962.9546
10254.787, -3082.0234
10247.399, -3204.7676
10242.289, -3321.4038
10243.18, -3439.7952
10245.582, -3557.9265
10242.874, -3679.476
10240.127, -3789.9937
10242.857, -3916.4448
10244.799, -4036.8755
10237.607, -4157.8706
10222.021, -4269.677
10200.263, -4390.4355
10165.777, -4509.892
10115.822, -4621.662
10056.185, -4728.258
9989.225, -4842.4126
9925.464, -4930.8506
9861.885, -5017.3726
9802.727, -5113.076
9764.459, -5208.641
9745.376, -5332.744
9744.584, -5445.188
9758.428, -5569.366
9791.919, -5680.5825
9850.452, -5782.6484
9928.338, -5869.9023
10025.189, -5945.284
10133.774, -6007.3516
10243.807, -6059.3057
10356.771, -6109.176
10467.255, -6171.619
10576.591, -6233.992
10663.6875, -6270.718
10755.544, -6287.04
10854.012, -6287.223
10943.563, -6271.868
11008.736, -6237.3174
11046.047, -6197.5664
11072.149, -6141.1455
11090.464, -6071.586
11098.446, -5983.912
11100.147, -5870.4355
11095.547, -5747.0293
11095.925, -5627.0317
11097.23, -5510.7305
11098.766, -5379.909
11103.54, -5267.349
11120.079, -5148.0493
11142.909, -5031.8306
11168.766, -4913.863
11201.428, -4809.052
11237.294, -4707.888
11278.478, -4594.4976
11312.543, -4483.8286
11351.223, -4368.593
11391.237, -4259.322
11433.643, -4145.4414
11465.938, -4030.6094
11483.279, -3912.8472
11482.6455, -3802.2114
11470.806, -3678.0374
11458.6875, -3553.8062
11454.564, -3431.3594
11456.477, -3311.2407
11464.567, -3189.2234
11470.22, -3065.4795
11477.488, -2943.934
11484.224, -2831.2673
11492.714, -2714.0117
11498.938, -2636.221
11499.118, -2597.6707
11499.049, -2571.2964
11521.788, -2573.012
11540.407, -2608.869
11544.45, -2644.5845
11546.403, -2694.24
11546.883, -2764.2869
11541.711, -2859.126
11535.738, -2968.9502
11531.269, -3096.042
11529.955, -3214.3853
11528.77, -3332.6646
11522.929, -3454.8252
11515.262, -3571.719
11505.586, -3692.4653
11493.113, -3805.5889
11482.781, -3871.835
11475.001, -3908.1296
11467.257, -3942.241
11454.282, -3986.853
11444.414, -4028.3223
11431.883, -4080.183
11416.586, -4147.252
11395.803, -4225.6533
11374.898, -4308.138
11351.763, -4389.067
11334.353, -4447.4204
11325.701, -4478.5303
11317.959, -4498.728
11309.374, -4519.671
11283.267, -4578.368
11251.101, -4651.902
11215.705, -4734.071
11181.539, -4814.731
11145.613, -4905.426
11122.917, -4985.218
11108.043, -5070.0586
11099.462, -5146.1904
11092.679, -5188.375
11088.188, -5209.445
11085.85, -5231.576
11088.58, -5270.5103
11089.58, -5337.1436
11092.924, -5415.528
11097.586, -5500.587
11099.754, -5588.7847
11102.526, -5673.6045
11110.574, -5757.4697
11119.984, -5846.268
11128.037, -5933.163
11136.3125, -6023.5293
11151.79, -6102.559
11184.475, -6159.492
11234.33, -6202.5605
11298.781, -6234.5547
11374.518, -6262.232
11457.033, -6271.168
11538.434, -6253.578
11611.176, -6219.681
11678.804, -6172.749
11720.871, -6136.9014
11740.785, -6116.9766
11743.705, -6148.2217
11734.419, -6169.415
11719.691, -6188.591
11711.435, -6208.8003
11714.366, -6231.617
11732.945, -6254.114
11760.181, -6277.7417
11801.936, -6297.402
11860.52, -6312.694
11928.797, -6321.769
12017.391, -6332.953
12109.053, -6346.061
12202.965, -6363.726
12294.335, -6378.606
12389.772, -6384.872
12482.113, -6373.9814
12573.529, -6347.5435
12649.031, -6310.907
12713.831, -6257.081
12773.398, -6188.915
12823.718, -6112.9062
12860.027, -6027.0254
12876.892, -5943.3057
12881.911, -5858.24
12878.17, -5768.2275
12879.324, -5675.9683
12886.572, -5585.4785
12907.432, -5496.395
12940.528, -5411.1143
12967.123, -5351.119
12983.372, -5317.2935
12993.179, -5293.04
13011.779, -5249.933
13044.084, -5187.1675
13086.59, -5126.718
13148.679, -5081.8276
13201.908, -5052.675
13239.356, -5038.8477
13294.738, -5045.3926
13357.254, -5068.586
13427.587, -5109.908
13503.023, -5166.8423
13572.951, -5228.4214
13635.016, -5294.967
13690.902, -5370.2803
13741.762, -5454.6733
13784.981, -5531.6885
13828.469, -5609.0674
13871.484, -5683.988
13920.988, -5760.609
13972.504, -5822.8994
14035.132, -5876.2324
14108.451, -5926.3184
14188.352, -5970.5815
14269.172, -6014.06
14346.711, -6054.791
14422.934, -6105.01
14489.734, -6162.885
14547.992, -6231.1895
14593.461, -6302.583
14634.936, -6384.1655
14662.74, -6468.003
14677.326, -6556.7954
14692.684, -6646.432
14721.299, -6725.4937
14770.934, -6800.1836
14829.877, -6857.38
14900.877, -6900.443
14971.531, -6918.9585
15053.37, -6923.7417
15137.862, -6915.873
15219.967, -6884.7495
15279.385, -6841.348
15324.7, -6788.2554
15365.287, -6719.254
15404.502, -6638.592
15436.764, -6556.459
15458.135, -6474.503
15475.66, -6385.957
15496.104, -6298.411
15523.453, -6210.832
15553.079, -6127.4355
15588.189, -6049.532
15625.778, -5969.1973
15660.81, -5881.46
15676.127, -5797.623
15671.25, -5711.9155
15655.441, -5621.596
15650.057, -5532.943
15663.686, -5444.423
15699.858, -5365.201
15748.541, -5315.7505
15810.061, -5285.3545
15876.406, -5270.6343
15941.779, -5255.3706
16026.931, -5233.6255
16109.928, -5203.4214
16192.945, -5164.957
16253.664, -5133.3184
16285.244, -5114.892
16314.791, -5086.8706
16352.293, -5034.331
16391.354, -4970.4336
16435.234, -4896.6157
16476.883, -4822.67
16532.867, -4752.4688
16582.352, -4704.0864
16617.41, -4670.8877
16667.926, -4626.033
16728.572, -4569.983
16802.19, -4512.834
16879.74, -4472.462
16967.01, -4448.1016
17055.66, -4435.6406
17149.088, -4431.641
17235.41, -4432.7334
17319.672, -4436.6914
17408.79, -4439.0186
17493.842, -4436.9883
17582.762, -4434.681
17671.402, -4436.827
17761.758, -4442.9062
17840.984, -4451.5806
17896.086, -4481.9893
17914.295, -4512.737
17872.143, -4527.9067
17826.016, -4519.024
17763.66, -4509.758
17676.172, -4497.5728
17584.979, -4485.8457
17493.453, -4475.2554
17405.79, -4469.841
17319.895, -4470.538
17231.03, -4469.5415
17148.836, -4456.7603
17093.941, -4435.127
17057.629, -4404.022
17041.72, -4368.9263
17048.836, -4328.1426
17073.568, -4286.7876
17112.043, -4252.9727
17162.594, -4223.739
17234.059, -4202.8647
17331.299, -4189.5107
17443.99, -4187.687
17567.03, -4191.4346
17693.373, -4190.8
17800.973, -4188.4346
17881.37, -4180.216
17929.818, -4157.9873
17941.25, -4126.674
17925.002, -4106.343
17899.102, -4097.587
17865.715, -4097.283
17822.848, -4103.043
17766.625, -4112.724
17690.998, -4130.0903
17581.02, -4150.529
17473.55, -4163.085
17352.191, -4161.5786
17229.172, -4146.722
17105.48, -4115.793
17004.576, -4077.9531
16960.96, -4054.7751
16935.475, -4041.8757
16944.709, -4023.5425
16905.09, -4028.287
16844.717, -4038.9805
16774.895, -4063.0056
16714.648, -4109.556
16689.684, -4162.076
16689.438, -4202.2676
16697.268, -4227.9907
16708.746, -4249.181
16729.121, -4233.715
16762.615, -4199.32
16813.98, -4153.081
16883.469, -4101.4526
16962.371, -4063.6846
17027.375, -4054.6724
17070.566, -4064.0974
17096.752, -4085.186
17108.271, -4115.1885
17109.867, -4150.879
17098.094, -4203.8965
17068.48, -4270.7812
17013.648, -4343.743
16925.98, -4428.174
16833.771, -4506.9766
16743.713, -4585.972
16651.86, -4671.8154
16569.832, -4767.9556
16502.959, -4857.3804
16440.309, -4933.741
16362.704, -5002.0703
16284.453, -5052.6597
16208, -5095.802
16124.805, -5132.6973
16043.248, -5167.516
15959.584, -5201.7427
15886.494, -5235.7583
15811.149, -5279.4053
15747.264, -5337.2812
15707.449, -5405.494
15697.131, -5465.4644
15708.641, -5510.284
15734.41, -5545.948
15778.494, -5575.9966
15825.898, -5598.062
15877.416, -5611.618
15930.559, -5620.554
15980.363, -5626.9473
16037.264, -5637.4033
16106.471, -5650.858
16174.483, -5661.581
16248.764, -5665.1953
16324.379, -5662.0547
16382.596, -5659.132
16415.021, -5657.099
16437.047, -5656.081
16422.518, -5698.2607
16403.115, -5716.6475
16376.635, -5728.7314
16335.184, -5741.5454
16298.74, -5767.7334
16283.391, -5793.0005
16306.978, -5836.6357
16347.504, -5871.536
16400.488, -5921.303
16460.703, -5981.0254
16517.1, -6042.07
16579.42, -6107.4917
16643.887, -6161.6665
16717.863, -6208.796
16793.953, -6250.9155
16871.416, -6302.615
16943.67, -6353.2827
17025.504, -6401.7705
17114.484, -6434.0776
17201.264, -6448.2256
17286.21, -6447.936
17351.053, -6437.256
17415.895, -6428.297
17489.3, -6422.8887
17574.525, -6420.009
17657.338, -6417.52
17737.822, -6414.999
17824.463, -6412.945
17913.094, -6413.086
17991.559, -6405.009
18046.846, -6378.9536
18073.611, -6347.959
18082.766, -6326.242
18093.098, -6304.6772
18079.482, -6268.386
18060.102, -6244.757
18039.213, -6227.119
18020.105, -6216.615
17991.795, -6207.906
17963.07, -6201.9507
17937.621, -6198.733
17916.959, -6197.805
17878.684, -6195.0293
17846.75, -6188.784
17780.887, -6172.7285
17695.832, -6156.6597
17612.076, -6149.7065
17532.414, -6156.2446
17446.904, -6177.8184
17384.807, -6193.7393
17349.8, -6197.4287
17324.863, -6174.353
17314.79, -6152.287
17368.27, -6146.786
17431.154, -6140.3027
17522.13, -6132.9536
17632.834, -6126.794
17736.941, -6118.3784
17848.137, -6112.778
17941.969, -6126.139
18023.66, -6161.1074
18087.943, -6204.873
18146.31, -6269.6562
18175.56, -6321.4805
18187.703, -6352.965
18180.57, -6372.127
18160.744, -6386.8335
18125.078, -6399.4736
18072.527, -6409.3022
18003.502, -6412.919
17897.352, -6410.659
17782.79, -6405.5967
17666.79, -6409.258
17549.977, -6420.2256
17439.002, -6449.1777
17332.787, -6501.551
17265.752, -6554.635
17232.81, -6591.8794
17225.537, -6629.993
17235.957, -6668.7607
17262.54, -6705.3057
17303.883, -6745.952
17355.625, -6800.174
17394.285, -6863.3667
17427.562, -6927.941
17467.357, -6975.3965
17510.63, -6993.1533
17544.879, -6996.2437
17586.44, -6995.0337
17653.078, -6985.963
17734.18, -6975.131
17813.668, -6963.1807
17901.203, -6953.547
17989.803, -6951.3857
18079.48, -6958.1104
18147.93, -6965.71
18183.316, -6967.4976
18212.258, -6991.3154
18235.566, -7035.394
18257.125, -7106.5894
18270.672, -7184.0977
18276.973, -7269.449
18282.842, -7346.2515
18281.691, -7385.76
18277.492, -7408.8564
18276.268, -7433.636
18279.625, -7462.5884
18275.225, -7503.7144
18257.41, -7553.09
18233.086, -7585.428
18198.805, -7610.1294
18144.47, -7637.693
18078.82, -7674.457
18005.586, -7722.7627
17953.02, -7778.2935
17927.719, -7835.175
17924.574, -7884.9746
17934.066, -7919.6143
17955.297, -7951.5293
17991.094, -7986.0664
18027.22, -8018.2227
18053.148, -8043.175
18080.389, -8066.377
18098.133, -8087.0845
18121.127, -8105.908
18144.57, -8131.092
18161.473, -8153.1206
18164.047, -8179.0566
18150.094, -8214.232
18143.207, -8239.076
18158.592, -8281.226
18156.586, -8326.684
18144.174, -8378.002
18113.271, -8430.676
18060.82, -8479.209
17998.598, -8515.534
17934.297, -8535.451
17859.467, -8542.757
17772.781, -8537.772
17683.87, -8524.877
17597.998, -8508.369
17520.275, -8480.369
17461.395, -8445.563
17424.717, -8413.965
17401.799, -8381.148
17378.133, -8329.073
17347.78, -8254.802
17315.031, -8174.6787
17280.281, -8089.101
17249.102, -8008.564
17229.816, -7921.066
17228.482, -7831.874
17250.006, -7759.715
17286.701, -7705.847
17331.418, -7672.7505
17371.533, -7652.2905
17396.219, -7642.0264
17426.355, -7633.9673
17489.326, -7626.048
17563.111, -7613.8345
17642.398, -7585.116
17715.691, -7553.4736
17784.463, -7528.3066
17837.584, -7509.463
17866.607, -7497.2046
17884.023, -7458.8813
17906.645, -7474.259
17951.143, -7483.481
18019.566, -7495.4136
18076.32, -7497.9385
18116.82, -7496.7466
18157.057, -7487.2427
18188.375, -7469.56
18213.361, -7444.7007
18231.316, -7418.9033
18240.826, -7393.7856
18245.863, -7361.697
18249.836, -7332.3564
18254.227, -7306.012
18259.117, -7276.2593
18263.498, -7239.0435
18264.436, -7205.6846
18258.52, -7164.0464
18241.646, -7101.554
18208.75, -7030.291
18163.342, -6962.872
18135.254, -6929.934
18088.459, -6912.935
18030.926, -6920.407
17961.5, -6941.143
17883.922, -6961.942
17796.56, -6984.8076
17708.242, -7003.9727
17624.52, -7013.8354
17536.994, -7017.8213
17451.957, -7016.594
17363.02, -7010.363
17273.623, -7001.681
17184.568, -6992.8105
17124.926, -6989.3574
17092.246, -6987.4688
17067.71, -6966.44
17051.582, -6930.816
17067.09, -6913.505
17091.512, -6922.924
17109.828, -6936.751
17135.932, -6941.4746
17187.275, -6941.5483
17260.797, -6938.5806
17346.393, -6925.2607
17408.629, -6894.9736
17428.016, -6855.6597
17423.39, -6813.9443
17402.973, -6768.118
17373.53, -6720.646
17333.928, -6676.242
17279.166, -6628.4624
17210.746, -6575.3037
17143.523, -6519.8926
17076.58, -6460.464
17007.88, -6409.036
16930.322, -6365.078
16852.285, -6325.8203
16772.805, -6278.9814
16702.607, -6232.4077
16631.385, -6179.768
16562.76, -6116.874
16496.025, -6040.456
16436.967, -5966.4253
16375.485, -5898.7593
16318.762, -5832.2476
16287.453, -5792.664
16269.786, -5764.9155
16268.748, -5721.5938
16288.211, -5678.361
16323.995, -5641.947
16354.041, -5619.9663
16374.496, -5604.5967
16404.24, -5596.052
16463.625, -5585.386
16534.883, -5574.2866
16598.934, -5562.3457
16629.756, -5573.9375
16676.168, -5546.5103
16693.355, -5531.384
16714.846, -5512.812
16702.53, -5548.294
16720.77, -5536.488
16752.639, -5530.3394
16775.71, -5528.2466
16812.941, -5523.721
16871.984, -5515.9844
16935.04, -5512.139
16999.457, -5512.4346
17054.092, -5509.727
17107.973, -5505.8564
17163.344, -5502.106
17208.117, -5501.2754
17262.002, -5505.4424
17321.148, -5511.765
17367.455, -5518.0547
17407.586, -5531.477
17437.832, -5556.049
17459.23, -5589.032
17475.113, -5631.9517
17490.535, -5673.222
17508.92, -5703.8613
17538.08, -5738.2407
17589.627, -5774.949
17656.176, -5805.775
17721.68, -5825.166
17781.463, -5833.6895
17821.412, -5830.682
17854.121, -5825.2773
17875.543, -5820.0493
17900.107, -5808.8276
17938.508, -5786.105
17996.375, -5745.364
18053.906, -5694.9146
18107.744, -5631.2485
18146.465, -5567.0537
18166.254, -5519.9526
18168.764, -5469.051
18158.262, -5394.558
18149.367, -5307.668
18128.535, -5223.2554
18083.6, -5162.0483
18033.867, -5134.5083
17987.895, -5133.371
17945.148, -5149.499
17913.893, -5183.122
17898.137, -5223.711
17888.322, -5276.417
17885.709, -5340.6313
17895.5, -5420.0635
17914.543, -5494.077
17933.531, -5584.34
17930.242, -5674.682
17906.168, -5746.8916
17874.371, -5793.168
17849.76, -5819.316
17825.488, -5829.1865
17799.668, -5824.185
17773.707, -5811.9473
17748.463, -5795.362
17712.242, -5773.0454
17664.113, -5747.761
17601.225, -5716.775
17536.852, -5684.8877
17499.695, -5661.3564
17480.91, -5644.4077
17470.264, -5624.328
17459.814, -5601.3257
17447.652, -5572.103
17426.105, -5562.7896
17394.83, -5554.5464
17370.385, -5547.9956
17339.06, -5541.2354
17295.836, -5536.636
17249.246, -5531.687
17220.469, -5529.448
17192.627, -5527.396
17154.709, -5523.212
17103.25, -5512.996
17054.93, -5507.415
17007.541, -5500.097
16946.906, -5492.0293
16886.297, -5482.1846
16833.611, -5474.8857
16794.4, -5473.436
16755.797, -5472.337
16730.98, -5473.5513
16706.95, -5478.1826
16663.797, -5489.9736
16602.88, -5508.517
16538.965, -5532.2026
16485.877, -5555.134
16454.197, -5571.5327
16423.36, -5587.294
16372.741, -5608.974
16297.87, -5635.494
16226.985, -5663.2188
16149.51, -5698.496
16072.887, -5735.7324
15988.908, -5763.3594
15898.977, -5787.5215
15819.4375, -5823.7754
15749.705, -5877.6504
15690.2295, -5944.393
15637.378, -6031.07
15596.67, -6132.494
15563.398, -6245.8813
15536.956, -6361.166
15510.933, -6483.5186
15491.09, -6599.505
15478.206, -6713.67
15470.549, -6824.6523
15464.158, -6924.85
15459.379, -6997.4834
15457.869, -7036.3027
15457.719, -7056.6167
15442.281, -7090.407
15404.373, -7114.9688
15359.5625, -7122.3945
15312.055, -7115.6035
15263.203, -7099.116
15189.951, -7073.076
15103.533, -7036.3945
14994.987, -6990.9697
14903.244, -6947.9385
14830.633, -6889.0713
14781.645, -6820.113
14754.291, -6750.868
14737.541, -6683.9683
14728.904, -6608.497
14719.072, -6524.011
14704.423, -6433.6777
14677.564, -6348.896
14636.057, -6275.0864
14578.161, -6206.8374
14505.793, -6147.6396
14425.869, -6098.74
14346.463, -6067.698
14258.457, -6043.9106
14170.008, -6026.5425
14078.193, -6020.2793
13999.82, -6033.7017
13940.822, -6063.5317
13904.557, -6106.6685
13884.217, -6157.039
13871.985, -6219.5083
13869.445, -6288.2153
13863.41, -6377.2915
13854.829, -6468.462
13836.343, -6556.6885
13808.406, -6646.585
13772.615, -6729.63
13728.056, -6807.333
13675.005, -6881.6484
13623.428, -6955.198
13584.311, -7030.1523
13561.034, -7110.272
13555.801, -7200.3716
13566.23, -7293.085
13576.346, -7380.697
13565.361, -7458.174
13537.624, -7517.7617
13496.58, -7578.6826
13448.137, -7639.598
13392.2295, -7704.971
13331.379, -7770.1973
13266.444, -7832.3345
13205.723, -7890.759
13148.545, -7952.819
13084.274, -8020.648
13019.077, -8085.7637
12950.417, -8152.797
12893.529, -8216.146
12832.808, -8287.28
12777.028, -8354.303
12717.94, -8422.266
12662.942, -8488.52
12615.173, -8560.124
12566.399, -8631.56
12513.313, -8693.225
12448.191, -8756.512
12382.662, -8816.382
12312.928, -8872.459
12240.58, -8922.45
12157.753, -8975.506
12084.48, -9027.949
12018.63, -9084.359
11957.165, -9148.446
11899.368, -9219.689
11856.869, -9289.481
11820.744, -9366.168
11783.587, -9446.592
11742.878, -9524.258
11696.562, -9601.972
11645.499, -9674.236
11586.557, -9736.764
11514.5, -9797.588
11441.742, -9843.014
11359.29, -9878.455
11269.429, -9898.486
11178.557, -9903.856
11085.313, -9901.289
10988.234, -9901.213
10903.54, -9909.745
10812.296, -9931.015
10722.201, -9967.51
10642.469, -10022.133
10577.379, -10091.916
10520.869, -10170.246
10467.782, -10251.159
10408.623, -10328.826
10337.297, -10392.044
10244.335, -10434.723
10134.037, -10458.928
10016.853, -10472.004
9903.699, -10479.63
9779.408, -10481.139
9656.779, -10483.387
9533.164, -10485.211
9415.058, -10490.68
9292.045, -10495.429
9171.897, -10497.25
9042.9375, -10494.596
8932.017, -10494.388
8801.441, -10496.314
8681.059, -10499.355
8551.07, -10501.846
8435.215, -10511.043
8307.821, -10529.29
8190.504, -10553.037
8072.0195, -10590.942
7972.1387, -10646.922
7890.142, -10726.727
7837.9473, -10811.239
7807.3223, -10894.412
7792.6396, -10942.816
7788.0664, -10973.883
7787.435, -11016.071
7788.814, -11081.488
7788.498, -11161.276
7786.741, -11234.164
7791.317, -11290.694
7796.9204, -11329.02
7792.3145, -11365.327
7779.674, -11405.033
7746.2505, -11463.122
7701.06, -11529.9375
7634.115, -11623.46
7566.4214, -11713.236
7490.2275, -11795.994
7405.9824, -11873.819
7329.753, -11935.984
7273.0566, -11978.24
7242.964, -12000.661
7224.875, -12012.406
7204.4277, -12012.205
7173.5576, -11990.407
7145.1045, -11952.586
7122.9033, -11902.889
7104.082, -11835.615
7079.4106, -11732.508
7053.5996, -11630.804
7020.2236, -11511.576
6981.318, -11399.261
6928.511, -11277.705
6875.1143, -11187.6875
6844.347, -11145.766
6828.09, -11124.713
6808.0234, -11110.266
6767.5693, -11097.348
6704.977, -11070.418
6631.784, -11041.79
6566.7466, -11017.484
6523.0225, -10998.721
6497.921, -10983.745
6487.072, -10963.643
6500.032, -10940.434
6526.6333, -10915.49
6557.873, -10898.758
6594.0376, -10887.851
6633.255, -10881.252
6664.7197, -10876.66
6699.0557, -10876.287
6742.7964, -10878.714
6778.024, -10878.787
6828.1484, -10878.387
6921.1836, -10868.731
7015.884, -10852.545
7094.1294, -10831.161
7176.482, -10803.81
7254.2314, -10776.698
7315.92, -10754.974
7365.1133, -10730.316
7399.5767, -10712.224
7428.4385, -10699.06
7468.5283, -10689.521
7508.7075, -10683.715
7550.4736, -10682.45
7617.7217, -10690.8125
7694.909, -10710.75
7749.535, -10726.903
7780.3877, -10744.115
7792.068, -10787.348
7783.5884, -10836.961
7761.2354, -10880.288
7738.2056, -10915.949
7719.2974, -10944.24
7697.8306, -10996.164
7681.287, -11065.386
7677.0737, -11148.973
7683.6323, -11234.375
7688.377, -11308.669
7695.213, -11356.6045
7699.771, -11406.74
7705.577, -11446.245
7680.9824, -11432.91
7661.1157, -11449.0205
7653.448, -11494.9795
7647.129, -11555.342
7646.397, -11629.781
7656.001, -11715.399
7673.3296, -11802.014
7686.665, -11890.291
7701.014, -11977.246
7721.0093, -12060.667
7738.74, -12147.492
7747.2734, -12229.557
7753.3936, -12319.986
7768.0127, -12403.564
7806.091, -12485.908
7856.9336, -12530.9
7895.9375, -12527.289
7908.324, -12505.884
7905.5, -12474.805
7892.8496, -12442.916
7870.7305, -12405.527
7838.7764, -12358.299
7799.162, -12297.344
7748.974, -12227.053
7698.236, -12164.959
7641.8857, -12097.976
7585.8545, -12028.256
7526.9814, -11961.708
7463.242, -11908.201
7388.3486, -11863.114
7304.0264, -11838.926
7229.36, -11844.182
7184.7666, -11869.791
7163.2607, -11912.156
7156.9746, -11959.32
7159.137, -12019.823
7161.5376, -12083.754
7164.097, -12136.322
7162.249, -12173.141
7158.713, -12196.496
7148.443, -12238.682
7139.8545, -12278.547
7136.2124, -12308.847
7131.334, -12349.462
7122.631, -12410.022
7111.7446, -12459.57
7098.422, -12506.307
7085.567, -12566.757
7073.657, -12640.91
7057.2905, -12724.78
7034.567, -12806.6455
7001.013, -12894.918
6961.668, -12977.426
6913.4497, -13057.963
6867.409, -13126.633
6841.7295, -13160.4
6826.4346, -13177.186
6832.327, -13207.608
6860.211, -13220.865
6894.2046, -13219.168
6932.929, -13210.749
6968.9863, -13200.491
7016.4287, -13190.365
7074.7036, -13186.452
7150.569, -13197.334
7229.2715, -13217.086
7310.1226, -13245.013
7383.5977, -13273.55
7431.167, -13286.451
7482.4663, -13290.764
7538.237, -13296.219
7598.1094, -13304.054
7678.4766, -13314.0625
7752.043, -13330.762
7828.396, -13360.92
7911.9307, -13404.731
7992.931, -13454.402
8066.2227, -13495.273
8129.8105, -13500.225
8164.0894, -13476.906
8169.4287, -13455.809
8154.4287, -13440.818
8127.0596, -13432.464
8091.3945, -13434.58
8047.922, -13445.676
8001.8857, -13465.929
7951.165, -13502.064
7905.4243, -13552.886
7869.132, -13614.737
7844.0527, -13672.708
7825.455, -13726.26
7806.587, -13783.793
7788.3926, -13828.018
7767.8965, -13883.603
7739.3, -13958.641
7705.737, -14041.311
7664.92, -14125.979
7624.8804, -14208.684
7587.92, -14290.655
7552.1797, -14369.276
7512.4077, -14447.268
7472.452, -14524.57
7442.088, -14602
7418.752, -14689.897
7393.403, -14772.706
7373.5254, -14842.292
7361.8125, -14893.347
7357.318, -14919.615
7382.1006, -14916.809
7412.07, -14893.865
7430.7793, -14866.408
7438.458, -14836.669
7433.17, -14801.3955
7421.5093, -14754.788
7412.4316, -14700.956
7421.98, -14642.267
7449.85, -14583.37
7485.955, -14513.8
7527.657, -14436.951
7573.9277, -14363.215
7614.2056, -14296.29
7647.7715, -14224.158
7683.7246, -14143.145
7718.694, -14064.113
7755.4263, -13980.689
7784.977, -13899.723
7806.461, -13817.074
7822.754, -13737.159
7837.583, -13653.497
7841.348, -13565.974
7829.629, -13486.746
7804.0303, -13434.138
7767.409, -13393.786
7710.2876, -13356.619
7647.537, -13330.055
7580.3037, -13313.957
7523.078, -13302.32
7474.9126, -13292.754
7443.622, -13286.092
7418.4023, -13278.591
7385.9033, -13267.928
7348.7803, -13255.8125
7300.561, -13242.279
7240.864, -13227.291
7156.96, -13211.874
7067.394, -13207.005
6979.5776, -13220.261
6895.178, -13250.612
6819.005, -13293.705
6750.681, -13352.816
6688.812, -13434.434
6632.0244, -13523.586
6571.9995, -13620.616
6504.0103, -13721.436
6439.709, -13819.93
6374.2334, -13921.069
6312.827, -14014.879
6242.7744, -14123.482
6182.508, -14229.5205
6128.927, -14337.338
6084.867, -14436.004
6043.879, -14529.614
6017.7534, -14608.966
6003.996, -14674.689
5995.3477, -14747.768
5988.1406, -14835.3
5978.865, -14922.447
5954.661, -14994.854
5914.597, -15038.6
5875.7305, -15050.342
5838.5273, -15039.378
5809.1006, -15010.922
5783.215, -14972.973
5762.4033, -14920.718
5759.816, -14867.635
5773.431, -14805.26
5801.2183, -14738.926
5838.4946, -14672.3
5890.577, -14597.175
5957.0938, -14513.721
6029.3926, -14429.649
6098.5225, -14341.008
6163.1294, -14250.996
6225.5435, -14159.169
6290.1943, -14056.483
6350.8706, -13957.947
6408.378, -13853.562
6463.5645, -13749.055
6529.3535, -13646.762
6598.626, -13551.125
6669.128, -13458.733
6743.4604, -13362.347
6819.1074, -13263.377
6877.089, -13160.558
6907.7676, -13072.242
6922.9946, -13005.746
6941.9756, -12914.696
6969.323, -12806.418
6995.841, -12697.706
7023.599, -12590.979
7048.201, -12495.887
7071.994, -12405.485
7087.049, -12333.862
7100.8545, -12281.71
7106.848, -12250.39
7112.6885, -12221.717
7119.2246, -12190.853
7129.9004, -12161.07
7145.9316, -12132.205
7171.7773, -12099.84
7199.2065, -12071.432
7244.785, -12037.073
7324.0024, -11979.672
7411.6265, -11912.867
7484.991, -11839.687
7560.6167, -11741.402
7629.9004, -11631.49
7682.0903, -11532.298
7717.077, -11441.874
7746.6753, -11354.874
7777.083, -11279.943
7796.873, -11235.03
7806.586, -11212.041
7815.4673, -11193.432
7825.776, -11169.168
7837.1387, -11136.669
7855.627, -11088.1045
7871.607, -11030.506
7891.154, -10961.458
7912.7363, -10880.518
7937.046, -10799.29
7980.998, -10730.018
8044.8623, -10675.443
8112.3237, -10646.326
8171.096, -10643.017
8212.402, -10660.523
8247.125, -10696.474
8277.795, -10741.037
8319.982, -10798.301
8379.883, -10886.221
8435.354, -10984.691
8477.832, -11104.541
8506.071, -11232.523
8520.158, -11365.629
8519.553, -11489.871
8515.686, -11615.508
8522.897, -11736.731
8533.244, -11861.229
8540.992, -11990.61
8542.62, -12106.764
8541.01, -12227.603
8535.158, -12352.93
8530.203, -12476.447
8525.458, -12600.246
8531.553, -12710.966
8553.282, -12801.379
8572.141, -12855.474
8584.243, -12885.799
8610.539, -12862.746
8615.212, -12829.111
8607.917, -12794.506
8600.675, -12754.797
8594.852, -12703.454
8588.669, -12626.913
8581.471, -12531.046
8574.581, -12407.705
8570.023, -12296.278
8568.628, -12173.784
8565.307, -12056.303
8558.203, -11934.52
8549.344, -11815.412
8544.545, -11699.086
8539.073, -11574.294
8539.158, -11457.022
8552.125, -11327.351
8560.547, -11204.221
8565.586, -11092.433
8572.457, -10969.094
8603.959, -10841.722
8660.575, -10739.893
8728.152, -10666.481
8805.911, -10617.955
8881.508, -10596.921
8962.439, -10591.49
9061.877, -10591.179
9132.354, -10591.428
9169.721, -10591.128
9206.645, -10589.431
9253.775, -10574.29
9309.766, -10554.247
9353.799, -10538.34
9374.482, -10530.413
9418.453, -10514.855
9487.7, -10491.542
9588.7705, -10457.001
9712.1875, -10421.234
9822.764, -10400.122
9943.362, -10386.297
10063.682, -10386.471
10161.02, -10410.132
10230.299, -10451.997
10281.633, -10500
10326.159, -10556.777
10362.002, -10624.911
10387.248, -10707.113
10403.897, -10798.133
10415.059, -10886.735
10409.173, -10978.516
10381.946, -11058.947
10339.878, -11110.927
10292.472, -11143.313
10236.338, -11162.351
10150.464, -11177.181
10046.437, -11183.925
9926.668, -11187.1455
9816.433, -11190.242
9690.168, -11187.818
9571.472, -11179.9375
9448.682, -11169.821
9365.912, -11163.744
9322.538, -11162.797
9293.193, -11160.933
9240.705, -11159.562
9168.004, -11155.605
9091.896, -11148.743
9016.089, -11144.646
8928.247, -11138.132
8841.936, -11129.963
8751.426, -11123.104
8680.305, -11119.82
8643.475, -11120.686
8618.878, -11129.081
8626.203, -11157.775
8645.998, -11180.024
8674.507, -11191.795
8707.162, -11190.178
8749.325, -11181.852
8799.135, -11172.076
8866.813, -11161.914
8973.124, -11161.838
9080.207, -11180.769
9185.514, -11224.34
9265.434, -11289.462
9310.393, -11356.554
9337.492, -11424.295
9353.116, -11507.143
9357.689, -11604.639
9355.822, -11713.369
9356.395, -11831.199
9362.748, -11947.294
9369.685, -12081.136
9371.496, -12203.357
9372.977, -12328.715
9380.093, -12445.721
9385.105, -12564.688
9384.694, -12685.522
9381.432, -12806.374
9382.765, -12930.602
9380.521, -13050.913
9372.668, -13169.83
9363.504, -13263.5205
9358.322, -13317.048
9355.881, -13341.568
9379.061, -13311.515
9389.549, -13269.916
9393.148, -13218.557
9394.883, -13145.249
9393.922, -13044.865
9396.889, -12931.104
9400.822, -12807.424
9400.33, -12688.996
9403.782, -12569.633
9411.613, -12456.867
9422.084, -12333.1875
9426.763, -12216.332
9431.984, -12096.064
9438.443, -11977.017
9444.625, -11855.066
9445.667, -11739.49
9448.906, -11618.443
9458.752, -11506.552
9489.119, -11414.006
9536.006, -11342.158
9589.885, -11297.182
9647.986, -11273.964
9717.374, -11263.253
9787.375, -11259.768
9876.164, -11256.446
9976.492, -11257.1875
10071.373, -11265.404
10165.881, -11278.322
10255.123, -11288.408
10337.106, -11311.969
10409.263, -11357.113
10456.464, -11413.938
10481.086, -11469.463
10489.037, -11532.929
10482.434, -11603.863
10470.152, -11701.767
10456.748, -11814.348
10447.92, -11929.303
10441.449, -12048.191
10431.955, -12178.967
10425.442, -12290.643
10427.6875, -12408.847
10433.193, -12529.383
10435.32, -12651.139
10435.869, -12771.045
10440.402, -12890.144
10445.057, -13005.568
10446.143, -13133.507
10445.58, -13243.072
10446.624, -13313.368
10449.212, -13349.832
10450.037, -13378.042
10425.959, -13428.754
10391.4375, -13444.785
10359.259, -13440.017
10337.099, -13417.773
10326.2295, -13380.985
10324.5, -13335.309
10331.16, -13272.488
10343.238, -13187.479
10359.377, -13072.197
10381.12, -12953.788
10410.394, -12837.089
10441.672, -12729.578
10471.799, -12633.201
10507.568, -12550.885
10549.749, -12476.762
10609.17, -12409.968
10674.865, -12366.908
10744.773, -12345.246
10811.179, -12339.323
10890.867, -12333.291
10961.525, -12313.831
11005.02, -12277.54
11030.696, -12227.339
11040.829, -12171.056
11044.658, -12093.525
11039.743, -11995.293
11037.467, -11878.044
11036.42, -11760.52
11045.407, -11634.248
11060.524, -11525.346
11090.801, -11434.509
11144.56, -11350.529
11214.141, -11281.285
11290.965, -11224.443
11374.227, -11184.771
11461.564, -11159.815
11543.03, -11155.821
11615.735, -11171.521
11671.393, -11203.622
11710.962, -11248.801
11739.174, -11308.391
11766.064, -11399.446
11799.002, -11499.728
11846.351, -11600.7705
11919.208, -11679.897
11994.861, -11718.988
12060.215, -11724.647
12109.789, -11707.012
12147.304, -11673.167
12178.574, -11624.407
12205.357, -11563.658
12234.027, -11474.089
12272.795, -11358.025
12333.558, -11258.939
12412.033, -11185.507
12490.466, -11142.698
12566.242, -11124.598
12643.199, -11129.692
12737.6045, -11139.608
12835.31, -11141.67
12954.701, -11135.144
13074.231, -11132.519
13188.246, -11149.742
13292.342, -11192.45
13366.236, -11253.74
13404.939, -11317.791
13439.642, -11393.294
13480.682, -11463.091
13550.526, -11538.278
13629.997, -11586.666
13708.888, -11612.738
13782.169, -11614.625
13841.574, -11592.458
13881.756, -11557.091
13912.299, -11512.0625
13933.074, -11474.157
13942.506, -11450.687
13955.913, -11426.471
13977.385, -11396.39
14024.456, -11340.969
14093.169, -11269.988
14188.389, -11196.147
14297.485, -11146.539
14411.128, -11130.265
14498.432, -11134.418
14577.111, -11136.283
14670.771, -11145.195
14757.095, -11164.129
14837.95, -11201.258
14894.905, -11253.261
14915.961, -11299.31
14910.837, -11338.496
14885.792, -11367.73
14849.075, -11380.479
14810.09, -11380.005
14768.96, -11364.529
14724.571, -11334.923
14678.119, -11291.632
14618.029, -11236.812
14553.902, -11194.806
14477.097, -11171.59
14402.247, -11171.733
14340.953, -11193.121
14296.782, -11228.633
14270.374, -11274.921
14250.123, -11340.843
14228.319, -11430.96
14198.155, -11555.106
14170.264, -11667.539
14146.663, -11782.747
14126.276, -11898.674
14111.477, -12012.646
14122.219, -12111.623
14159.727, -12169.409
14204.129, -12204.122
14260.858, -12226.459
14340.67, -12241.949
14434.651, -12247.076
14556.986, -12249.795
14675.283, -12261.079
14796.642, -12276.318
14921.387, -12290.089
15062.017, -12313.211
15168.787, -12345.749
15252.668, -12397.0205
15308.615, -12460.302
15333.553, -12523.089
15338.095, -12595.832
15328.248, -12668.362
15292.896, -12757.804
15229.098, -12837.965
15157.971, -12887.326
15085.183, -12918.171
14991.521, -12940.76
14900.184, -12947.557
14798.02, -12937.5205
14713.102, -12922.791
14649.477, -12912.719
14609.512, -12905.217
14604.789, -12885.303
14625.247, -12863.732
14656.64, -12856.354
14693.252, -12855.572
14737.666, -12858.471
14801.261, -12863.71
14887.496, -12868.762
15001.099, -12855.93
15108.007, -12821.638
15186.711, -12765.862
15228.152, -12707.889
15240.819, -12650.088
15235.478, -12599.26
15213.413, -12554.46
15179.717, -12514.587
15131.814, -12477.989
15045.773, -12441.171
14948.425, -12418.359
14843.016, -12400.361
14717.518, -12387.3955
14599.41, -12377.498
14473.545, -12375.205
14357.818, -12395.364
14257.75, -12443.919
14190.256, -12504.867
14151.07, -12567.564
14138.053, -12626.581
14123.305, -12698.271
14092.815, -12784.917
14046.515, -12857.604
13999.992, -12903.543
13981.004, -12918.825
13980.819, -12892.899
13988.882, -12851.283
14009.435, -12793.879
14048.855, -12705.973
14092.338, -12604.685
14141.861, -12480.699
14171.866, -12368.996
14174.518, -12248.934
14151.666, -12127.396
14115.043, -12007.15
14062.49, -11884.535
13999.252, -11798.287
13923.807, -11744.199
13850.652, -11720.344
13765.839, -11711.393
13677.626, -11710.105
13569.762, -11715.73
13449.691, -11720.104
13328.404, -11718.053
13206.5205, -11714.95
13080.817, -11718.195
12960.182, -11728.079
12858.017, -11769.02
12792.729, -11830.917
12766.716, -11889.186
12764.401, -11957.109
12780.058, -12039.922
12807.725, -12143.995
12841.886, -12250.7295
12904.991, -12341.239
12969.119, -12387.709
13004.482, -12408.094
13017.852, -12360.164
13009.35, -12315.856
12987.654, -12241.585
12949.982, -12148.361
12911.891, -12037.138
12887.048, -11915.725
12893.402, -11824.674
12914.09, -11775.045
12954.498, -11748.7295
13001.996, -11737.105
13057.503, -11726.541
13139.857, -11706.751
13241.854, -11659.929
13340.488, -11587.865
13395.086, -11518.494
13406.703, -11464.452
13398.328, -11419.405
13373.232, -11376.662
13359.388, -11351.324
13343.699, -11324.779
13329.635, -11275.749
13304.76, -11204.203
13260.426, -11142.864
13208.97, -11110.747
13154.061, -11097.163
13082.524, -11096.766
12995.289, -11103.798
12881.014, -11111.036
12770.311, -11113.453
12652.233, -11118.721
12533.845, -11135.027
12436.525, -11179.286
12382.235, -11230.51
12358.784, -11283.4375
12344.082, -11339.213
12318.399, -11410.917
12269.469, -11495.908
12203.545, -11574.1
12121.524, -11627.09
12043.777, -11646.527
11976.078, -11643.892
11902.508, -11623.047
11831.604, -11577.364
11770.185, -11512.811
11704.744, -11427.739
11623.798, -11337.762
11533.732, -11266.976
11417.977, -11213.656
11298.583, -11183.525
11195.699, -11182.281
11123.398, -11207.299
11077.428, -11246.023
11052.984, -11289.543
11048.073, -11335.811
11050.877, -11398.523
11051.204, -11479.781
11049.699, -11588.726
11043.879, -11706.779
11039.918, -11823.906
11033.064, -11950.836
11022.878, -12089.649
11014.263, -12209.387
11015.537, -12335.674
11020.872, -12454.971
11024.9795, -12577.654
11028.608, -12689.069
11038.198, -12807.684
11049.378, -12929.002
11057.545, -13050.078
11072.869, -13168.117
11111.949, -13274.537
11181.729, -13368.305
11270.295, -13435.019
11353.879, -13471.569
11427.122, -13480.264
11510.629, -13472.117
11585.353, -13441.625
11638.555, -13394.543
11667.403, -13340.057
11679.682, -13282.632
11679.377, -13217.395
11667.968, -13124.769
11645.747, -13015.865
11620.485, -12899.436
11596.546, -12782.937
11585.092, -12661.375
11602.559, -12546.202
11649.023, -12450.588
11703.446, -12393.027
11768.908, -12357.07
11842.678, -12332.49
11940.979, -12316.735
12048.054, -12311.857
12154.974, -12334.738
12232.516, -12377.084
12281.431, -12429.092
12307.567, -12489.268
12319.708, -12564.178
12328.458, -12652.857
12356.062, -12739.908
12402.159, -12805.949
12458.607, -12842.644
12522.41, -12860.547
12590.563, -12860.37
12678.075, -12855.249
12781.98, -12856.221
12901.699, -12860.537
13025.619, -12860.2
13143.849, -12848.64
13260.269, -12820.566
13377.852, -12769.459
13477.3125, -12694.549
13544.15, -12597.245
13586.223, -12487.747
13609.001, -12364.254
13618.728, -12271.229
13620.685, -12224.816
13621.923, -12203.57
13587.033, -12236.962
13573.822, -12273.721
13564.426, -12322.174
13545.391, -12388.297
13517.332, -12479.075
13471.109, -12579.934
13401.165, -12690.274
13306.597, -12792.762
13206.176, -12856.789
13100.101, -12892.983
12993.994, -12911.69
12872.189, -12917.861
12743.049, -12916.492
12618.262, -12917.845
12503.768, -12934.62
12424.637, -12981.521
12386.191, -13033.229
12370.6875, -13088.672
12370.083, -13143.621
12383.904, -13194.665
12418.597, -13263.432
12474.583, -13331.131
12555.185, -13395.365
12633.994, -13432.915
12731.018, -13456.658
12841.262, -13472.412
12965.308, -13485.68
13083.18, -13491.749
13198.126, -13492.37
13326.354, -13490.202
13444.553, -13496.918
13564.076, -13506.009
13686.348, -13511.277
13806.874, -13517.086
13931.531, -13548.135
14035.247, -13606.393
14096.467, -13672.202
14128.8545, -13741.832
14147.319, -13822.941
14169.513, -13908.029
14203.109, -14000.807
14256.332, -14075.137
14320.58, -14116.358
14388.095, -14135.502
14464.861, -14138.342
14559.75, -14134.346
14671.355, -14129.918
14790.903, -14123.379
14906.006, -14108.412
15029.748, -14080.936
15138.532, -14031.108
15221.989, -13960.981
15264.537, -13889.988
15281.108, -13817.955
15283.562, -13737.568
15273.756, -13643.883
15239.056, -13550.733
15181.004, -13478.817
15108.177, -13429.842
15026.027, -13405.739
14945.191, -13405.866
14861.193, -13426.627
14786.97, -13468.783
14751.052, -13514.337
14748.161, -13548.477
14765.041, -13570.923
14796.271, -13585.771
14835.409, -13593.307
14885.732, -13595.873
14969.679, -13593.957
15070.959, -13593.617
15174.863, -13621.7
15242.893, -13668.199
15281.91, -13717.424
15304.088, -13770.047
15309.879, -13833.366
15300.694, -13912.922
15283.81, -14019.354
15268.525, -14127.219
15260.984, -14243.194
15258.286, -14370.177
15251.399, -14485.533
15230.952, -14604.285
15181.364, -14704.339
15112.441, -14769.729
15033.576, -14801.243
14956.0625, -14806.532
14864.027, -14795.141
14790.101, -14769.014
14742.074, -14748.319
14714.445, -14735.0625
14702.859, -14714.904
14728.597, -14688.248
14768.359, -14671.863
14805.9, -14669.302
14854.427, -14670.523
14922.87, -14670.027
15010.337, -14660.138
15101.624, -14622.574
15172.321, -14563.854
15210.801, -14495.882
15220.049, -14441.063
15208.417, -14394.663
15182.589, -14350.172
15144.773, -14305.466
15078.457, -14254.841
14994.537, -14212.924
14888.951, -14185.457
14771.469, -14171.628
14646.628, -14156.929
14526.214, -14137.846
14409.8955, -14117.633
14288.505, -14096.899
14159.168, -14068.588
14049.926, -14049.806
13918.039, -14040.987
13798.365, -14041.263
13675.104, -14044.721
13555.403, -14046.752
13427.739, -14050.817
13307.045, -14054.59
13190.371, -14059.359
13073.385, -14094.646
13002.459, -14153.283
12963.782, -14215.143
12941.786, -14285.631
12929.444, -14372.161
12928.544, -14420.234
12930.024, -14444.804
12955.091, -14490.881
12999.162, -14523.061
13068.313, -14552.072
13156.302, -14576.644
13252.761, -14609.041
13340.672, -14650.192
13413.784, -14704.584
13480.077, -14773.597
13531.803, -14850.946
13571.042, -14931.545
13597.97, -15019.366
13614.357, -15108.382
13624.472, -15192.708
13627.032, -15283.198
13619.439, -15373.844
13604.24, -15464.234
13587.48, -15545.843
13560.43, -15633.496
13523.148, -15720.279
13476.047, -15804.785
13423.957, -15888.592
13359.201, -15959.355
13284.393, -16012.463
13233.201, -16040.416
13207.54, -16051.785
13152.469, -16058.412
13089.416, -16051.431
13014.033, -16042.993
12923.799, -16036
12834.52, -16030.393
12747.448, -16025.588
12661.303, -16011.884
12577.826, -15982.922
12503.759, -15942.767
12423.018, -15881.074
12354.604, -15812.49
12286.908, -15743.525
12226.086, -15675.582
12172.991, -15606.932
12132.617, -15530.552
12094.701, -15450.112
12046.901, -15372.747
11989.459, -15322.898
11927.149, -15300.85
11856.381, -15291.758
11776.185, -15289.607
11700.711, -15289.878
11656.838, -15291.415
11634.835, -15293.178
11638.447, -15256.405
11624.805, -15195.293
11606.655, -15119.627
11586.228, -15033.536
11559.404, -14937.289
11515.771, -14853.102
11452.436, -14787.261
11382.497, -14742.92
11306.186, -14695.997
11240.097, -14645.484
11183.955, -14576.373
11146.785, -14500.891
11129.46, -14424.4795
11136.336, -14357.231
11166.387, -14302.516
11206.699, -14264.089
11261.919, -14238.332
11326.365, -14223.28
11404.07, -14219.82
11496.78, -14224.508
11587.053, -14222.615
11659.177, -14201.209
11694.335, -14167.587
11697.509, -14133.785
11682.197, -14108.951
11654.621, -14096.204
11617.579, -14095.926
11577.038, -14104.207
11525.295, -14123.252
11468.598, -14152.094
11408.327, -14194.855
11351.816, -14240.924
11319.081, -14269.495
11279.1, -14307.614
11229.184, -14365.977
11177.125, -14424.701
11121.967, -14480.625
11052.864, -14536.613
10976.308, -14578.843
10890.176, -14604.328
10802.8125, -14613.062
10708.414, -14609.78
10615.667, -14595.535
10525.802, -14579.158
10444.156, -14571.859
10349.673, -14568.473
10258.16, -14553.768
10178.456, -14523.412
10093.514, -14493.982
10009.783, -14487.298
9946.858, -14503.989
9918.625, -14533.758
9919.155, -14566.049
9939.678, -14587.61
9974.092, -14603.473
10019.55, -14610.767
10072.947, -14611.21
10152.254, -14614.657
10252.533, -14619.559
10371.306, -14626.829
10489.262, -14634.797
10614.484, -14644.764
10697.436, -14651.253
10745.422, -14654.291
10779.156, -14651.352
10827.6045, -14632.855
10892.412, -14600.477
10972.887, -14566.483
11058.041, -14539.818
11144.46, -14529.414
11231.026, -14541.953
11312.721, -14577.253
11395.422, -14612.323
11480.176, -14642.644
11562.467, -14676.2
11644.012, -14725.411
11714.891, -14789.015
11770.7705, -14858.629
11813.053, -14933.785
11845.17, -15015.7295
11872.974, -15102.158
11904.233, -15182.795
11945.277, -15260.23
12002.461, -15319.139
12059.752, -15345.857
12100.567, -15344.516
12122.651, -15330.541
12137.52, -15306.6875
12146.662, -15274.978
12155.809, -15221.285
12168.895, -15150.969
12186.644, -15068.257
12222.747, -14976.36
12268.189, -14901.078
12331.545, -14828.094
12393.939, -14761.375
12458.7, -14688.871
12528.2705, -14626.271
12612.912, -14578.567
12703.912, -14547.145
12795.208, -14533.82
12888.19, -14539.739
12979.533, -14559.361
13069.385, -14585.037
13156.882, -14606.59
13242.67, -14633.428
13319.141, -14667.416
13395.343, -14716.709
13465.079, -14772.973
13529.168, -14840.348
13581.996, -14912.522
13626.21, -14994.152
13665.635, -15074.034
13709.654, -15151.446
13759.921, -15214.787
13824.169, -15258.247
13889.712, -15276.447
13956.145, -15272.492
14032.333, -15268.9375
14105.729, -15282.193
14161.016, -15316.9
14193.8955, -15362.668
14205.859, -15419.542
14198.898, -15480.177
14174.583, -15561.5205
14146.436, -15656.022
14120.906, -15757.312
14097.947, -15872.509
14082.321, -15994.604
14082.264, -16115.349
14099.907, -16229.752
14125.324, -16329.835
14141.8545, -16388.66
14157.699, -16428.102
14199.27, -16458.57
14262.192, -16474.281
14339.596, -16477.867
14440.442, -16476.715
14558.962, -16480.559
14681.999, -16487.855
14803.206, -16501.127
14923.54, -16518.66
15044.5205, -16540.137
15166.867, -16558.082
15288.298, -16569.121
15408.479, -16565.48
15533.123, -16547.535
15641.602, -16508.135
15731.837, -16441.979
15794.966, -16363.678
15835.633, -16280.01
15854.965, -16204.404
15858.506, -16116.626
15855.287, -16028.042
15856.44, -15976.346
15861.08, -15946.191
15887.764, -15918.12
15933.849, -15899.826
15988.955, -15890.477
16063.699, -15890.722
16174.287, -15898.892
16294.032, -15904.951
16414.049, -15908.67
16540.982, -15909.22
16665.38, -15908.081
16785.832, -15902.721
16879.945, -15894.33
16944.475, -15887.5
17030.273, -15865.974
17119.69, -15812.189
17175.965, -15740.289
17205.51, -15656.829
17227.617, -15556.07
17262.123, -15456.939
17309.44, -15386.161
17368.545, -15343
17437.008, -15323.33
17517.57, -15316.277
17615.234, -15315.34
17700.281, -15302.803
17739.018, -15274.201
17741.031, -15242.863
17722.469, -15222.067
17688.969, -15205.723
17642.645, -15191.377
17585.215, -15178.759
17512.727, -15164.139
17464.396, -15152.517
17433.562, -15148.847
17377.293, -15146.414
17308.586, -15141.679
17230.145, -15141.072
17132.979, -15133.556
17057.504, -15109.734
17004.73, -15073.561
16980.611, -15028.763
16968.049, -14972.98
16958.95, -14911.733
16960.734, -14844.488
16987.404, -14765.234
17027.516, -14715.863
17066.008, -14699.708
17100.541, -14705.457
17127.543, -14728.301
17152.023, -14770.767
17168.055, -14825.066
17171.27, -14890.29
17166.758, -14989.89
17161.758, -15099.343
17153.695, -15224.795
17139.45, -15350.621
17115.6, -15471.488
17086.158, -15590.024
17037.113, -15707.342
16964.059, -15799.014
16884.479, -15852.077
16813.832, -15872.179
16751.125, -15868.158
16694.576, -15842.008
16650.814, -15801.223
16613.627, -15754.605
16571.182, -15679.551
16519.336, -15589.79
16450.967, -15484.124
16372.807, -15395.235
16280.133, -15327.378
16172.592, -15270.371
16066.424, -15203.16
15979.707, -15114.385
15918.621, -15010.822
15883.686, -14903.029
15872.621, -14790.807
15872.622, -14675.251
15874.027, -14548.281
15876.123, -14421.621
15880.687, -14294.639
15885.872, -14173.907
15885.014, -14058.13
15882.477, -13935.682
15885.158, -13812.377
15889.762, -13692.226
15892.044, -13616.025
15893.144, -13575.3125
15917.684, -13540.291
15970.379, -13522.675
16056.719, -13507.758
16158.349, -13495.537
16270.523, -13490.023
16355.764, -13488.443
16404.412, -13489.936
16428.117, -13491.356
16428.906, -13517.876
16402.617, -13537.368
16370.543, -13541.35
16336.975, -13534.088
16292.247, -13523.228
16234.449, -13512.02
16172.654, -13509.977
16107.981, -13525.533
16055.229, -13556.965
16010.264, -13605.06
15984.201, -13659.041
15966.21, -13726.349
15953.532, -13806.983
15941.82, -13904.906
15929.072, -14020.123
15922.743, -14133.706
15919.205, -14246.105
15917.241, -14334.752
15921.684, -14437.2
15947.174, -14521.749
15998.461, -14600.334
16057.168, -14651.84
16124.678, -14688.143
16185.9, -14698.594
16244.172, -14687.01
16292.92, -14662.384
16344.014, -14614.32
16377.699, -14558.868
16407.96, -14489.663
16448.768, -14408.48
16506.402, -14337.285
16581.74, -14275.16
16660.258, -14224.635
16742.82, -14185.983
16828.521, -14155.702
16915.746, -14122.111
16982.465, -14074.516
17022.098, -14012.5
17038.309, -13950.16
17040.104, -13884.306
17034.584, -13814.415
17025.758, -13731.334
17018.092, -13624.396
17020.123, -13509.388
17028.773, -13387.819
17029.98, -13268.239
17031.42, -13148.273
17040.883, -13030.008
17058.182, -12914.263
17075.197, -12795.67
17087.846, -12668.665
17094.703, -12543.634
17095.232, -12448.303
17094.443, -12395.489
17073.52, -12362.963
17030.348, -12342.305
16972.402, -12328.07
16891.275, -12317.367
16786.574, -12310.498
16660.266, -12302.982
16542.121, -12296.596
16426.252, -12288.406
16309.283, -12282.819
16188.648, -12285.279
16077.859, -12292.166
15966.979, -12291.005
15875.965, -12287.24
15826.478, -12285.232
15804.51, -12280.021
15801.656, -12252.294
15819.729, -12219.726
15849.418, -12189.283
15884.965, -12148.887
15910.215, -12096.23
15920.098, -12040.813
15916.758, -11979.193
15904.871, -11901.922
15896.021, -11848.898
15889.461, -11820.57
15886.371, -11774.318
15884.43, -11705.338
15885.924, -11618.615
15891.04, -11512.885
15893.787, -11396.713
15901.393, -11280.783
15913.72, -11156.305
15923.846, -11044.302
15924.533, -10928.531
15921.947, -10801.666
15920.725, -10681.567
15922.306, -10560.091
15919.926, -10449.423
15915.201, -10327.289
15909.55, -10207.111
15906.138, -10084.361
15909.021, -9965.037
15942.768, -9843.045
15996.682, -9747.05
16059.954, -9677.322
16133.375, -9625.907
16218.824, -9591.229
16314.902, -9572.319
16422.201, -9563.088
16548.629, -9565.53
16679.59, -9592.918
16793.15, -9641.047
16903.023, -9701.971
17017.51, -9750.883
17147.006, -9796.064
17262.43, -9832.016
17356.287, -9857.626
17439.047, -9869.834
17533.342, -9872.228
17622.398, -9869.3125
17709.281, -9862.67
17783.666, -9854.252
17823.418, -9847.049
17850.168, -9843.078
17838.266, -9871.968
17805.818, -9896.775
17767.945, -9913.605
17712.682, -9925.294
17642.85, -9927.531
17560.783, -9915.117
17472.441, -9893.804
17384.377, -9874.978
17292.777, -9854.92
17194.387, -9831.925
17111.893, -9815.833
17027.887, -9807.858
16939.555, -9806.036
16851.045, -9815.585
16761.957, -9842.484
16693.16, -9882.371
16629.695, -9941.836
16577.148, -10019.48
16531.021, -10091.863
16493.855, -10170.615
16485.65, -10244.163
16498.592, -10316.305
16509.45, -10351.961
16515.941, -10379.447
16518.748, -10414.984
16522.63, -10478.179
16527.344, -10529.035
16530.58, -10557.662
16525.97, -10599.9
16509.004, -10662.871
16496.361, -10742.006
16507.79, -10830.764
16526.023, -10924.05
16545.672, -11022.465
16559.822, -11079.797
16568.926, -11108.172
16580.281, -11141.123
16593.393, -11190.921
16610.066, -11257.385
16616.053, -11339.7705
16603.324, -11428.721
16598.416, -11514.932
16616.469, -11563.567
16648.723, -11575.88
16682.65, -11568.605
16717.379, -11544.174
16751.414, -11503.352
16784.143, -11452.986
16826.047, -11384.145
16876.71, -11312.557
16941.363, -11252.535
17014.816, -11206.279
17097.152, -11171.879
17188.834, -11158.453
17269.71, -11157.959
17359.307, -11159.307
17450.639, -11159.404
17544.041, -11155.087
17624.969, -11148.553
17714.75, -11145.595
17805.695, -11146.154
17893.783, -11149.439
17984.307, -11160.739
18070.06, -11185.73
18148.555, -11229.925
18216.62, -11287.34
18270.252, -11357.316
18307.756, -11438.24
18322.242, -11522.457
18322.781, -11608.023
18314.736, -11703.56
18298.557, -11794.636
18283.24, -11890.379
18275.28, -11983.266
18276.79, -12068.966
18280.383, -12157.924
18270.406, -12245.273
18241.006, -12306.668
18203.396, -12342.301
18163.406, -12358.592
18140.822, -12365.401
18116.883, -12368.59
18093.586, -12366.549
18105.158, -12326.685
18131.004, -12307.633
18158.922, -12297.823
18183.488, -12288.053
18213.002, -12265.861
18237.03, -12231.258
18250.24, -12185.214
18245.709, -12140.296
18222.672, -12109.4
18186.793, -12088.291
18135.059, -12071.873
18063.656, -12057.877
17979.363, -12042.718
17905.738, -12028.201
17839.402, -12000.707
17795.824, -11962.24
17771.504, -11910.711
17762.582, -11852.037
17769.285, -11794.013
17795.53, -11738.083
17833.895, -11702.22
17882.463, -11684.112
17931.957, -11682.441
17983.463, -11694.564
18042.47, -11720.642
18105.3, -11762.898
18169.107, -11829.314
18216.98, -11907.908
18243.762, -11988.359
18255.53, -12077.783
18257.719, -12170.41
18258.662, -12260.085
18263.95, -12348.799
18271.863, -12441.827
18278.53, -12532.781
18284.031, -12621.242
18285.531, -12702.889
18267.92, -12795.286
18231.988, -12877.034
18183.797, -12933.776
18132.693, -12963.111
18077.535, -12971.248
18018.377, -12964.684
17952.586, -12954.965
17884.525, -12948.979
17830.037, -12963.814
17800.457, -12996.177
17795.531, -13031.204
17810.715, -13064.943
17842.63, -13098.845
17880.498, -13135.067
17926.621, -13180.706
17972.693, -13235.844
18020.896, -13307.917
18065.732, -13385.455
18110.867, -13458.9375
18156.176, -13534.972
18194.14, -13616.048
18219.316, -13702.759
18234.266, -13763.777
18244.137, -13799.482
18250.482, -13848.16
18240.3, -13906.267
18205.258, -13967.447
18149.46, -14018.187
18082.662, -14055.435
18009.414, -14076.583
17921.56, -14088.31
17835.494, -14100.162
17764.393, -14131.637
17723.2, -14173.913
17704.752, -14220.794
17697.71, -14276.677
17704.584, -14331.907
17724.607, -14403.8
17759.395, -14475.199
17806.676, -14543.304
17870.75, -14603.482
17943.104, -14643.473
18026.715, -14681.318
18101.445, -14725.082
18174.498, -14795.982
18224.018, -14872.041
18251.809, -14954.638
18259.207, -15041.514
18260.871, -15130.509
18268.014, -15216.086
18273.768, -15305.128
18281.953, -15387.127
18284.637, -15480.445
18282.125, -15567.937
18260.885, -15655.184
18216.691, -15726.483
18163.979, -15773.952
18105.996, -15805.857
18042.062, -15830.048
17963.352, -15852.572
17882.05, -15877.235
17804.32, -15915.326
17740.11, -15969.115
17699.072, -16038.744
17683.982, -16107.898
17679.773, -16180.745
17666.947, -16251.261
17641.973, -16314.775
17600.307, -16365.582
17544.986, -16401.45
17478.438, -16425.975
17395.676, -16448.139
17280.566, -16468.316
17163.629, -16482.684
17040.537, -16489.46
16926.055, -16494.814
16829.902, -16503.305
16735.379, -16518.982
16646.633, -16550.52
16578.934, -16597.926
16539.21, -16656.86
16516.184, -16720.516
16504.32, -16792.67
16491.059, -16871.734
16466.133, -16947.85
16423.396, -17008.594
16372.594, -17048.293
16308.518, -17079.363
16240.021, -17107.383
16159.882, -17141.291
16083.046, -17183.094
16008.379, -17238.299
15949.99, -17304.385
15915.3125, -17378.451
15898.645, -17458.227
15898.768, -17540.006
15917.479, -17617.074
15952.053, -17675.43
16005.259, -17724.484
16064.865, -17758.945
16134.639, -17778.137
16199.76, -17780.541
16275.086, -17771.033
16362.012, -17752.172
16414.451, -17740.549
16439.852, -17736.264
16413.652, -17708.46
16378.951, -17706.51
16342.787, -17709.014
16297.412, -17712.959
16225.074, -17721.94
16138.044, -17734.527
16026.25, -17747.64
15916.308, -17754.57
15797.33, -17748.4
15680.768, -17737.684
15564.027, -17730.225
15473.707, -17725.053
15410.177, -17723.824
15335.702, -17737.164
15282.061, -17770.52
15262.045, -17809.85
15259.69, -17852.316
15269.734, -17900.914
15289.164, -17956.27
15322.6, -18017.768
15377.846, -18089.28
15451.123, -18155.205
15552.034, -18213.316
15652.02, -18251.814
15765.547, -18277.969
15891.104, -18294.33
16008.664, -18304.406
16130.695, -18314.273
16251.041, -18317.361
16372.611, -18317.67
16496.123, -18322.023
16608.418, -18331.111
16743.059, -18336.014
16863.113, -18334.684
16985.693, -18329.74
17098.836, -18322.842
17224.633, -18312.766
17338.234, -18304.213
17444.14, -18301.375
17546.95, -18299.732
17602.5, -18291.896
17628.023, -18291.305
17665.412, -18293.86
17725.238, -18281.953
17769.742, -18249.82
17780.705, -18213.096
17771.275, -18181.908
17746.75, -18152.04
17711.168, -18120.525
17675.275, -18079.625
17658.328, -18031.64
17661.639, -17986.012
17680.453, -17942.426
17710.916, -17893.578
17746.39, -17832.555
17782.25, -17755.672
17793.24, -17677.586
17778, -17624.871
17749.848, -17596.14
17714.703, -17566.453
17687.68, -17528.957
17668.727, -17484.09
17646.523, -17427.434
17615, -17364.498
17566.45, -17313.035
17506.977, -17278.1
17441.598, -17256.81
17376.607, -17240.52
17322.875, -17247.69
17268.441, -17287.516
17226, -17340.535
17187.094, -17409.883
17152.293, -17485.312
17129.82, -17560.715
17120.045, -17649.715
17127.02, -17741.992
17144.035, -17835.64
17163.191, -17925.078
17158.37, -18005.701
17129.494, -18063.28
17088.516, -18109.285
17037.275, -18155.441
16967.77, -18198.924
16885.59, -18238.76
16801.373, -18276.523
16721.68, -18315.48
16641.57, -18353.31
16554.87, -18371.744
16466.973, -18367.352
16363.755, -18346.22
16247.098, -18332.5
16120.041, -18316.281
16008.971, -18298.006
15880.3125, -18279.414
15770.848, -18271.8
15650.263, -18271.297
15522.539, -18275.775
15406.1455, -18280.455
15290.573, -18290.793
15170.968, -18304.22
15054.396, -18314.7
14932.621, -18319.34
14814.754, -18322.396
14693.256, -18320.2
14574.719, -18315.572
14477.41, -18312.535
14399.72, -18309.207
14358.27, -18311.027
14336.91, -18312.324
14277.541, -18306.164
14232.936, -18286.844
14215.625, -18267.793
14210.121, -18223.965
14202.459, -18200.54
14175.18, -18181.916
14135.537, -18184.375
14077.244, -18194.596
14007.184, -18210.576
13924.18, -18228.967
13836.231, -18242.777
13786.175, -18247.928
13757.373, -18249.7
13728.256, -18240.328
13692.915, -18206.086
13660.638, -18153.22
13635.002, -18088.385
13611.05, -17999.857
13593.018, -17913.129
13581.49, -17869.34
13573.846, -17848.012
13558.555, -17824.945
13524.558, -17790.512
13475.884, -17765.367
13415.505, -17750.848
13343.756, -17745.41
13250.507, -17748.168
13167.8125, -17760.21
13117.449, -17772.36
13091.02, -17779.938
13056.594, -17803.633
13028.403, -17851.445
12995.058, -17910.773
12967.492, -17953.531
12948.27, -17974.59
12910.455, -17978.29
12870.09, -17964.2
12837.5625, -17935.79
12802.271, -17898.176
12760.523, -17857.16
12701.342, -17808.879
12629.301, -17770.111
12541.928, -17742.96
12460.884, -17730.19
12416.037, -17727.467
12382.255, -17737.906
12347.645, -17771.326
12321.1455, -17819.703
12307.221, -17877.004
12303.774, -17941.234
12296.054, -18017.773
12269.449, -18105.062
12217.538, -18171.676
12144.961, -18221.297
12063.122, -18252.447
11976.744, -18265.102
11867.264, -18267.613
11751.414, -18265.764
11625.405, -18266.145
11513.17, -18267.762
11389.665, -18268.426
11270.578, -18270.084
11152.768, -18278.955
11026.009, -18291.264
10903.511, -18301.424
10789.132, -18311.994
10726.298, -18319.707
10665.357, -18325.69
10580.149, -18325.947
10463.402, -18321.254
10348.76, -18312.486
10231.932, -18299.133
10112.072, -18260.195
10017.525, -18194.67
9967.328, -18132.816
9944.8125, -18069.008
9948.691, -18014.094
9971.047, -17973.145
10009.41, -17935.598
10055.156, -17904.502
10124.82, -17879.785
10213.535, -17870.232
10290.27, -17886.77
10354.995, -17918.322
10410.426, -17968.943
10461.237, -18032.006
10525.216, -18106.904
10607.521, -18187.035
10701.463, -18249.12
10820.319, -18294.186
10943.021, -18316.17
11071.057, -18326.242
11191.825, -18322.826
11315.68, -18312.48
11438.312, -18306.627
11563.359, -18310.613
11676.372, -18312.514
11800.162, -18314.61
11933.494, -18305.605
12044.435, -18264.383
12117.471, -18210.465
12162.665, -18140.908
12182.616, -18071.223
12188.986, -17987.512
12176.828, -17913.79
12138.259, -17848.316
12082.868, -17802.242
12014.964, -17771.512
11944.929, -17761.594
11854.658, -17765.639
11753.484, -17775.666
11643.274, -17779.027
11516.531, -17769.707
11392.563, -17738.342
11287.633, -17683.555
11218.518, -17619.234
11177.235, -17557.498
11156.013, -17491.012
11154.728, -17417.316
11163.013, -17346.44
11171.355, -17290.25
11186.75, -17244.373
11236.225, -17192.113
11305.7705, -17150.53
11392.902, -17111.865
11489.904, -17062.852
11573.688, -16995.057
11640.633, -16907.629
11678.441, -16807.973
11689.634, -16715.027
11683.454, -16644.723
11677.585, -16599.838
11673.219, -16565.502
11663.067, -16511.26
11650.687, -16457.096
11642.816, -16437.225
11611.273, -16415.605
11568.055, -16404.316
11517.155, -16408.357
11456.913, -16422.365
11382.049, -16445.117
11273.59, -16474.47
11169.191, -16500.775
11043.34, -16518.209
10916.037, -16528.355
10790.258, -16533.37
10668.458, -16533.086
10543.386, -16526.518
10439.156, -16519.797
10386.857, -16518.895
10347.124, -16520.016
10290.17, -16531.523
10217.426, -16559.406
10145.062, -16599.541
10089.239, -16655.719
10052.989, -16721.416
10030.119, -16795.656
10014.589, -16880.576
10007.259, -16964.65
10011.727, -17051.17
10023.449, -17127.334
10037.762, -17181.104
10060.564, -17206.379
10096.743, -17211.11
10144.258, -17201.953
10210.125, -17184.277
10286.491, -17170.799
10379.833, -17166.434
10470.846, -17176.945
10529.627, -17206.938
10513.6045, -17220.004
10467.296, -17211.613
10409.071, -17193.32
10340.237, -17170.168
10258.865, -17141.375
10176.701, -17110.117
10101.822, -17074.668
10023.254, -17032.143
9958.293, -16975.566
9928.186, -16917.057
9926.243, -16866
9940.58, -16817.16
9967.543, -16768.967
10011.22, -16719.352
10074.725, -16662.746
10148.615, -16606.348
10226.252, -16550.314
10289.785, -16494.664
10346.041, -16427.902
10389.705, -16343.281
10415.47, -16248.398
10418.626, -16159.033
10399.068, -16076.686
10361.908, -16014.439
10313.538, -15972.737
10262.221, -15950.652
10202.568, -15929.025
10139.525, -15898.082
10085.094, -15851.866
10038.809, -15787.049
10010.055, -15717.482
9991.891, -15647.325
9972.982, -15565.051
9957.318, -15469.926
9946.506, -15401.621
9937.904, -15363.657
9932.992, -15344.159
9919.549, -15365.187
9907.746, -15410.37
9892.018, -15484.516
9881.065, -15580.863
9880.657, -15688.13
9907.331, -15796.871
9952.25, -15864.516
9993.5205, -15893.285
10038.783, -15910.403
10089.015, -15927.873
10154.721, -15954.07
10246.86, -16001.583
10340.466, -16071.064
10421.133, -16160.316
10484.238, -16263.664
10533.261, -16367.542
10565.777, -16443.654
10582.908, -16485.375
10594.313, -16505.303
10627.732, -16521.426
10679.059, -16526.568
10742.651, -16518.371
10802.787, -16493.998
10855.502, -16453.295
10904.338, -16396.82
10949.794, -16327.452
10985.805, -16248.104
11004.728, -16166.971
11015.46, -16076.985
11025.636, -15981.781
11040.861, -15884.939
11053.576, -15793.421
11071.728, -15700.002
11088.971, -15620.183
11099.144, -15579.072
11104.518, -15556.456
11096.935, -15525.089
11067.35, -15479.221
11019.426, -15440.374
10964.856, -15411.895
10887.313, -15388.135
10805.648, -15371.645
10719.068, -15361.62
10630.3, -15351.572
10571.045, -15341.248
10538.937, -15334.059
10522.266, -15303.988
10543.406, -15276.846
10571.95, -15265.229
10604.854, -15265.014
10645.412, -15273.718
10698.584, -15289.668
10763.472, -15307.375
10864.364, -15329.131
10983.917, -15339.95
11107.994, -15344.517
11227.596, -15339.162
11346.83, -15323.444
11473.675, -15298.392
11580.285, -15267.309
11651.486, -15226.471
11684.334, -15179.313
11692.123, -15133.049
11682.568, -15084.674
11661.385, -15031.227
11629.309, -14979.667
11579.705, -14918.42
11513.397, -14862.928
11433.588, -14811.8125
11355.268, -14777.512
11271.886, -14761.186
11179.955, -14755.338
11087.286, -14750.768
10994.922, -14741.161
10907.95, -14735.411
10816.473, -14729.25
10749.242, -14723.815
10713.358, -14719.137
10689.742, -14714.756
10715.461, -14711.504
10752.748, -14709.351
10792.659, -14711.102
10840.465, -14714.227
10907.406, -14713.398
10989.78, -14713.289
11084.209, -14710.504
11179.434, -14712.651
11271.266, -14731.212
11354.336, -14765.338
11433.596, -14805.764
11514.302, -14847.978
11582.0625, -14897.772
11643.555, -14968.146
11694.209, -15044.182
11743.764, -15120.935
11797.327, -15192.052
11869.189, -15249.989
11939.425, -15286.219
12013.445, -15325.796
12087.617, -15373.193
12148.744, -15433.946
12190.935, -15494.163
12213.87, -15545.564
12229.859, -15592.324
12242.439, -15632.051
12267.185, -15692.329
12308.852, -15763.887
12359.636, -15824.279
12422.875, -15880.718
12498.886, -15933.033
12571.045, -15990.531
12643.705, -16040.748
12724.061, -16087.626
12798.018, -16148.848
12846.3545, -16219.623
12870.997, -16292.736
12878.723, -16363.979
12873.185, -16439.617
12863.457, -16521.8
12854.04, -16612.732
12849.176, -16699.465
12836.38, -16789.168
12810.768, -16869.234
12764.581, -16945.998
12703.451, -17008.027
12639.214, -17044.53
12579.656, -17056.299
12515.029, -17051.14
12418.526, -17036.783
12306.502, -17025.729
12182.775, -17022.14
12057.342, -17024.484
11940.976, -17032.34
11820.585, -17053.652
11702.756, -17083.818
11585.787, -17111.258
11465.617, -17128.152
11384.391, -17136.002
11339.189, -17140.818
11315.086, -17143.549
11336.602, -17103.29
11371.531, -17087.875
11407.023, -17082.77
11448, -17080.855
11498.144, -17083.309
11572.75, -17091.1
11677.745, -17101.602
11780.62, -17103.9
11906.359, -17101.64
12033.749, -17096.746
12155.896, -17090.533
12273.052, -17077.852
12395.647, -17066.92
12515.835, -17067.979
12636.617, -17078.545
12743.67, -17087.527
12843.125, -17095.598
12939.969, -17103.674
13055.888, -17111.586
13168.678, -17113.197
13285.986, -17110.756
13410.881, -17106.604
13533.864, -17108.506
13651.724, -17113.113
13767.749, -17129.875
13867.044, -17168.502
13933.94, -17219.516
13979.493, -17276.615
14007.488, -17341.525
14022.406, -17411.096
14040.019, -17491.457
14066.072, -17566.43
14111.627, -17633.379
14177.367, -17691.984
14253.52, -17735.227
14341.594, -17763.53
14444.785, -17771.746
14562.428, -17768.191
14680.986, -17759.525
14804.664, -17760.912
14930.269, -17764.117
15053.004, -17765.03
15173.021, -17767.217
15298.925, -17775.176
15384.957, -17781.969
15425.952, -17782.988
15446.925, -17783.934
15459.988, -17820.203
15439.271, -17853.168
15416.531, -17887.293
15395.824, -17935.96
15377.809, -18001.365
15362.701, -18065.496
15353.099, -18101.021
15344.929, -18130.152
15382.35, -18107.904
15395.16, -18080.225
15401.627, -18054.043
15416.778, -18011.752
15445.829, -17959.645
15472.1045, -17912.834
15523.36, -17866.5
15589.913, -17833.11
15678.523, -17809.084
15768.186, -17787.16
15849.373, -17747.557
15906.529, -17693.543
15936.184, -17634.305
15944.988, -17579.316
15938.154, -17522.75
15918.621, -17458.074
15887.202, -17393.453
15836.732, -17340.268
15782.023, -17309.816
15740.745, -17296.088
15718.578, -17290.578
15692.23, -17287.898
15673.534, -17269.16
15632.625, -17237.365
15586.727, -17211.441
15520.252, -17177.11
15440.536, -17146.379
15351.553, -17122.95
15265.738, -17114.186
15178.624, -17113.61
15087.348, -17107.432
14996.36, -17080.85
14912.758, -17035.707
14842.537, -16972.693
14795.8125, -16897.959
14768.044, -16815.54
14752.674, -16732.555
14742.813, -16680.637
14735.766, -16651.861
14728.4375, -16629.398
14704.115, -16603.607
14665.749, -16590.338
14619.038, -16588.975
14572.574, -16593.47
14547.973, -16596.629
14526.162, -16592.982
14490.807, -16578.492
14433.668, -16545.309
14375.314, -16497.355
14310.361, -16442.004
14246.184, -16376.2
14192.062, -16297.975
14152.938, -16210.748
14127.521, -16132.375
14113.789, -16092.481
14107.542, -16063.234
14099.137, -16012.07
14092.19, -15937.941
14090.878, -15859.257
14089.539, -15777.357
14093.925, -15695.07
14113.934, -15612.393
14156.554, -15533.091
14215.502, -15466.247
14283.611, -15416.16
14356.253, -15386.548
14438.562, -15371.208
14524.299, -15363.996
14610.382, -15361.27
14700.824, -15359.965
14793.576, -15362.462
14889.12, -15366.035
14988.186, -15372.465
15080.887, -15392.453
15161.383, -15436.282
15218.515, -15495.885
15250.461, -15556.305
15264.036, -15617.134
15265.6455, -15690.401
15260.297, -15771.572
15257.031, -15831.123
15254.762, -15861.902
15231.805, -15893.008
15186.788, -15926.174
15126.669, -15947.75
15058.555, -15955.078
14980.147, -15956.453
14898.674, -15950.24
14812.869, -15937.27
14724.075, -15917.334
14652.51, -15894.429
14621.043, -15873.879
14617.947, -15850.205
14624.373, -15829.114
14639.998, -15810.596
14682.662, -15802.797
14737.319, -15801.088
14805.184, -15803.105
14889.816, -15809.596
14977.359, -15816.396
15069.714, -15817.159
15147.632, -15802.529
15220.441, -15763.959
15275.371, -15708.2705
15307.493, -15646.14
15317.996, -15587.607
15305.294, -15542.068
15275.529, -15504.331
15234.69, -15473.905
15174.246, -15446.961
15100.4, -15425.383
15001.175, -15405.858
14877.375, -15386.571
14766.56, -15368.074
14639.171, -15346.006
14523.127, -15333.211
14397.626, -15324.681
14315.343, -15320.291
14273.056, -15315.371
14244.095, -15325.379
14220.744, -15363.461
14203.812, -15418.449
14191.58, -15488.836
14175.87, -15596.861
14160.689, -15701.336
14149.22, -15827.125
14140.383, -15944.145
14130.903, -16062.237
14122.822, -16182.916
14120.845, -16270.461
14121.298, -16316.415
14120.803, -16340.652
14127.1875, -16368.019
14162.646, -16404.412
14225.987, -16448.488
14302.836, -16482.09
14387.754, -16511.89
14465.047, -16543.08
14543.751, -16586.143
14614.439, -16643.342
14676.286, -16715.191
14730.113, -16787.959
14788.598, -16863.666
14850.941, -16927.2
14923.801, -16971.191
15010.419, -16999.354
15099.248, -17015.73
15194.787, -17027.652
15289.261, -17033.713
15381.498, -17043.27
15473.083, -17070.379
15561.826, -17118.186
15634.758, -17170.38
15700.868, -17235.318
15755.966, -17312.375
15794.954, -17403.018
15828.529, -17493.201
15862.875, -17570.785
15890.303, -17633.01
15905.791, -17668.77
15912.73, -17687.842
15890.424, -17691.824
15864.174, -17672.531
15848.531, -17644.05
15844.865, -17615.139
15847.576, -17580.457
15860.103, -17536.838
15880.68, -17487.482
15921.363, -17419.928
15981.112, -17342.633
16069.789, -17263.223
16174.599, -17191.184
16277.195, -17123.531
16365.117, -17045.246
16424.584, -16945.377
16449.627, -16851.53
16469.988, -16751.012
16504.361, -16657.06
16554.477, -16588.123
16615.312, -16551.938
16691.934, -16527.947
16778.184, -16510.588
16889.934, -16499.875
17007.207, -16500.318
17130.926, -16502.322
17248.121, -16494.932
17366.092, -16468.201
17485.11, -16416.406
17591.996, -16345.34
17662.37, -16265.196
17698.658, -16180.445
17719.91, -16091.646
17755.008, -15995.234
17801.797, -15923.268
17857.074, -15876.971
17929.352, -15848.141
18017.328, -15823.404
18114.059, -15789.464
18215.902, -15734.422
18306.664, -15649.778
18360.658, -15553.158
18384.523, -15473.914
18385.945, -15404.238
18366.275, -15309.237
18339.014, -15199.965
18304.99, -15085.112
18261.988, -14976.652
18210.91, -14876.369
18142.713, -14777.938
18050.445, -14683.326
17961.531, -14606.373
17878.79, -14526.208
17808.322, -14431.963
17772.336, -14337.331
17766.732, -14268.467
17780.809, -14220.612
17811.84, -14186.953
17857.506, -14157.27
17914.176, -14123.984
17974.623, -14086.352
18040.855, -14031.923
18087.984, -13964.875
18123.555, -13883.816
18144.252, -13797.164
18153.605, -13704.023
18157.652, -13608.77
18167.793, -13510.614
18179.719, -13404.49
18197.662, -13290.223
18220.445, -13183.184
18254.527, -13059.22
18285.207, -12936.84
18302.223, -12821.53
18300.242, -12695.1875
18283.402, -12568.432
18271.447, -12441.107
18268.984, -12309.51
18281.977, -12183.6045
18307.496, -12058.856
18327.23, -11939.725
18338.164, -11827.115
18342.057, -11706.971
18336.824, -11582.554
18322.137, -11465.086
18292.531, -11352.797
18236.275, -11248.568
18163.783, -11174.621
18090.27, -11123.761
18011.25, -11089.365
17910.754, -11060.731
17796.412, -11047.9375
17670.527, -11049.721
17554.281, -11064.676
17434.69, -11085.517
17313.375, -11105.551
17191.594, -11118.742
17069.191, -11125.869
16946.773, -11097.077
16864.885, -11048.308
16801.58, -10989.75
16748.277, -10919.945
16696.662, -10833.271
16647.06, -10728.696
16599.686, -10618.791
16546.883, -10504.408
16500.895, -10393.361
16464.395, -10277.617
16432.928, -10160.604
16389.648, -10047.75
16330.994, -9943.656
16294.143, -9886.758
16274.261, -9853.023
16239.309, -9828.061
16190.225, -9828.29
16128.212, -9843.195
16054.342, -9868.409
15957.209, -9898.951
15866.384, -9922.577
15770.164, -9938.098
15674.086, -9942.654
15570.875, -9944.02
15482.562, -9959.804
15410.561, -10002.568
15373.748, -10052.898
15363.92, -10103.574
15372.426, -10149.484
15394.232, -10192.36
15428.225, -10245.144
15473.64, -10303.975
15536.891, -10366.124
15604.908, -10417.345
15683.908, -10471.02
15772.23, -10537.969
15845.723, -10618.185
15910.221, -10728.462
15952.01, -10846.361
15971.736, -10968.703
15971.724, -11099.301
15957.343, -11223.844
15946.538, -11349.711
15940.408, -11483.227
15930.205, -11611.054
15917.344, -11733.282
15910.074, -11852.117
15907.948, -11958.377
15904.512, -12008.114
15901.207, -12037.204
15899.08, -12059.876
15888.018, -12039.383
15877.701, -12016.105
15872.585, -11992.264
15872.354, -11958.015
15877.305, -11895.724
15886.365, -11810.787
15897.593, -11696.572
15906.309, -11570.935
15914.987, -11457.109
15917.88, -11336.337
15908.1455, -11212.619
15898.328, -11090.768
15895.14, -10969.408
15890.458, -10855.365
15865.807, -10744.801
15812.464, -10637.116
15737.971, -10550.732
15654.264, -10490.191
15567.929, -10449.615
15462.545, -10410.51
15378.965, -10376.026
15329.539, -10351.371
15302.509, -10334.021
15273.863, -10292.195
15249.186, -10224.877
15226.797, -10146.205
15199.094, -10057.859
15155.45, -9980.274
15098.2295, -9940.34
15048.07, -9933.6045
15003.21, -9945.03
14943.219, -9968.624
14869.656, -10000.739
14767.037, -10042.326
14659.117, -10080.301
14542.127, -10108.957
14423.524, -10130.835
14290.618, -10148.904
14168.701, -10157.69
14043.522, -10158.873
13922.742, -10157.781
13798.59, -10159.191
13670.127, -10159.245
13546.848, -10150.094
13428.255, -10133.28
13310.299, -10109.943
13185.656, -10068.585
13083.05, -10004.326
13004.044, -9930.022
12932.489, -9839.158
12876.403, -9737.633
12835.196, -9633.264
12800.64, -9516.637
12782.815, -9387.801
12793.645, -9271.614
12828.408, -9177.541
12871.738, -9110.678
12931.555, -9061.287
13001.554, -9032.639
13090.201, -9011.904
13192.275, -8987.3
13298.678, -8958.262
13415.121, -8932.406
13534.453, -8914.928
13651.017, -8903.386
13774.359, -8899.477
13896.225, -8903.605
14026.811, -8923.133
14150.301, -8955.798
14260.501, -8989.461
14372.804, -9025.629
14492.55, -9067.706
14596.534, -9115.718
14704.127, -9180.175
14789.868, -9268.699
14836.866, -9370.394
14849.807, -9460.921
14837.189, -9530.884
14808.656, -9574.957
14767.49, -9600.724
14714.209, -9614.889
14658.408, -9628.68
14566.186, -9640.9
14454.06, -9638.715
14330.062, -9616.734
14202.804, -9583.252
14080.436, -9557.096
13960.861, -9533.728
13838.141, -9510.708
13717.637, -9494.994
13592.51, -9493.217
13472.683, -9505.18
13357.215, -9521.932
13230.23, -9549.234
13124.929, -9585.351
13013.216, -9635.861
12902.457, -9688.006
12788.301, -9732.805
12675.409, -9777.027
12558.1, -9816.424
12441.013, -9846.778
12329.176, -9865.661
12210.309, -9881.318
12078.544, -9891.539
11956.736, -9890.773
11833.458, -9887.388
11720.693, -9890.463
11599.737, -9898.42
11481.109, -9907.689
11367.246, -9910.815
11291.195, -9909.929
11252.076, -9908.356
11226.322, -9898.003
11234.543, -9874.051
11259.234, -9852.136
11288.674, -9846.385
11324.2705, -9848.425
11370.838, -9851.721
11422.182, -9851.951
11474.964, -9839.829
11521.43, -9809.162
11555.242, -9766.744
11601.2705, -9708.177
11659.535, -9631.512
11734.062, -9539.795
11812.809, -9445.837
11880.702, -9357.361
11959.752, -9259.84
12037.487, -9176.545
12125.949, -9093.153
12212.255, -9009.312
12299.016, -8924.623
12387.475, -8840.141
12479.166, -8750.876
12559.583, -8663.679
12641.529, -8573.162
12730.443, -8481.945
12815.427, -8398.233
12893.528, -8311.01
12973.494, -8219.69
13053.744, -8130.8877
13134.822, -8042.45
13207.999, -7952.793
13285.682, -7854.2793
13357.516, -7760.1943
13425.303, -7658.156
13473.169, -7555.8506
13500.824, -7439.792
13510.398, -7317.3125
13513.793, -7211.6846
13519.975, -7126.498
13520.503, -7084.875
13522.121, -7051.365
13550.66, -7005.5957
13589.007, -6966.35
13623.915, -6928.817
13648.481, -6895.8955
13670.039, -6858.7793
13700.848, -6795.3203
13745.406, -6697.6104
13790.244, -6594.1514
13824.989, -6495.983
13854.732, -6384.122
13879.7295, -6256.8945
13894.676, -6139.009
13895.334, -6013.9985
13884.982, -5899.9736
13873.314, -5775.8696
13858.565, -5655.5576
13830.684, -5541.8096
13779.046, -5424.846
13713.8125, -5331.494
13661.227, -5273.033
13600.539, -5229.7993
13514.858, -5184.4043
13410.955, -5139.269
13287.434, -5099.185
13175.618, -5091.9043
13084.453, -5113.9834
13029.537, -5132.9707
12990.977, -5152.236
12958.3955, -5188.39
12935.48, -5238.9077
12925.002, -5307.246
12918.342, -5391.76
12910.827, -5513.5156
12903.435, -5629.754
12895.354, -5753.9365
12881.955, -5870.106
12858.582, -5977.9785
12821.553, -6071.875
12776.958, -6148.413
12727.775, -6216.6304
12663.449, -6276.887
12586.652, -6321.303
12505.41, -6355.169
12405.674, -6382.0557
12320.007, -6391.46
12228.211, -6392.473
12137.252, -6389.6626
12047.488, -6380.0312
11959.279, -6364.968
11868.102, -6346.812
11782.8, -6334.332
11694.65, -6323.292
11608.377, -6313.423
11519.387, -6299.9556
11433.787, -6287.8574
11356.108, -6280.741
11277.956, -6273.7354
11227.551, -6269.2217
11190.182, -6274.9375
11148.217, -6305.593
11118.157, -6355.197
11099.125, -6420.1123
11088.712, -6496.616
11087.413, -6593.899
11092.883, -6672.3154
11101.053, -6759.2495
11108.218, -6846.7734
11110.127, -6935.0576
11112.436, -7022.2036
11118.676, -7108.132
11123.085, -7191.4873
11123.768, -7279.427
11121.823, -7369.1055
11115.023, -7456.002
11089.997, -7544.579
11045.134, -7627.7334
10980.655, -7700.0605
10905.313, -7763.171
10823.992, -7817.829
10738.8125, -7869.491
10658.677, -7917.729
10602.617, -7958.541
10569.5, -8019.16
10550.139, -8090.422
10528.2705, -8173.12
10505.337, -8257.596
10490.496, -8328.7
10484.057, -8366.496
10479.876, -8391.143
10472.407, -8421.487
10457.497, -8476.496
10444.462, -8573.592
10445.493, -8679.321
10454.509, -8794.591
10464.868, -8918.57
10472.958, -9038.034
10481.246, -9162.3125
10489.14, -9283.416
10492.054, -9399.48
10494.298, -9517.266
10495.546, -9641.04
10495.05, -9768.653
10489.174, -9891.946
10483.742, -10016.504
10479.147, -10134.848
10470.786, -10231.13
10461.657, -10281.833
10447.662, -10314.202
10417.492, -10339.696
10401.049, -10354.008
10385.489, -10337.164
10384.531, -10300.137
10391.457, -10258.653
10398.318, -10204.544
10400.509, -10134.985
10407.159, -10037.591
10414.013, -9918.577
10422.366, -9800.303
10428.898, -9719.769
10430.797, -9672.675
10431.656, -9648.95
10446.573, -9631.585
10480.206, -9637.195
10515.3545, -9658.947
10549.547, -9688.186
10594.119, -9731.584
10644.721, -9787.686
10701.617, -9849.394
10776.703, -9902.718
10855.978, -9927.465
10935.182, -9927.027
10988.482, -9919.856
11013.004, -9916.497
10998.231, -9872.571
10966.105, -9860.248
10927.604, -9855.47
10883.114, -9851.535
10823.5205, -9842.253
10760.686, -9824.068
10694.638, -9790.795
10633.739, -9743.703
10576.075, -9678.028
10528.604, -9601.974
10495.317, -9522.471
10476.09, -9432.144
10467.551, -9340.828
10468.793, -9249.07
10476.532, -9153.486
10481.832, -9064.52
10486.963, -8976.41
10492.789, -8878.527
10493.426, -8784.604
10485.42, -8694.207
10475.83, -8596.55
10473.556, -8526.412
10470.553, -8440.561
10466.014, -8383.233
10461.799, -8358.733
10444.788, -8314.195
10415.762, -8256.314
10372.279, -8201.726
10305.094, -8152.2305
10229.432, -8117.838
10144.073, -8098.116
10048.396, -8086.4287
9955.5625, -8083.214
9860.196, -8091.0547
9764.218, -8101.4844
9669.6045, -8107.335
9567.527, -8109.6797
9476.137, -8111.339
9380.842, -8112.498
9288.236, -8109.546
9198.023, -8104.0566
9112.216, -8101.1772
9028.198, -8096.125
8941.338, -8086.355
8854.276, -8067.513
8769.14, -8044.003
8688.291, -8023.2427
8607.436, -8000.9233
8530.042, -7971.5444
8449.773, -7937.0713
8371.104, -7908.0757
8289.404, -7877.223
8211.181, -7843.794
8125.5767, -7801.919
8059.217, -7769.9604
7997.1875, -7736.144
7932.6514, -7690.521
7863.322, -7635.138
7792.0864, -7577.4263
7726.43, -7525.7456
7657.5166, -7460.4736
7609.2534, -7386.4844
7586.8643, -7341.288
7583.3477, -7308.4736
7595.676, -7263.786
7622.312, -7196.2583
7653.2456, -7105.26
7687.7812, -6985.259
7707.6484, -6864.4346
7714.686, -6745.6724
7724.3403, -6619.2085
7739.7446, -6499.2695
7760.2656, -6379.342
7776.538, -6262.375
7792.5977, -6144.9077
7806.698, -6042.3804
7819.038, -5956.129
7825.146, -5904.1025
7826.9863, -5878.365
7839.9824, -5893.742
7845.067, -5926.304
7841.945, -5960.1836
7833.847, -5998.145
7819.5366, -6053.2354
7799.662, -6123.9727
7774.963, -6215.579
7760.4434, -6274.531
7753.568, -6350.8994
7744.538, -6459.563
7733.4053, -6572.029
7720.3433, -6691.8647
7709.912, -6807.493
7699.764, -6927.445
7687.0957, -7045.2334
7662.91, -7164.649
7634.4917, -7269.9556
7615.145, -7343.9834
7605.919, -7399.375
7607.4644, -7449.9277
7619.721, -7483.9136
7647.927, -7519.337
7690.755, -7560.909
7754.5347, -7608.38
7838.9375, -7665.2363
7926.3906, -7720.876
8016.6396, -7772.7007
8119.067, -7824.532
8219.324, -7869.9336
8342.57, -7920.704
8460.303, -7961.875
8576.195, -7995.29
8688.947, -8024.936
8802.391, -8057.2593
8884.82, -8080.5537
8922.032, -8089.578
8945.998, -8095.7954
8978.033, -8101.576
9043.909, -8113.9966
9116.993, -8128.408
9197.418, -8140.6646
9283.349, -8151.007
9370.614, -8157.829
9461.681, -8160.825
9553.137, -8152.809
9629.332, -8136.7734
9720.495, -8118.6055
9810.509, -8107.202
9899.532, -8098.1416
9985.72, -8088.6016
10079.009, -8080.4746
10170.626, -8073.7256
10267.301, -8064.8145
10355.105, -8049.2773
10447.042, -8026.28
10533.476, -7995.6797
10622.898, -7957.5156
10701.359, -7916.5503
10778.804, -7871.3667
10861.046, -7820.926
10942.579, -7771.422
11016.213, -7717.8447
11076.138, -7652.291
11120.678, -7569.52
11148.218, -7474.0522
11159.359, -7360.374
11152.209, -7252.5693
11139.953, -7130.3086
11135.193, -7002.5366
11134.85, -6886.8584
11132.073, -6799.9224
11128.225, -6707.8076
11125.912, -6616.9116
11124.237, -6518.6406
11120.956, -6452.343
11118.173, -6419.05
11109.1045, -6398.5747
11070.971, -6370.6323
11015.528, -6347.109
10944.9, -6328.201
10870.714, -6317.3774
10781.727, -6306.7056
10694.652, -6291.493
10608.085, -6261.655
10531.5, -6227.23
10481.738, -6206.672
10443.385, -6190.0938
10394.211, -6160.8467
10329.546, -6119.1216
10263.684, -6071.897
10195.353, -6022.2305
10125.862, -5962.0776
10065.906, -5898.9814
10009.303, -5835.2344
9950.65, -5773.3877
9892.942, -5709.2827
9840.284, -5646.254
9791.295, -5572.4478
9752.026, -5487.6465
9734.613, -5394.459
9742.851, -5303.697
9773.753, -5221.603
9819.102, -5147.893
9867.156, -5077.353
9917.029, -5003.7456
9972.741, -4930.158
10027.135, -4860.2363
10074.601, -4789.853
10116.883, -4710.631
10149.005, -4634.202
10173.003, -4545.786
10183.62, -4475.4688
10187.154, -4438.9893
10187.881, -4417.172
10178.205, -4373.2754
10162.348, -4294.673
10151.184, -4185.6094
10147.71, -4074.0232
10151.564, -3956.236
10163.076, -3840.726
10182.537, -3713.9614
10200.958, -3596.387
10214.432, -3477.6643
10227.988, -3353.2595
10240.215, -3236.973
10250.707, -3119.625
10252.725, -3000.7031
10250.271, -2882.0835
10252.265, -2759.646
10257.92, -2641.2126
10261.624, -2520.3413
10271.585, -2391.3445
10288.957, -2269.9348
10308.682, -2152.6184
10324.503, -2034.6963
10337.707, -1928.565
10350.494, -1841.3284
10359.18, -1767.0796
10361.283, -1711.6918
10361.169, -1672.8602
10361.648, -1645.5122
10361.704, -1614.7954
10363.039, -1565.3328
10366.832, -1495.2234
10376.387, -1405.6436
10395.785, -1324.9468
10418.631, -1277.5276
10443.662, -1248.6447
10488.643, -1216.6793
10556.268, -1178.5986
10623.723, -1148.4004
10691.294, -1126.1196
10744.077, -1112.4269
10798.783, -1104.8441
10865.832, -1101.4565
10940.847, -1100.157
11027.955, -1099.2698
11115.419, -1091.5941
11188.823, -1073.1743
11263.253, -1047.561
11340.522, -1017.08484
11410.057, -987.44476
11481.02, -948.96
11559.844, -907.835
11637.544, -866.09186
11714.811, -819.5089
11782.937, -760.2349
11824.725, -689.6964
11844.48, -610.6616
11842.209, -536.5029
11822.733, -480.1131
11788.826, -439.58868
11739.787, -400.413
11684.253, -355.72507
11612.553, -299.88037
11536.432, -254.19745
11451.026, -231.96046
11358.609, -228.32285
11277.643, -223.8169
11214.959, -215.93701
11176.969, -213.55576
11124.705, -209.20923
11049.978, -197.57278
10956.729, -184.39706
10873.9375, -176.69772
10808.809, -176.1488
10757.684, -174.89844
10724.377, -173.9576
10693.455, -171.84355
10670.769, -170.67044
10647.73, -168.39395
10620.0625, -165.73138
10592.846, -161.61557
10557.963, -150.66689
10511.117, -151.07245
10444.505, -164.0974
10363.741, -186.18326
10282.176, -204.0939
10210.752, -211.09138
10153.787, -210.65854
10114.639, -208.9583
10092.652, -206.22737
10068.359, -199.15204
10044.782, -191.8132
10016.144, -186.76451
9961.442, -175.48956
9886.904, -162.27994
9811.521, -152.98903
9727.97, -145.81604
9640.41, -143.95361
9556.897, -149.32622
9471.116, -155.86497
9404.166, -158.16876
9359.402, -160.54626
9327.758, -161.41939
9289.708, -163.42084
9255.905, -164.43146
9207.268, -165.29004
9139.593, -167.38434
9084.455, -168.7245
9046.13, -172.83093
9020.433, -175.37611
8998.733, -180.14261
8973.19, -188.15994
8939.667, -198.68546
8909.721, -208.81494
8868.127, -221.22694
8807.221, -233.8904
8733.859, -245.4375
8654.108, -256.1128
8564.371, -263.93796
8471.039, -271.87643
8383.882, -288.55493
8296.069, -311.8446
8242.943, -324.67703
8213.736, -328.68344
8182.3496, -348.4445
8163.9155, -392.2194
8156.079, -439.71786
8157.4033, -482.1449
8161.802, -529.66797
8164.579, -574.82336
8166.5234, -620.17786
8159.6445, -693.4836
8145.599, -774.1189
8120.6094, -861.6735
8092.1543, -943.9028
8077.0586, -991.1422
8068.199, -1016.19995
8045.5684, -1033.2336
8002.1494, -1045.8447
7944.4736, -1051.4658
7874.4404, -1050.7062
7802.3867, -1036.25
7740.832, -1001.4428
7702.4883, -955.89954
7684.6323, -904.3631
7680.1733, -847.471
7685.1963, -782.80566
7699.1084, -713.6397
7718.7104, -632.8104
7737.5737, -533.95074
7734.4595, -446.36737
7705.56, -360.03088
7678.4883, -304.09436
7643.3267, -272.7775
7597.1123, -261.6085
7547.192, -273.25403
7506.521, -302.08597
7483.0986, -340.05942
7476.437, -387.56845
7484.2065, -443.28094
7507.301, -498.23608
7533.7993, -549.47485
7537.4355, -571.0491
7535.8525, -621.71045
7536.3516, -675.93414
7550.6084, -744.2006
7579.3174, -812.2085
7629.25, -867.1637
7688.6523, -935.6784
7754.2188, -993.03906
7827.2324, -1023.18665
7907.3223, -1052.7069
7984.2256, -1093.9021
8032.5527, -1129.782
8073.451, -1171.6715
8120.376, -1230.6405
8169.419, -1295.4762
8226.814, -1365.7836
8292.402, -1421.0939
8361.135, -1447.0796
8438.986, -1449.0332
8496.17, -1428.1078
8537.312, -1395.8065
8557.652, -1361.9849
8569.037, -1322.2393
8576.42, -1291.1802
8583.619, -1266.4248
8580.047, -1233.1555
8554.625, -1196.3131
8525.852, -1163.7139
8512.353, -1146.8206
8521.603, -1203.5906
8523.97, -1277.2395
8528.701, -1362.0594
8549.371, -1438.0869
8595.121, -1491.6085
8649.085, -1528.2375
8694.336, -1567.6663
8723.026, -1613.0765
8736.349, -1657.5851
8730.514, -1702.4595
8705.365, -1747.2961
8664.207, -1791.1747
8604.061, -1837.0962
8540.712, -1879.2885
8471.961, -1928.4705
8401.715, -1983.3447
8330.116, -2044.4204
8262.417, -2105.2385
8184.3125, -2167.4658
8107.045, -2202.5684
8022.572, -2211.2502
7943.214, -2198.1892
7866.586, -2170.0786
7793.6733, -2128.5288
7718.559, -2073.5874
7648.188, -2015.2808
7581.365, -1959.4869
7515.8735, -1898.1184
7463.4526, -1827.7769
7434.7515, -1748.1366
7432.628, -1678.1665
7448.7646, -1628.3635
7481.942, -1593.2314
7527.1665, -1571.0182
7581.1333, -1553.6013
7646.672, -1528.2169
7726.496, -1492.0825
7808.309, -1448.6666
7893.436, -1399.3596
7972.3555, -1344.8737
8047.139, -1288.5491
8110.2676, -1233.5038
8145.764, -1179.1492
8141.109, -1144.3624
8116.159, -1133.1531
8087.9443, -1142.4722
8061.414, -1162.1377
8031.541, -1196.1104
7992.249, -1240.3857
7944.3994, -1293.493
7865.366, -1358.9468
7775.67, -1423.2357
7678.8203, -1493.1177
7592.8257, -1572.8701
7531.796, -1663.1448
7482.197, -1774.136
7444.7373, -1903.6338
7421.498, -2027.3032
7411.593, -2148.3154
7410.763, -2272.8755
7409.748, -2407.5784
7411.082, -2521.982
7413.9365, -2652.1345
7414.161, -2774.651
7410.954, -2891.1738
7412.4077, -3010.5444
7422.9434, -3126.5315
7440.3447, -3245.5608
7457.084, -3372.599
7466.959, -3492.6204
7480.713, -3607.7239
7491.686, -3716.5005
7494.0273, -3780.783
7497.631, -3837.7632
7514.0415, -3902.6667
7557.7275, -3973.901
7623.491, -4036.774
7701.684, -4097.6523
7777.5083, -4161.771
7853.901, -4221.833
7928.1143, -4274.9976
8004.408, -4327.5654
8084.582, -4369.259
8160.1553, -4393.667
8265.716, -4414.335
8372.571, -4432.485
8482.221, -4446.447
8593.715, -4455.583
8710.907, -4458.5205
8817.106, -4458.7188
8951.944, -4456.3804
9079.109, -4454.725
9197.545, -4449.464
9313.567, -4445.5415
9434.863, -4445.499
9541.204, -4446.702
9635.096, -4442.075
9733.813, -4436.5815
9830.877, -4435.389
9921.857, -4435.4995
9976.488, -4433.28
10003.818, -4431.745
10038.414, -4441.51
10088.9, -4474.953
10162.0625, -4509.6714
10229.624, -4516.1787
10265.778, -4493.8516
10278.014, -4461.4775
10269.686, -4432.8115
10244.33, -4411.1494
10209.041, -4402.453
10169.465, -4404.7607
10117.045, -4414.846
10045.031, -4426.8477
9937.832, -4444.726
9828.062, -4462.8716
9741.981, -4478.949
9676.52, -4488.2695
9582.48, -4496.9663
9476.413, -4499.06
9357.853, -4504.4116
9237.871, -4507.7485
9118.382, -4504.092
9004.393, -4496.376
8917.301, -4491.0923
8825.712, -4483.1514
8720.375, -4474.011
8599.286, -4466.212
8483.261, -4463.771
8367.67, -4464.518
8292.892, -4466.293
8250.894, -4464.116
8228.209, -4470.3677
8206.928, -4501.472
8183.911, -4549.018
8154.7256, -4608.694
8125.326, -4679.586
8103.7764, -4768.4043
8096.167, -4850.75
8086.099, -4927.9277
8061.12, -4997.194
8016.464, -5051.095
7962.9834, -5086.021
7902.6074, -5102.5444
7837.111, -5101.1665
7793.4, -5096.0957
7773.3213, -5093.0996
7741.676, -5087.005
7700.933, -5087.572
7677.026, -5106.9233
7660.94, -5137.22
7665.8564, -5165.464
7684.9863, -5181.883
7705.219, -5184.0713
7730.145, -5170.2695
7767.894, -5143.981
7813.2715, -5111.187
7871.356, -5072.51
7941.2134, -5028.9033
7980.9927, -5004.0103
8006.6885, -4959.03
8024.501, -4905.7734
8064.934, -4875.0156
8101.137, -4834.677
8125.1523, -4785.6875
8123.7397, -4743.5776
8101.7646, -4716.673
8067.912, -4700.6504
8023.184, -4694.7617
7971.1953, -4696.4536
7903.511, -4700.256
7826.0073, -4696.3564
7750.333, -4673.411
7681.24, -4632.6997
7633.8555, -4582.776
7608.248, -4528.081
7594.22, -4462.3247
7585.032, -4379.98
7572.108, -4298.682
7558.569, -4209.395
7545.7744, -4121.298
7531.3726, -4030.6125
7512.2217, -3947.1516
7488.227, -3856.5168
7468.006, -3778.5635
7460.389, -3741.799
7451.963, -3713.7786
7430.43, -3729.536
7425.382, -3763.2134
7426.445, -3799.9055
7425.364, -3822.833
7427.9707, -3850.5232
7437.4863, -3877.977
7451.5137, -3932.125
7463.495, -4005.988
7462.801, -4089.7236
7440.095, -4171.8447
7398.4185, -4250.8276
7346.4067, -4323.108
7279.3066, -4386.6475
7203.788, -4433.677
7123.0527, -4462.4536
7046.1445, -4479.9717
7003.341, -4491.314
6980.0757, -4497.7705
6947.343, -4512.2637
6922.005, -4535.8364
6909.3623, -4569.9106
6906.863, -4618.965
6913.205, -4680.036
6926.458, -4757.619
6941.5986, -4841.288
6956.8315, -4920.149
6964.058, -5011.203
6964.35, -5096.9014
6957.907, -5179.9844
6944.08, -5264.252
6932.83, -5337.162
6910.3184, -5393.4453
6873.339, -5436.0796
6828.3813, -5458.3047
6782.037, -5457.9087
6736.545, -5436.829
6697.6665, -5400.7124
6667.0728, -5347.1626
6639.909, -5269.8926
6615.6035, -5179.212
6596.4707, -5055.885
6587.6006, -4944.3896
6578.9634, -4822.553
6563.7656, -4706.995
6549.165, -4586.499
6537.5146, -4467.541
6532.7354, -4345.9326
6534.6406, -4226.5464
6542.4766, -4101.094
6557.4897, -3981.2646
6582.4824, -3862.004
6612.4287, -3753.6284
6660.2095, -3637.6978
6722.8525, -3545.745
6780.327, -3498.504
6833.004, -3468.1738
6877.785, -3472.3328
6911.6313, -3503.1316
6928.5776, -3545.8691
6936.0566, -3601.503
6939.2666, -3662.8145
6940.917, -3717.1123
6942.0005, -3762.1594
6944.1997, -3817.7534
6945.9043, -3865.35
6952.1934, -3912.7434
6960.0337, -3983.081
6966.8306, -4067.158
6969.8237, -4159.1367
6975.802, -4271.3677
6976.9463, -4385.7803
6978.536, -4495.477
6977.3374, -4595.203
6972.441, -4693.6875
6965.8145, -4776.646
6965.707, -4818.924
6966.1772, -4843.969
6965.881, -4886.1274
6964.483, -4947.254
6955.548, -5021.669
6941.1826, -5099.2617
6924.5786, -5176.3467
6896.2183, -5248.6655
6859.451, -5309.349
6826.8354, -5350.332
6779.451, -5385.5034
6718.1504, -5405.3604
6663.0977, -5405.5835
6619.2456, -5391.0156
6574.951, -5353.541
6544.5195, -5304.6943
6533.0176, -5249.7915
6534.6313, -5188.048
6547.611, -5096.36
6562.277, -4988.2437
6573.2285, -4875.4717
6584.665, -4763.6875
6597.922, -4643.6836
6609.8667, -4523.422
6612.84, -4407.6772
6611.8135, -4286.9634
6609.3384, -4166.749
6604.638, -4038.435
6593.608, -3922.7388
6582.943, -3801.758
6576.01, -3681.8064
6570.0845, -3552.0696
6560.5283, -3428.201
6551.032, -3313.294
6543.577, -3193.5261
6539.7764, -3070.3818
6533.4585, -2952.8472
6525.547, -2829.8823
6519.662, -2710.2043
6518.923, -2595.497
6526.583, -2461.8354
6543.9907, -2336.183
6558.7334, -2212.6008
6573.8843, -2088.0225
6584.8613, -1969.8381
6591.3726, -1840.1082
6595.574, -1727.7314
6604.028, -1597.6046
6611.2646, -1473.502
6620.007, -1350.5579
6630.13, -1237.6161
6646.422, -1102.7415
6656.5347, -987.3972
6656.757, -868.1695
6626.661, -750.2512
6575.9307, -671.97595
6522.587, -623.26764
6461.835, -577.125
6386.4727, -534.709
6282.1, -495.14984
6170.1445, -469.4328
6055.127, -461.4221
5928.4326, -465.50763
5804.3047, -470.76385
5681.8467, -466.31384
5559.325, -464.38077
5444.514, -462.67444
5321.616, -456.15033
5201.952, -448.45538
5082.7417, -446.99673
4962.072, -447.54126
4855.842, -447.36172
4760.927, -448.27905
4671.3667, -452.34827
4582.515, -454.83325
4498.416, -452.9039
4439.076, -451.34177
4388.87, -454.20618
4346.046, -455.18512
4305.181, -454.07498
4248.664, -444.48694
4184.2764, -423.81766
4120.7827, -390.816
4062.1558, -337.4
4017.0483, -267.96747
3991.1157, -184.23318
3983.482, -99.95245
3984.312, -14.458441
3986.5415, 78.62654
3989.929, 174.48064
3994.04, 273.8998
3987.0337, 364.61588
3966.6287, 462.93933
3940.386, 554.6361
3904.902, 644.14624
3857.7954, 712.21484
3794.875, 765.5589
3719.8733, 799.2759
3641.1082, 811.11725
3578.3713, 799.67175
3523.7505, 767.5736
3474.45, 725.47705
3422.801, 667.9411
3372.346, 594.3771
3341.2954, 518.3819
3335.2407, 442.6299
3352.671, 392.47632
3382.4766, 364.43124
3419.82, 354.15637
3462.8542, 358.4342
3513.3147, 372.05377
3574.6318, 390.57004
3654.4937, 417.55832
3730.7886, 452.7959
3793.663, 506.5417
3832.8975, 571.1907
3846.9714, 636.1834
3843.7832, 693.79
3825.119, 749.9876
3799.5496, 809.3549
3782.9695, 848.1784
3774.3787, 867.17944
3747.025, 885.7419
3705.7349, 891.1317
3663.6758, 879.0537
3613.9368, 851.60876
3565.0938, 815.5763
3507.0615, 761.7866
3451.8247, 708.1806
3422.7498, 676.51404
3401.4106, 669.58954
3377.7832, 693.6322
3366.5422, 728.9186
3369.5786, 766.52264
3379.7388, 809.348
3397.2593, 869.01196
3426.8184, 958.32935
3457.495, 1052.7798
3501.4883, 1175.7925
3543.0352, 1282.2979
3592.645, 1400.9126
3647.7786, 1506.8942
3718.6812, 1616.5154
3793.1853, 1712.1978
3876.4395, 1798.6587
3978.335, 1881.0432
4084.1704, 1946.78
4201.0825, 2004.1909
4325.1885, 2048.6643
4455.6826, 2075.9321
4573.4653, 2087.3506
4704.409, 2096.0518
4834.288, 2099.579
4960.247, 2096.0635
5085.348, 2090.5886
5204.3, 2091.8477
5335.0063, 2092.937
5455.8867, 2093.2336
5572.084, 2092.5117
5688.5366, 2098.0356
5808.73, 2109.9778
5923.9766, 2124.7476
6023.7075, 2134.5298
6095.794, 2140.076
6138.411, 2142.617
6185.0034, 2131.9011
6232.7476, 2101.2231
6276.7466, 2045.886
6311.878, 1971.0853
6343.368, 1872.9468
6367.974, 1772.9901
6392.131, 1653.7219
6419.719, 1527.7483
6452.8354, 1413.4031
6491.2505, 1299.7095
6534.02, 1174.9373
6581.3403, 1059.5454
6636.6416, 965.10095
6713.836, 872.4981
6804.9297, 787.6074
6904.2393, 718.69305
7012.157, 670.8774
7132.9214, 644.478
7249.5713, 638.0745
7347.4478, 647.953
7430.3086, 673.1278
7499.672, 708.0322
7550.4893, 741.6245
7590.7163, 765.31335
7617.3022, 782.3534
7643.567, 801.1025
7670.9316, 818.7484
7722.9575, 854.4995
7789.7354, 897.936
7856.1436, 941.9403
7917.4873, 991.14966
7972.5205, 1043.6436
8019.6113, 1101.5123
8043.049, 1148.7914
8047.1323, 1210.9728
8040.457, 1287.2611
8029.8555, 1363.0686
8027.4355, 1449.8282
8028.1895, 1538.9484
8013.932, 1619.7915
7979.9917, 1695.5613
7941.9507, 1769.731
7906.992, 1854.3588
7873.4688, 1935.6173
7843.267, 2014.9193
7816.206, 2095.256
7802.9023, 2184.6172
7814.467, 2278.0132
7843.5938, 2348.6953
7888.253, 2402.5605
7947.4463, 2450.7937
8020.946, 2497.5864
8102.145, 2550.9216
8202.531, 2623.1836
8301.574, 2699.1287
8394, 2782.4458
8474.202, 2875.279
8544.781, 2970.4211
8618.055, 3063.959
8694.595, 3162.6628
8760.566, 3257.9932
8824.566, 3351.6016
8898.591, 3453.7278
8970.721, 3550.015
9035.887, 3647.0166
9104.774, 3755.6313
9169.852, 3855.7617
9238.0205, 3955.0796
9285.575, 4024.752
9308.32, 4060.0146
9325.095, 4083.5247
9350.861, 4122.007
9397.229, 4190.495
9453.671, 4270.7812
9511.27, 4359.6187
9575.752, 4455.3887
9642.238, 4549.957
9718.784, 4651.8555
9788.067, 4745.2803
9865.291, 4847.0444
9938.04, 4933.4736
10007.123, 4995.724
10060.604, 5038.153
10120.51, 5052.173
10185.316, 5041.0107
10259.103, 5010.456
10348.835, 4970.9316
10434.549, 4939.931
10523.527, 4912.7544
10616.756, 4885.861
10708.973, 4861.0186
10803.068, 4844.0854
10896.042, 4831.3794
10989.892, 4818.44
11088.984, 4811.4614
11177.084, 4820.3896
11270.822, 4839.4907
11365.293, 4853.3774
11455.829, 4860.5225
11549.514, 4859.5264
11645.605, 4843.01
11741.632, 4813.1455
11817.418, 4781.155
11878.917, 4755.5977
11911.205, 4743.414
11932.413, 4735.824
11932.755, 4771.5225
11927.209, 4798.9395
11885.627, 4796.473
11914.286, 4788.506
11914.996, 4741.919
11889.361, 4715.157
11870.342, 4705.661
11842.545, 4714.6543
11816.018, 4742.4365
11784.392, 4785.4097
11759.652, 4841.6294
11750.309, 4888.6226
11758.398, 4941.6055
11785.523, 4996.75
11826.85, 5055.661
11873.041, 5118.7275
11922.143, 5194.3145
11967.047, 5275.758
12007.23, 5359.2275
12037.838, 5436.2617
12062.232, 5517.4883
12089.933, 5603.0894
12125.75, 5683.0347
12170.048, 5759.1006
12213.813, 5830.6426
12260.705, 5905.71
12304.459, 5980.4297
12342.466, 6063.3877
12355.446, 6148.7
12337.031, 6219.673
12300.742, 6280.835
12248.5, 6342.3164
12185.047, 6402.1357
12115.881, 6454.2583
12056.953, 6499.0767
12003.268, 6547.735
11942.273, 6609.452
11885.555, 6674.9756
11839.559, 6752.2437
11810.585, 6835.374
11800.697, 6924.9634
11808.398, 7015.8
11829.273, 7099.365
11869.174, 7187.24
11923.441, 7268.2676
11987.624, 7340.6357
12067.387, 7405.449
12156.522, 7447.5356
12248.401, 7469.972
12329.471, 7478.0693
12422.636, 7480.5293
12512.586, 7477.84
12618.9375, 7471.807
12724.839, 7466.2334
12830.006, 7466.0083
12941.755, 7469.8735
13055.418, 7475.0522
13170.615, 7473.3887
13277.32, 7469.6494
13393.112, 7467.868
13508.784, 7469.1426
13634.535, 7469.496
13747.121, 7466.658
13860.744, 7475.4946
13944.305, 7500.925
14036.321, 7529.4116
14128.391, 7552.5503
14220.501, 7572.3477
14314.097, 7579.345
14407.231, 7573.627
14498.933, 7562.242
14604.359, 7552.9697
14716.448, 7543.3857
14804.129, 7535.493
14850.934, 7529.293
14876.282, 7525.587
14896.79, 7517.4917
14876.906, 7493.5264
14849.613, 7480.894
14822.278, 7482.7803
14795.926, 7494.729
14761.635, 7517.629
14723.23, 7547.7812
14669.8125, 7586.0215
14599.708, 7637.534
14511.141, 7703.3813
14413.121, 7771.894
14319.66, 7829.0596
14217.601, 7891.304
14104.806, 7963.1807
14008.903, 8026.661
13896.79, 8095.176
13794.119, 8158.254
13702.6, 8219.456
13595.783, 8290.219
13495.133, 8345.973
13392.104, 8400.161
13283.884, 8455.93
13175.665, 8510.291
13071.199, 8558.228
12962.377, 8606.189
12853.439, 8653.331
12745.494, 8701.369
12636.888, 8746.941
12518.845, 8791.915
12411.667, 8832.418
12323.038, 8867.916
12238.242, 8896.396
12134.664, 8922.874
12019.799, 8948.237
11904.707, 8974.089
11789.977, 8999.462
11675.267, 9019.028
11557.498, 9038.887
11439.067, 9061.256
11323.233, 9080.709
11215.7, 9086.15
11089.094, 9080.443
10969.623, 9072.752
10843.176, 9061.662
10730.997, 9045.272
10613.529, 9025.9
10488.992, 9006.326
10368.203, 8988.488
10253.9795, 8965.572
10136.393, 8936.373
10016.027, 8903.758
9899.666, 8869.263
9799.23, 8831.336
9686.029, 8783.708
9571.954, 8732.901
9459.703, 8680.495
9358.664, 8624.8
9265.692, 8560.236
9168.704, 8478.6
9078.154, 8402.851
8990.894, 8324.392
8909.723, 8236.234
8839.511, 8139.016
8772.791, 8031.009
8715.811, 7917.7236
8668.227, 7799.8154
8629.207, 7686.918
8586.485, 7571.565
8548.949, 7461.3115
8518.098, 7340.525
8495.707, 7245.572
8479.884, 7194.107
8469.073, 7165.5166
8433.258, 7163.687
8432.756, 7202.634
8451.064, 7230.1426
8480.226, 7272.5166
8530.732, 7341.961
8588.98, 7426.586
8639.107, 7523.683
8676.748, 7631.051
8700.087, 7738.9263
8700.079, 7815.745
8678.489, 7860.0693
8643.892, 7887.841
8601.308, 7902.2183
8558.039, 7911.3047
8518.917, 7915.5137
8463.36, 7917.933
8399.455, 7919.4116
8310.605, 7923.966
8204.901, 7941.2886
8082.3564, 7968.7705
7969.4824, 7999.161
7855.2686, 8028.286
7735.649, 8050.5986
7616.205, 8054.752
7551.932, 8051.677
7505.622, 8033.839
7453.7236, 7986.9785
7397.608, 7921.8203
7336.7373, 7855.0933
7269.995, 7788.9893
7192.665, 7743.3325
7110.6484, 7720.9194
7022.628, 7715.4004
6912.945, 7718.0303
6798.9893, 7727.8564
6680.1323, 7744.8213
6558.7476, 7765.3267
6440.6914, 7780.8003
6318.4146, 7792.1675
6197.669, 7801.9575
6073.3965, 7816.4653
5954.7905, 7828.6064
5825.1025, 7840.2524
5704.6143, 7849.2163
5592.032, 7852.902
5519.1797, 7854.3926
5479.5645, 7855.2344
5454.2744, 7855.84
5461.343, 7807.686
5486.2246, 7786.2153
5517.677, 7777.0376
5556.657, 7776.862
5605.3486, 7782.798
5672.0503, 7796.908
5764.5283, 7814.418
5875.121, 7832.583
5989.001, 7849.232
6108.5093, 7853.9844
6227.355, 7844.1
6355.1055, 7821.769
6483.961, 7793.562
6592.7944, 7757.941
6702.7295, 7705.353
6812.011, 7634.367
6913.2744, 7554.1807
7003.586, 7462.8076
7076.7046, 7359.5405
7138.536, 7244.472
7185.4395, 7130.0493
7217.746, 7006.756
7231.9165, 6881.66
7239.0356, 6755.368
7247.181, 6627.009
7248.337, 6504.7163
7240.5464, 6381.061
7224.2065, 6258.627
7198.8965, 6123.418
7154.013, 5997.1074
7096.38, 5892.534
7048.7705, 5816.5405
7024.54, 5772.805
7012.399, 5747.956
6996.8384, 5726.453
6980.5547, 5702.7686
6957.7026, 5671.1196
6926.446, 5625.492
6891.609, 5569.86
6870.8833, 5532.576
6850.411, 5502.3423
6813.5938, 5463.8623
6745.8506, 5405.492
6666.899, 5340.422
6580.781, 5263.093
6495.881, 5184.46
6396.68, 5104.734
6317.826, 5046.492
6277.202, 5012.9634
6257.162, 4996.007
6214.1924, 4973.796
6196.5723, 4963.756
6195.706, 5000.581
6215.3574, 5027.1973
6243.8535, 5043.993
6278.666, 5057.76
6324.101, 5076.5615
6389.8057, 5108.7544
6466.7744, 5158.3765
6544.3506, 5229.3574
6618.385, 5321.748
6686.0073, 5415.4917
6736.47, 5484.2266
6764.3027, 5520.929
6777.3306, 5541.16
6761.189, 5573.8486
6749.835, 5593.451
6743.925, 5613.7188
6738.1963, 5648.2334
6719.922, 5664.5396
6695.819, 5677.506
6675.7456, 5698.746
6654.4453, 5723.104
6637.4717, 5738.619
6610.9453, 5762.744
6579.3213, 5789.1963
6561.2686, 5806.0195
6542.415, 5821.3604
6522.381, 5835.786
6504.3276, 5846.23
6474.74, 5864.0674
6452.4517, 5879.273
6430.1733, 5893.4736
6409.4053, 5904.444
6374.1387, 5919.623
6344.9663, 5932.341
6315.9995, 5948.004
6275.6377, 5968.708
6244.697, 5985.676
6223.3955, 5999.861
6206.1636, 6010.34
6185.3184, 6012.3145
6163.096, 6014.5806
6133.901, 6011.5337
6106.4385, 6007.0933
6065.745, 6000.059
6007.539, 5984.7607
5933.1187, 5966.5034
5849.6475, 5948.745
5777.9673, 5934.341
5723.648, 5920.975
5665.7456, 5917.385
5685.7437, 5911.4604
5659.347, 5926.4604
5612.384, 5964.641
5556.448, 6014.9263
5500.5864, 6075.486
5451.834, 6143.0815
5402.92, 6222.4023
5350.092, 6304.9746
5297.2036, 6385.996
5263.8794, 6439.6514
5246.875, 6471.8247
5227.3486, 6501.347
5196.294, 6514.123
5161.3545, 6520.4287
5118.022, 6526.343
5055.9224, 6537.0566
4984.3, 6562.4946
4911.9746, 6608.108
4858.5747, 6646.3667
4829.506, 6665.075
4793.24, 6675.0444
4758.9873, 6657.46
4732.8955, 6625.044
4716.332, 6580.695
4694.2666, 6520.087
4665.1587, 6454.354
4617.3623, 6380.6113
4555.666, 6310.3057
4486.501, 6243.8345
4415.9614, 6190.624
4367.123, 6157.625
4339.562, 6141.507
4297.7026, 6123.0986
4226.072, 6101.173
4121.8247, 6077.2363
4013.9326, 6056.1543
3875.0608, 6036.0576
3759.403, 6020.516
3625.4414, 6001.1216
3499.8877, 5986.5
3363.104, 5979.836
3236.7317, 5974.973
3106.003, 5968.0825
2985.817, 5962.7344
2843.1458, 5961.8516
2719.217, 5954.7285
2590.944, 5946.5176
2470.599, 5942.147
2357.5564, 5939.5317
2295.256, 5935.7656
2260.6367, 5931.7715
2236.5352, 5935.1885
2201.3394, 5960.7188
2182.9265, 5995.602
2174.3867, 6046.2007
2173.239, 6103.624
2182.457, 6200.333
2196.801, 6311.678
2211.3657, 6439.1533
2215.5715, 6542.7197
2214.0706, 6599.085
2211.1912, 6625.4775
2190.7734, 6652.913
2149.814, 6671.048
2105.8596, 6672.4033
2058.724, 6656.0386
1994.8901, 6623.0938
1915.5121, 6584.1523
1797.7551, 6524.586
1708.0447, 6480.7534
1689.0557, 6469.8003
1718.0483, 6473.836
1730.4182, 6447.3926
1738.4912, 6395.181
1718.2684, 6312.0654
1674.7583, 6235.693
1613.5303, 6175.2417
1537.042, 6130.76
1448.1956, 6100.235
1361.2858, 6087.615
1236.927, 6083.772
1111.1378, 6084.03
984.8319, 6082.0005
864.06934, 6083.5713
741.5746, 6090.0645
623.2425, 6090.54
506.36365, 6056.3154
400.3001, 5995.882
286.47885, 5941.771
168.23969, 5898.961
54.31042, 5850.2656
-54.459694, 5793.3887
-156.41074, 5739.386
-247.49124, 5690.841
-348.5412, 5625.1777
-437.5751, 5553.9795
-521.0218, 5485.7925
-598.5987, 5422.2363
-679.3031, 5350.5327
-765.80133, 5272.382
-846.9891, 5202.8975
-922.9299, 5142.0713
-991.43494, 5075.8105
-1052.762, 5009.3877
-1120.5723, 4933.375
-1169.0759, 4868.993
-1190.4976, 4821.2607
-1194.8892, 4764.5645
-1182.6685, 4708.9272
-1155.2072, 4655.6514
-1101.1324, 4596.541
-1034.8804, 4547.524
-949.5426, 4506.867
-867.5215, 4480.8037
-785.93646, 4461.5566
-708.68604, 4452.0254
-616.21423, 4456.3623
-505.27173, 4467.8174
-395.6459, 4475.1445
-270.88367, 4479.616
-149.51117, 4490.9033
-40.189236, 4495.596
77.92973, 4492.074
206.25433, 4473.856
318.26218, 4443.254
417.62936, 4393.6416
477.62326, 4331.361
510.60007, 4277.134
521.7104, 4230.3047
516.9262, 4186.9326
494.00232, 4142.7324
458.8452, 4101.087
406.5289, 4043.9873
343.14133, 3971.4502
285.84122, 3905.1855
229.52795, 3842.259
153.69669, 3757.098
79.96989, 3680.2988
-4.1340504, 3598.9443
-95.22066, 3522.7664
-204.31909, 3456.77
-312.93622, 3404.957
-426.35632, 3358.8384
-541.604, 3325.35
-668.4612, 3295.505
-782.3141, 3264.2954
-894.3531, 3227.8608
-1014.1959, 3188.4062
-1130.705, 3157.964
-1252.2518, 3128.2993
-1370.8387, 3100.5933
-1491.9775, 3080.6953
-1621.4167, 3070.483
-1733.8748, 3064.6548
-1860.7112, 3055.3896
-1981.7722, 3051.1973
-2096.095, 3054.1008
-2216.7102, 3060.8145
-2335.4062, 3062.9932
-2456.873, 3069.1458
-2575.8572, 3084.893
-2699.9814, 3111.9038
-2817.038, 3141.4268
-2934.0645, 3183.3242
-3049.2295, 3241.528
-3154.4126, 3302.3916
-3260.6108, 3358.083
-3371.9312, 3420.3313
-3475.8113, 3483.266
-3577.546, 3551.6086
-3676.0054, 3615.8718
-3773.5596, 3688.5857
-3864.9539, 3766.993
-3958.8472, 3846.4187
-4052.818, 3914.015
-4155.2563, 3974.623
-4255.169, 4025.5576
-4362.2803, 4090.3848
-4468.749, 4161.865
-4569.1494, 4238.706
-4670.7983, 4330.1504
-4754.908, 4419.3677
-4835.672, 4508.9404
-4907.6807, 4599.9585
-4976.3335, 4705.0254
-5040.93, 4818.004
-5098.0127, 4925.6934
-5153.566, 5034.129
-5202.9087, 5140.715
-5258.2866, 5265.9473
-5306.508, 5372.706
-5346.3276, 5461.7383
-5374.856, 5528.8086
-5409.303, 5611.9683
-5442.537, 5691.965
-5484.6206, 5767.123
-5538.372, 5830.252
-5608.105, 5891.294
-5680.544, 5938.3584
-5761.2915, 5980.417
-5843.5186, 6027.9194
-5923.264, 6086.9146
-5991.3857, 6153.615
-6046.5674, 6225.8525
-6089.6924, 6312.6094
-6119.691, 6412.0566
-6148.5674, 6536.597
-6177.5137, 6652.965
-6204.514, 6768.345
-6229.8926, 6883.793
-6253.128, 7003.6504
-6276.0635, 7104.187
-6295.821, 7194.4854
-6309.587, 7259.936
-6315.3584, 7295.881
-6319.2217, 7324.707
-6307.9253, 7349.702
-6290.744, 7373.7393
-6274.0986, 7360.8467
-6267.31, 7326.2266
-6269.015, 7287.9097
-6269.782, 7238.245
-6264.0747, 7174.6772
-6253.9814, 7088.907
-6242.6978, 7000.129
-6232.3076, 6902.1846
-6217.9014, 6790.9824
-6195.1104, 6675.4385
-6164.8013, 6562.117
-6131.921, 6442.8745
-6091.5107, 6333.9336
-6031.0713, 6235.65
-5954.1875, 6143.9253
-5865.685, 6063.7705
-5752.817, 5981.8564
-5644.995, 5890.634
-5570.0684, 5809.568
-5499.8823, 5702.565
-5438.4785, 5585.402
-5388.763, 5477.317
-5346.297, 5355.3887
-5301.9033, 5238.1885
-5257.324, 5126.9414
-5207.057, 5019.9033
-5146.2114, 4903.3823
-5091.398, 4800.5234
-5020.135, 4682.7334
-4951.434, 4586.9297
-4876.8037, 4494.154
-4799.2085, 4397.4023
-4722.7983, 4308.197
-4640.686, 4223.376
-4559.284, 4146.1797
-4471.3574, 4060.341
-4378.9473, 3973.8843
-4279.508, 3897.6208
-4184.9517, 3835.543
-4076.5703, 3763.9045
-3974.5461, 3700.004
-3863.455, 3642.2156
-3760.599, 3592.7522
-3645.5776, 3533.317
-3539.6892, 3477.3225
-3432.1345, 3429.0754
-3321.1106, 3380.07
-3211.2683, 3328.8696
-3101.833, 3279.8643
-2993.5479, 3241.5815
-2878.2695, 3206.8171
-2755.6335, 3172.958
-2643.1724, 3145.8367
-2522.9553, 3128.8706
-2402.4243, 3119.3962
-2275.957, 3112.3179
-2161.7627, 3099.9321
-2038.261, 3088.1323
-1915.594, 3079.7383
-1795.7644, 3074.501
-1665.022, 3071.367
-1548.9604, 3077.183
-1428.302, 3089.0957
-1309.3912, 3104.0337
-1186.8302, 3120.6733
-1069.5796, 3135.7031
-954.0841, 3121.5833
-876.916, 3083.3674
-830.7462, 3038.0547
-785.21735, 2987.6462
-726.1913, 2935.6003
-650.7214, 2892.983
-560.4744, 2867.7441
-469.1024, 2863.8281
-368.29858, 2878.3403
-257.6292, 2906.9458
-152.68275, 2934.7134
-83.58638, 2942.6602
-44.059406, 2948.1187
9.285292, 2957.3352
43.268593, 2964.979
65.84654, 2968.2546
97.651146, 2989.0696
150.60869, 3020.6758
232.393, 3077.0034
324.1898, 3141.9778
421.1917, 3205.852
522.8578, 3270.253
625.31146, 3339.2437
733.2959, 3410.4885
830.5663, 3467.7246
937.0571, 3525.1284
1040.0055, 3582.2783
1149.9357, 3639.4905
1258.8188, 3691.4746
1371.8599, 3738.1226
1482.8795, 3780.9473
1603.44, 3816.372
1716.2711, 3840.1853
1837.3894, 3858.1797
1961.221, 3876.1238
2099.923, 3891.5193
2221.093, 3900.2124
2342.9714, 3904.2522
2467.7026, 3909.2312
2592.0098, 3910.526
2712.6772, 3908.0566
2835.4185, 3902.6975
2952.8667, 3901.879
3083.2605, 3901.7256
3203.2192, 3900.877
3321.9365, 3884.9
3436.2803, 3849.446
3570.5085, 3817.9343
3695.9448, 3795.8452
3822.8833, 3790.0767
3937.4795, 3810.5461
4054.6353, 3850.2815
4184.302, 3898.6025
4308.1377, 3928.2158
4430.21, 3950.0044
4565.1807, 3966.1165
4689.736, 3973.4302
4812.676, 3976.2017
4939.368, 3980.8926
5059.7954, 3991.6982
5165.8794, 4033.1938
5236.7275, 4079.3267
5278.4683, 4108.268
5298.0693, 4122.959
5308.5264, 4153.486
5314.616, 4209.1587
5319.484, 4251.228
5323.855, 4279.9443
5296.1216, 4257.768
5265.2837, 4234.839
5220.5874, 4210.6094
5148.284, 4182.6753
5039.7554, 4138.4146
4938.329, 4092.4407
4833.5825, 4040.349
4731.1035, 3993.3423
4591.334, 3957.5537
4470.107, 3941.6243
4350.347, 3931.471
4220.9053, 3928.2056
4088.2886, 3927.8618
3962.2693, 3920.5369
3843.7634, 3893.5383
3728.0894, 3854.9219
3604.0554, 3826.4067
3485.2043, 3814.2874
3361.6965, 3817.9658
3229.0903, 3835.4062
3103.0093, 3858.021
2977.5056, 3872.2632
2856.287, 3882.1055
2735.9963, 3890.5654
2612.6416, 3898.2595
2495.2134, 3904.0933
2367.92, 3907.3813
2248.8894, 3907.8293
2124.8772, 3908.9795
1995.2728, 3903.651
1875.9441, 3888.2817
1758.8055, 3866.9404
1637.3623, 3844.2954
1516.7015, 3815.161
1405.176, 3777.5442
1289.1365, 3727.9263
1184.4907, 3675.5059
1078.0084, 3612.8499
978.0961, 3545.6975
876.1689, 3470.5962
768.0316, 3395.48
653.6316, 3315.4985
548.265, 3241.6306
443.63528, 3169.7595
346.27948, 3107.2617
242.76105, 3039.4731
140.02353, 2972.4282
45.798447, 2910.4272
-55.82789, 2838.3164
-138.57986, 2758.3389
-206.08003, 2660.9194
-265.10568, 2539.4404
-296.23462, 2431.6638
-308.0716, 2360.079
-311.06284, 2323.1897
-314.5136, 2281.204
-318.76147, 2208.413
-329.04956, 2111.5762
-347.26462, 2007.0281
-373.08832, 1897.0627
-414.67975, 1785.643
-478.43338, 1668.5154
-546.29663, 1567.6453
-615.74744, 1465.2662
-682.18726, 1364.8958
-753.48914, 1253.5018
-810.7667, 1147.6775
-853.4845, 1024.6654
-877.9417, 899.69995
-888.69946, 774.19403
-887.087, 648.9627
-882.4582, 578.6564
-879.6749, 545.7309
-871.2248, 511.4837
-841.7544, 456.22818
-797.84814, 395.57312
-744.02625, 338.3985
-679.6026, 279.60767
-610.6782, 217.07416
-539.3581, 146.26482
-475.4033, 87.00198
-409.7999, 31.48229
-343.95624, -25.459164
-278.65414, -85.89588
-211.72076, -144.25572
-135.99135, -188.09795
-45.340107, -212.36246
64.72779, -212.56183
185.4814, -193.50815
299.77066, -156.87689
414.2641, -112.87305
536.7418, -75.24308
656.8348, -44.77578
771.9413, -15.174603
893.0405, 10.766972
1013.1289, 28.880898
1134.8198, 37.34556
1246.1632, 43.075096
1370.36, 45.83194
1491.5736, 45.407024
1615.4517, 44.033855
1739.5896, 46.588123
1875.1654, 53.834373
1994.3862, 60.5781
2123.3325, 62.581505
2211.812, 63.753635
2255.1772, 66.46541
2276.515, 67.361176
2228.914, 64.94071
2189.1396, 72.3186
2147.085, 83.41687
2087.675, 97.31394
2004.9368, 113.83858
1882.0425, 135.18741
1757.3058, 148.68063
1631.6494, 154.64482
1505.2029, 156.30267
1381.3712, 154.75449
1266.1489, 144.61288
1148.2656, 126.08425
1031.4436, 102.4064
902.1282, 75.04373
791.16235, 40.745567
683.80756, -10.514465
577.4789, -81.46432
475.17288, -159.35411
382.18823, -254.83844
317.86115, -365.17657
273.19833, -503.12433
249.19034, -634.0358
248.33789, -754.4122
263.72638, -876.9127
277.54187, -1009.7193
279.40234, -1134.2156
285.75717, -1259.1483
296.43774, -1390.3086
307.1539, -1530.0394
322.83963, -1656.6567
339.31458, -1783.3569
352.99402, -1906.9594
363.4444, -2034.7815
373.1772, -2153.5696
388.30515, -2279.311
401.54184, -2397.5461
410.54944, -2528.0679
418.41583, -2653.0608
429.17773, -2774.3962
437.6846, -2900.9517
437.96716, -3037.9363
436.0101, -3155.178
432.4168, -3290.9146
420.32883, -3417.5278
389.59268, -3542.54
335.24878, -3659.5283
254.21843, -3762.0127
168.84494, -3829.6335
83.13867, -3874.5178
-6.385616, -3905.0164
-99.924484, -3918.3975
-204.62183, -3917.9143
-322.58795, -3912.9314
-434.4681, -3911.4988
-571.47876, -3911.1882
-693.87317, -3909.1477
-832.01013, -3902.5537
-958.68744, -3900.1685
-1074.0641, -3899.27
-1201.7935, -3894.9917
-1322.5806, -3887.4443
-1438.667, -3884.9458
-1565.6797, -3882.5178
-1683.0701, -3876.2402
-1802.8188, -3868.9797
-1918.6334, -3867.5059
-2038.8956, -3868.0327
-2157.521, -3870.1958
-2279.8203, -3872.1538
-2394.4736, -3878.0378
-2523.31, -3882.5696
-2641.7778, -3868.5254
-2758.1812, -3830.3162
-2876.2065, -3797.6377
-3016.9622, -3774.4849
-3138.5278, -3772.6746
-3240.9824, -3802.9358
-3282.8855, -3837.499
-3293.5085, -3871.5876
-3287.7773, -3905.1333
-3265.5105, -3937.024
-3232.4575, -3970.6895
-3186.1829, -4000.1763
-3116.8337, -4026.5215
-3020.6392, -4047.25
-2907.7644, -4051.686
-2823.386, -4026.773
-2776.5884, -3985.6313
-2754.9658, -3941.682
-2757.4443, -3901.8984
-2779.213, -3865.559
-2812.345, -3837.3342
-2858.202, -3806.6672
-2930.9275, -3770.844
-3028.6907, -3734.74
-3150.9702, -3713.6309
-3256.5613, -3723.806
-3357.6826, -3754.9717
-3450.0774, -3794.8335
-3533.0542, -3841.7856
-3614.9917, -3885.6543
-3702.0513, -3918.0737
-3765.5635, -3939.8042
-3795.4194, -3953.071
-3813.6963, -3984.518
-3820.287, -4038.0952
-3820.9229, -4106.856
-3821.1833, -4188.727
-3825.1116, -4254.514
-3837.226, -4298.81
-3853.6052, -4329.4136
-3885.1514, -4357.968
-3929.204, -4388.5645
-3959.9316, -4406.512
-3983.7852, -4413.533
-4007.132, -4392.08
-4033.5059, -4352.1914
-4054.4355, -4303.385
-4067.7075, -4269.2476
-4074.3276, -4247.1387
-4079.2793, -4201.7373
-4085.959, -4150.244
-4094.8037, -4107.8247
-4121.825, -4068.1387
-4162.8477, -4038.0903
-4219.9316, -4017.737
-4287.3096, -4010.0845
-4352.9287, -4014.4114
-4408.1514, -4025.0684
-4463.354, -4032.7324
-4518.8296, -4038.1562
-4597.5776, -4038.5847
-4703.8203, -4034.5134
-4819.027, -4026.5024
-4942.1865, -4014.4905
-5062.7915, -4003.6504
-5198.8726, -3998.8325
-5317.6035, -3996.3374
-5437.299, -3993.9724
-5564.283, -4001.3384
-5670.6343, -4036.7583
-5763.8027, -4105.2764
-5820.8438, -4184.704
-5847.875, -4257.2705
-5851.034, -4325.2817
-5843.1113, -4413.423
-5835.909, -4520.349
-5829.9883, -4635.4644
-5817.574, -4762.6953
-5807.4497, -4887.874
-5803.281, -5007.5938
-5799.6924, -5134.808
-5785.816, -5250.3086
-5761.9644, -5368.8086
-5723.252, -5491.4805
-5683.787, -5585.044
-5663.0576, -5629.276
-5651.1997, -5651.565
-5635.283, -5604.2603
-5639.263, -5569.1294
-5646.656, -5530.8555
-5652.084, -5481.2246
-5658.1885, -5397.288
-5665.2812, -5299.005
-5669.0986, -5177.362
-5671, -5043.6743
-5675.11, -4915.915
-5677.7725, -4788.201
-5681.7036, -4662.8613
-5701.824, -4542.4497
-5736.449, -4419.4165
-5764.696, -4289.2656
-5782.6104, -4169.0693
-5806.6816, -4048.9243
-5842.0938, -3951.7388
-5872.182, -3891.6465
-5888.9067, -3853.335
-5896.398, -3832.8416
-5943.6465, -3835.9968
-6004.996, -3846.2024
-6111.3784, -3858.1294
-6243.087, -3864.3945
-6375.5225, -3862.8467
-6481.7656, -3864.63
-6567.8228, -3863.4692
-6664.3687, -3858.5015
-6781.423, -3851.2563
-6898.703, -3846.6196
-7018.568, -3844.3037
-7146.039, -3838.0398
-7264.634, -3831.2385
-7367.3145, -3829.4946
-7431.026, -3831.3506
-7490.9307, -3831.065
-7532.838, -3830.0288
-7572.9575, -3831.4697
-7629.6763, -3833.1655
-7687.4897, -3833.639
-7764.4893, -3832.1235
-7877.2236, -3830.7344
-7985.0645, -3829.0073
-8100.8594, -3823.0215
-8216.883, -3793.774
-8304.361, -3731.4653
-8350.748, -3662.4905
-8369.449, -3587.9785
-8361.947, -3513.0542
-8338.416, -3426.51
-8316.525, -3324.25
-8306.719, -3212.6467
-8307.447, -3085.1465
-8309.373, -2962.5493
-8312.15, -2840.4136
-8321.077, -2714.3792
-8332.419, -2593.1565
-8339.427, -2471.5256
-8344.21, -2343.4277
-8353.16, -2216.9185
-8361.095, -2080.7637
-8361.322, -1958.4515
-8360.189, -1846.5391
-8366.405, -1713.8936
-8375.244, -1594.1095
-8377.722, -1462.546
-8374.73, -1375.1974
-8360.637, -1290.9678
-8319.708, -1213.3345
-8250.127, -1144.4203
-8163.262, -1090.8196
-8062.215, -1052.0333
-7950.7627, -1031.5747
-7832.3667, -1026.1775
-7690.1724, -1028.5049
-7552.996, -1032.022
-7431.7295, -1033.5238
-7300.1133, -1038.3904
-7182.2227, -1041.7435
-7052.5186, -1043.2528
-6933.173, -1045.3916
-6804.3037, -1053.9171
-6681.3823, -1060.4829
-6552.163, -1066.8867
-6440.035, -1073.831
-6319.1836, -1085.7834
-6190.8975, -1095.4678
-6057.835, -1099.0774
-5936.7383, -1097.814
-5853.877, -1098.7869
-5779.0366, -1094.6271
-5669.5234, -1087.6172
-5560.627, -1082.6257
-5427.8335, -1087.1003
-5302.334, -1111.8491
-5200.4946, -1164.7054
-5136.423, -1229.9128
-5101.981, -1295.3969
-5078.788, -1367.1956
-5066.3633, -1457.5867
-5062.1587, -1570.5503
-5064.714, -1712.3326
-5062.9536, -1823.8855
-5058.171, -1952.1604
-5056.084, -2078.847
-5060.521, -2201.4907
-5064.8276, -2319.272
-5068.9155, -2456.2046
-5074.961, -2583.7065
-5083.4717, -2711.612
-5086.9346, -2835.606
-5088.742, -2957.9858
-5092.9917, -3092.3237
-5098.3555, -3213.192
-5098.4644, -3329.9617
-5099.2305, -3452.0242
-5105.5654, -3571.493
-5131.9316, -3724.0505
-5191.0547, -3841.3103
-5256.443, -3901.226
-5316.8184, -3926.3035
-5390.125, -3939.5493
-5479.0977, -3940.2776
-5583.5137, -3925.73
-5717.753, -3896.2107
-5833.3716, -3873.6958
-5955.6875, -3857.652
-6078.836, -3851.5293
-6198.2393, -3838.8137
-6324.142, -3819.7598
-6423.3296, -3809.4204
-6511.131, -3787.189
-6601.9893, -3745.8525
-6679.0845, -3689.463
-6764.5923, -3596.1348
-6818.603, -3489.2751
-6841.5293, -3392.4697
-6855.6836, -3283.65
-6863.025, -3162.2227
-6860.4873, -3027.7466
-6852.7227, -2895.0015
-6846.2227, -2753.6143
-6843.383, -2616.065
-6838.818, -2494.402
-6832.1587, -2372.1907
-6831.665, -2247.6733
-6834.6465, -2111.8862
-6834.612, -1984.3907
-6833.657, -1851.0555
-6838.351, -1711.266
-6841.119, -1598.6672
-6836.5137, -1471.7307
-6826.968, -1358.0996
-6823.538, -1254.3961
-6822.2905, -1193.415
-6822.45, -1153.5374
-6819.513, -1133.5366
-6836.4214, -1101.8931
-6873.2466, -1084.7749
-6917.6787, -1081.9602
-6968.1855, -1082.0779
-7043.688, -1079.7559
-7152.756, -1075.5815
-7272.318, -1071.0216
-7401.7227, -1061.3341
-7514.8076, -1046.3248
-7647.682, -1020.99084
-7763.449, -1007.95496
-7897.76, -1011.6336
-8016.368, -1039.6277
-8117.0093, -1092.042
-8178.873, -1159.5105
-8210.575, -1228.7382
-8238.56, -1316.2205
-8258.807, -1415.3492
-8268.757, -1502.8823
-8271.958, -1554.6301
-8274.028, -1589.8232
-8276.038, -1649.9412
-8284.602, -1751.0433
-8297.501, -1861.7863
-8311.138, -1970.3181
-8327.708, -2089.4775
-8345.767, -2215.4832
-8355.656, -2321.7395
-8362.418, -2440.8687
-8362.824, -2565.704
-8362.546, -2689.3237
-8360.51, -2806.0894
-8354.036, -2942.0134
-8348.016, -3068.4175
-8345.271, -3191.2205
-8339.927, -3307.5754
-8329.449, -3441.7341
-8319.641, -3567.4219
-8311.329, -3682.9907
-8304.664, -3759.4265
-8301.423, -3790.524
-8283.261, -3810.21
-8235.817, -3829.9468
-8166.024, -3842.6301
-8081.2812, -3844.5735
-7997.9805, -3839.9028
-7908.072, -3838.0261
-7821.745, -3848.871
-7741.121, -3868.9873
-7679.0063, -3885.8271
-7651.93, -3891.8296
-7594.126, -3905.4983
-7523.8525, -3912.352
-7446.02, -3915.7295
-7365.744, -3909.6255
-7292.0327, -3894.704
-7208.4814, -3875.9453
-7116.653, -3858.729
-7025.495, -3842.8838
-6918.387, -3822.684
-6795.571, -3807.1787
-6664.942, -3801.5588
-6557.0596, -3803.188
-6460.8203, -3806.3826
-6370.351, -3814.3008
-6291.269, -3822.638
-6233.267, -3827.067
-6180.1816, -3833.0493
-6134.376, -3837.3877
-6084.6924, -3847.8516
-6021.8394, -3863.6597
-5952.122, -3890.7842
-5887.3096, -3936.901
-5850.8057, -3996.0796
-5849.1846, -4036.2935
-5868.9775, -4066.5334
-5904.626, -4094.0251
-5953.3115, -4119.285
-6011.7896, -4137.16
-6091.041, -4145.9033
-6201.378, -4148.781
-6330.616, -4150.0566
-6455.684, -4154.759
-6572.8545, -4158.555
-6701.262, -4158.3413
-6824.7847, -4158.46
-6950.688, -4161.1333
-7065.1626, -4164.5938
-7135.5303, -4163.4575
-7175.965, -4162.0337
-7200.5654, -4162.064
-7163.779, -4169.3364
-7132.9224, -4167.3
-7073.8335, -4155.004
-6988.6377, -4141.019
-6876.768, -4123.0605
-6755.284, -4107.292
-6628.453, -4106.9863
-6502.4575, -4113.18
-6374.52, -4116.157
-6247.286, -4117.1777
-6116.2397, -4123.0513
-5991.0513, -4130.701
-5869.9023, -4132.16
-5750.6235, -4121.5854
-5619.077, -4097.2344
-5505.715, -4062.234
-5395.217, -4015.9548
-5296.9033, -3968.5344
-5238.1406, -3943.998
-5207.759, -3932.6392
-5179.9526, -3912.5002
-5156.2544, -3875.2124
-5133.492, -3838.8318
-5103.2544, -3810.9539
-5050.286, -3799.6235
-4990.973, -3803.2236
-4933.005, -3818.4146
-4862.4917, -3848.018
-4791.3516, -3877.3389
-4757.2734, -3893.9827
-4727.0967, -3888.476
-4726.7188, -3855.3123
-4748.408, -3832.8948
-4773.2915, -3821.094
-4803.3975, -3812.2437
-4823.789, -3805.642
-4845.0186, -3794.0547
-4870.919, -3778.1711
-4904.4536, -3750.0513
-4956.0317, -3695.362
-5003.4014, -3630.0889
-5047.813, -3550.563
-5081.4893, -3459.4668
-5093.1636, -3352.0723
-5084.103, -3260.674
-5075.1787, -3157.939
-5078.24, -3059.6868
-5080.8794, -2938.3806
-5091.464, -2815.863
-5101.9395, -2687.2769
-5110.81, -2561.7544
-5117.206, -2437.7043
-5119.3643, -2317.5498
-5109.2915, -2174.8948
-5089.7285, -2064.5806
-5048.0605, -1971.5662
-4992.2773, -1904.649
-4927.061, -1856.6904
-4837.522, -1816.2393
-4728.3584, -1793.0094
-4601.5024, -1784.0071
-4478.178, -1784.1818
-4356.632, -1784.2916
-4197.543, -1790.908
-4075.148, -1804.4098
-3953.6257, -1824.9161
-3853.3384, -1839.0237
-3777.2031, -1850.5873
-3673.3975, -1866.1476
-3578.4912, -1869.6637
-3514.9312, -1854.9099
-3479.6682, -1828.2526
-3461.0044, -1814.0554
-3484.3137, -1824.6926
-3521.6255, -1835.7542
-3566.8467, -1829.7108
-3625.258, -1816.7759
-3719.2126, -1797.1881
-3836.8228, -1782.1125
-3963.1475, -1770.9866
-4086.7676, -1769.4106
-4210.379, -1774.0227
-4337.6094, -1780.7979
-4453.1123, -1787.0103
-4583.964, -1776.7609
-4699.6587, -1745.9777
-4807.8516, -1691.4895
-4902.9556, -1616.8289
-4966.617, -1535.3273
-4997.0923, -1456.199
-5012.3125, -1380.2854
-5019.83, -1333.3318
-5025.534, -1308.5837
-5033.413, -1276.453
-5061.189, -1222.4717
-5113.1924, -1165.8107
-5173.9814, -1131.7379
-5238.7847, -1120.9714
-5310.5723, -1120.863
-5348.3613, -1121.1127
-5377.9775, -1115.9229
-5379.1484, -1088.4459
-5365.6504, -1050.9583
-5342.9756, -1020.2903
-5313.544, -981.19305
-5278.7812, -925.8325
-5248.791, -866.4439
-5228.188, -803.4665
-5210.8984, -725.2582
-5200.546, -655.0058
-5191.8906, -569.03296
-5193.695, -484.2508
-5210.4785, -406.6544
-5240.523, -325.78122
-5287.8223, -240.54324
-5341.982, -163.65921
-5415.383, -95.70676
-5515.7256, -30.533928
-5610.418, 20.480875
-5687.2695, 66.83334
-5741.0757, 93.37461
-5787.5527, 107.524124
-5826.422, 116.58249
-5876.508, 124.15553
-5925.0254, 128.80441
-5993.4453, 127.30881
-6075.0254, 124.784836
-6166.3184, 123.06224
-6252.439, 125.74985
-6340.1357, 128.19296
-6424.009, 125.668304
-6520.8647, 123.90848
-6578.552, 124.95509
-6609.395, 126.551094
-6653.255, 135.64865
-6703.6333, 169.71683
-6751.202, 225.60184
-6788.3833, 293.43295
-6820.663, 379.73376
-6846.519, 464.30673
-6870.8438, 555.6512
-6888.3877, 646.6324
-6900.699, 739.92194
-6906.3906, 829.2478
-6909.459, 916.912
-6913.8555, 1011.6584
-6913.237, 1125.981
-6912.207, 1216.9677
-6922.1987, 1302.0342
-6946.4937, 1383.6927
-6979.9907, 1435.1798
-7032.957, 1471.2285
-7103.094, 1492.9532
-7215.128, 1508.638
-7327.8438, 1517.7224
-7457.44, 1529.5854
-7581.2334, 1537.6166
-7703.7134, 1539.4937
-7817.4434, 1535.7021
-7914.3335, 1523.8938
-7998.9106, 1492.4539
-8075.29, 1434.6547
-8139.171, 1365.8032
-8213.939, 1274.2844
-8303.291, 1169.0734
-8391.752, 1079.6433
-8496.805, 1006.9105
-8610.5, 959.6755
-8732.712, 926.48175
-8869.739, 907.5692
-9003.893, 906.123
-9128.854, 911.4748
-9254.973, 915.54297
-9390.856, 923.2806
-9516.11, 938.1757
-9631.225, 960.7543
-9704.889, 979.4137
-9742.582, 988.51196
-9772.211, 996.2561
-9801.803, 980.1509
-9812.598, 958.70166
-9808.141, 929.6758
-9787.267, 907.9471
-9755.268, 893.6349
-9708.059, 882.42395
-9635.549, 869.4585
-9550.413, 866.13556
-9431.887, 878.9075
-9313.035, 890.7793
-9185.622, 895.67303
-9051.49, 896.7642
-8923.729, 903.7509
-8803.152, 914.0774
-8664.293, 930.98505
-8544.473, 963.8895
-8436.655, 1025.0028
-8337.672, 1118.8855
-8261.768, 1219.1893
-8208.903, 1317.6692
-8171.207, 1442.7524
-8145.9995, 1576.563
-8127.913, 1691.5643
-8119.6807, 1781.2847
-8117.4297, 1846.6787
-8115.9365, 1891.2411
-8117.0776, 1940.8838
-8120.2017, 2008.529
-8123.311, 2087.6438
-8128.3564, 2172.8086
-8128.052, 2250.0906
-8128.121, 2329.253
-8140.7344, 2419.8286
-8166.0225, 2500.946
-8199.258, 2580.9868
-8249.243, 2671.1387
-8309.199, 2734.9658
-8380.289, 2770.2302
-8456.573, 2788.2354
-8542.578, 2796.3765
-8628.117, 2796.2947
-8715.988, 2789.187
-8808.252, 2779.898
-8890.223, 2778.021
-8971.57, 2780.231
-9048.027, 2781.2148
-9116.168, 2785.8154
-9192.508, 2799.882
-9275.666, 2821.9058
-9358.551, 2862.1199
-9412.485, 2921.2876
-9429.523, 2972.8196
-9432.85, 3031.637
-9429.479, 3095.7822
-9426.45, 3158.2432
-9425.52, 3239.2505
-9421.495, 3317.3242
-9412.705, 3367.1494
-9410.851, 3418.71
-9413.202, 3478.7842
-9423.368, 3535.9229
-9440.998, 3606.2544
-9466.133, 3701.692
-9484.155, 3786.2493
-9491.658, 3874.0483
-9482.209, 3976.0542
-9462.086, 4076.5742
-9447.388, 4167.164
-9439.121, 4256.2354
-9433.831, 4352.955
-9430.734, 4451.488
-9434.003, 4551.3184
-9440.323, 4665.285
-9449.355, 4786.7905
-9454.646, 4914.773
-9463.977, 5030.16
-9483.968, 5146.711
-9519.901, 5282.549
-9557.6455, 5402.2524
-9603.455, 5518.647
-9659.481, 5625.9546
-9731.539, 5732.6904
-9811.814, 5832.4775
-9902.62, 5919.351
-10000.384, 5990.721
-10115.081, 6052.5947
-10239.496, 6108.4385
-10352.956, 6147.4644
-10478.65, 6181.001
-10618.24, 6213.4854
-10746.396, 6241.0107
-10862.838, 6255.7104
-11005.928, 6264.8926
-11127.205, 6267.7017
-11255.428, 6257.9233
-11376.059, 6231.248
-11492.578, 6191.3013
-11608.016, 6145.5107
-11721.495, 6093.581
-11826.75, 6025.9565
-11921.17, 5946.439
-12028.72, 5845.893
-12120.59, 5744.417
-12189.397, 5646.4033
-12250.721, 5532.162
-12306.488, 5417.2363
-12354.215, 5289.6494
-12386.672, 5142.966
-12400.514, 5022.248
-12408.928, 4895.664
-12404.787, 4764.4307
-12387.416, 4629.484
-12363.854, 4510.835
-12317.185, 4372.638
-12261.758, 4269.317
-12187.383, 4161.874
-12105.543, 4050.5562
-12026.565, 3947.1194
-11939.229, 3858.0547
-11829.408, 3764.7952
-11726.759, 3680.271
-11624.883, 3604.766
-11507.808, 3540.2212
-11394.873, 3497.63
-11265.286, 3458.0474
-11140.409, 3434.4565
-11010.923, 3427.9531
-10880.988, 3436.9165
-10752.916, 3451.0452
-10628.979, 3476.8206
-10505.51, 3515.1785
-10377.746, 3561.388
-10253.513, 3606.4448
-10145.402, 3653.9893
-10022.842, 3714.5376
-9908.146, 3771.89
-9798.949, 3827.88
-9687.049, 3903.691
-9605.889, 3976.392
-9558.812, 4022.459
-9520.037, 4079.351
-9487.903, 4149.344
-9454.556, 4248.9297
-9433.739, 4374.8086
-9418.417, 4498.8335
-9410.156, 4618.327
-9410.012, 4747.958
-9414.34, 4868.053
-9416.864, 5000.884
-9425.451, 5125.455
-9448.972, 5258.7646
-9484.445, 5373.955
-9540.676, 5503.467
-9595.511, 5593.165
-9622.133, 5630.2827
-9640.111, 5648.9976
-9682.603, 5654.557
-9740.384, 5642.046
-9802.805, 5617.347
-9870.809, 5580.4355
-9952.776, 5532.3076
-10008.806, 5501.6675
-10037.172, 5487.9536
-10061.802, 5476.9443
-10089.225, 5477.3013
-10118.832, 5501.367
-10126.22, 5534.0103
-10115.051, 5562.143
-10082.545, 5591.585
-10043.688, 5622.0835
-10000.61, 5668.5693
-9983.189, 5717.9917
-9987.065, 5768.0596
-10010.757, 5816.4805
-10045.036, 5854.0947
-10094.829, 5888.6577
-10185.959, 5935.825
-10291.48, 5989.084
-10406.521, 6044.169
-10521.908, 6087.454
-10644.87, 6120.9414
-10765.355, 6147.2344
-10892.642, 6171.5737
-11009.742, 6183.4106
-11115.174, 6187.521
-11183.158, 6189.801
-11218.965, 6193.4336
-11248.392, 6192.8057
-11288.097, 6188.532
-11358.955, 6175.122
-11428.79, 6143.8726
-11509.712, 6096.9814
-11582.475, 6043.8906
-11642.9375, 5984.586
-11705.304, 5912.459
-11765.22, 5844.501
-11826.113, 5769.675
-11865.322, 5681.1914
-11879.112, 5594.507
-11884.079, 5543.151
-11887.314, 5512.505
-11872.197, 5529.401
-11858.887, 5563.6465
-11834.897, 5617.782
-11798.871, 5689.5874
-11742.289, 5788.6953
-11670.354, 5881.3306
-11591.814, 5946.882
-11515.914, 5975.568
-11446.285, 5977.9
-11388.006, 5963.8423
-11336.641, 5931.621
-11294.849, 5889.975
-11292.078, 5867.492
-11299.559, 5848.0474
-11295.683, 5869.7476
-11283.768, 5913.493
-11261.448, 5973.575
-11212.807, 6061.1475
-11135.922, 6144.722
-11047.319, 6203.8076
-10959.724, 6229.5586
-10894.484, 6227.8496
-10841.391, 6206.5273
-10775.014, 6159.234
-10713.244, 6105.019
-10648.746, 6042.3433
-10591.6045, 5983.3047
-10562.08, 5949.844
-10548.24, 5934.948
-10575.494, 5952.6943
-10608.1045, 5979.1006
-10646.635, 6011.2607
-10703.847, 6055.2437
-10769.825, 6101.0967
-10868.021, 6157.776
-10990.453, 6199.3115
-11114.964, 6213.8403
-11228.236, 6204.698
-11353.661, 6165.411
-11459.452, 6114.5303
-11567.699, 6049.6753
-11671.035, 5975.522
-11775.339, 5892.858
-11872.793, 5816.041
-11986.582, 5726.697
-12075.755, 5648.4873
-12161.309, 5562.7217
-12250.272, 5457.463
-12322.867, 5341.3975
-12358.055, 5230.5444
-12363.278, 5100.8926
-12356.926, 5023.747
-12354.97, 4980.808
-12346.451, 4956.2095
-12314.41, 4940.019
-12259.625, 4928.6855
-12190.412, 4912.625
-12095.79, 4885.9873
-12022.378, 4865.527
-11985.824, 4857.3535
-11962.568, 4879.53
-11970.93, 4911.165
-11974.423, 4873.865
-12009.305, 4847.0747
-12079.597, 4804.242
-12160.461, 4755.2627
-12249.385, 4690.1416
-12312.262, 4600.962
-12328.039, 4533.294
-12317.824, 4479.741
-12286.726, 4440.3926
-12250.101, 4398.667
-12201.907, 4352.473
-12117.449, 4272.107
-12062.467, 4220.1265
-12022.371, 4184.4272
-11947.229, 4153.123
-11895.969, 4144.7456
-11870.836, 4141.303
-11816.036, 4166.5645
-11754.53, 4217.5576
-11670.68, 4284.548
-11582.393, 4358.913
-11504.125, 4422.6187
-11421.39, 4486.329
-11349.764, 4539.062
-11286.352, 4590.9297
-11246.701, 4625.2354
-11211.553, 4661.7603
-11187.821, 4684.705
-11168.909, 4698.0083
-11147.873, 4707.1924
-11110.289, 4708.4824
-11066.022, 4697.4775
-11014.251, 4672.574
-10951.898, 4641.4424
-10877.65, 4619.3506
-10808.397, 4628.2573
-10772.258, 4655.088
-10751.575, 4673.7373
-10733.427, 4689.1978
-10740.639, 4710.8403
-10754.564, 4762.493
-10775.967, 4833.635
-10796.987, 4929.812
-10797.289, 5013.2075
-10776.964, 5071.169
-10766.131, 5088.6523
-10729.066, 5051.6914
-10709.54, 5038.632
-10690.206, 5008.7983
-10711.399, 5012.293
-10694.483, 5023.5234
-10653.455, 5051.1494
-10600.834, 5083.6143
-10549.135, 5118.9907
-10490.299, 5166.118
-10426.226, 5218.995
-10364.832, 5273.5693
-10302.377, 5332.6562
-10240.208, 5393.321
-10170.737, 5455.923
-10094.808, 5521.37
-10029.699, 5583.9795
-9972.927, 5637.562
-9926.84, 5682.3535
-9889.868, 5732.543
-9856.305, 5793.9565
-9837.393, 5830.6943
-9806.35, 5854.087
-9770.71, 5847.81
-9739.957, 5822.172
-9716.598, 5781.914
-9696.67, 5728.1855
-9675.416, 5656.6045
-9654.939, 5575.7305
-9635.007, 5483.2935
-9613.764, 5392.66
-9588.966, 5298.5396
-9569.947, 5208.329
-9558.43, 5107.7646
-9550.924, 5020.4297
-9543.172, 4928.8057
-9538.424, 4836.4663
-9532.809, 4745.613
-9518.254, 4659.252
-9495.567, 4566.5693
-9476.504, 4479.7363
-9461.301, 4381.69
-9449.547, 4282.1313
-9433.642, 4194.995
-9414.016, 4054.1016
-9413.701, 3932.9995
-9431.58, 3820.0383
-9446.31, 3722.9016
-9450.511, 3664.4512
-9452.178, 3591.2124
-9450.955, 3503.6099
-9446.186, 3427.337
-9442.065, 3372.4482
-9438.872, 3315.508
-9438.794, 3272.3823
-9434.612, 3233.0757
-9426.162, 3178.616
-9417.828, 3137.4658
-9408.293, 3086.2898
-9395.159, 3040.452
-9380.245, 3006.9639
-9348.763, 2967.896
-9284.734, 2909.1382
-9216.425, 2861.3872
-9129.81, 2818.4333
-9043.25, 2789.4202
-8967.834, 2772.8735
-8915.979, 2766.4082
-8860.501, 2765.1304
-8817.998, 2762.8857
-8766.621, 2763.7964
-8712.131, 2763.0896
-8667.732, 2761.6646
-8606.848, 2755.85
-8530.029, 2738.2046
-8453.952, 2711.4175
-8375.426, 2670.6042
-8296.757, 2612.3945
-8240.976, 2546.2393
-8196.332, 2465.4363
-8163.36, 2372.354
-8144.713, 2282.1091
-8137.3613, 2212.2368
-8134.6885, 2157.731
-8135.418, 2103.8105
-8137.5244, 2061.8408
-8142.9023, 2013.0674
-8151.082, 1956.9059
-8158.5273, 1909.922
-8158.6846, 1847.9315
-8143.773, 1759.8298
-8110.093, 1678.6499
-8053.0977, 1608.0808
-7990.392, 1567.2582
-7919.4316, 1548.6556
-7826.6724, 1542.4312
-7740.348, 1546.607
-7651.0156, 1556.5981
-7540.616, 1574.3698
-7449.4346, 1587.3427
-7355.084, 1594.1007
-7261.8374, 1593.7648
-7167.2466, 1580.1301
-7075.786, 1543.5369
-7003.3564, 1488.3615
-6948.843, 1417.3702
-6905.545, 1316.7207
-6881.029, 1200.4386
-6870.7246, 1079.4628
-6868.38, 948.4444
-6866.457, 799.7848
-6866.285, 670.8651
-6870.1465, 557.60425
-6877.7505, 458.19824
-6899.897, 365.5228
-6943.118, 287.76923
-7010.6074, 222.67064
-7069.1465, 188.53737
-7108.279, 169.10669
-7146.0405, 157.90675
-7202.937, 145.76372
-7302.948, 126.5381
-7426.3955, 102.790215
-7534.4365, 80.52568
-7662.907, 51.30273
-7788.9287, 21.028816
-7905.9346, -14.113921
-8020.0664, -52.00057
-8139.244, -92.58727
-8256.369, -130.66739
-8365.711, -170.72464
-8488.903, -225.81174
-8604.494, -294.4412
-8703.888, -369.7962
-8791.967, -463.97495
-8865.142, -570.84436
-8926.449, -678.0411
-8987.59, -795.98
-9035.676, -911.90063
-9076.039, -1035.5054
-9118.889, -1182.6257
-9149.441, -1306.4166
-9166.855, -1431.3806
-9171.671, -1559.2994
-9173.612, -1699.983
-9172.423, -1833.1338
-9166.374, -1977.4525
-9160.596, -2104.8127
-9159.891, -2228.034
-9158.457, -2352.8464
-9157.637, -2483.062
-9161.49, -2610.2842
-9171.098, -2751.4
-9175.74, -2868.1196
-9182.51, -2990.107
-9193.197, -3116.5068
-9206.326, -3237.845
-9214.447, -3353.5454
-9223.678, -3487.9392
-9235.199, -3607.0652
-9249.571, -3728.3418
-9260.116, -3851.5396
-9269.8545, -3979.9238
-9281.93, -4106.343
-9295.543, -4233.5166
-9300.899, -4357.396
-9302.51, -4485.79
-9306.844, -4605.9775
-9314.533, -4726.5596
-9317.148, -4842.62
-9320.207, -4962.668
-9325.785, -5081.5967
-9334.697, -5209.5283
-9339.939, -5332.516
-9345.136, -5460.758
-9351.088, -5586.838
-9354.531, -5707.97
-9349.146, -5830.529
-9337.588, -5958.45
-9326.129, -6078.333
-9312.561, -6213.272
-9292.488, -6335.0293
-9272.871, -6454.632
-9259.248, -6580.6655
-9255.148, -6708.412
-9254.727, -6836.0347
-9262.221, -6959.0527
-9277.553, -7087.4863
-9292.815, -7214.192
-9296.029, -7269.9023
-9296.766, -7315.9106
-9287.319, -7387.17
-9265.104, -7483.6733
-9228.332, -7604.378
-9183.93, -7715.187
-9134.545, -7830.926
-9083.971, -7957.911
-9036.324, -8080.331
-8981.44, -8212.086
-8926.624, -8341.076
-8878.416, -8460.334
-8828.01, -8572.647
-8767.094, -8701.1875
-8715.424, -8817.734
-8664.593, -8935.842
-8605.212, -9053.761
-8545.811, -9164.997
-8493.039, -9273.721
-8437.164, -9385.012
-8373.949, -9489.09
-8301.527, -9594.299
-8224.98, -9692.144
-8147.999, -9772.296
-8070.371, -9829.423
-7973.9556, -9869.36
-7911.5596, -9886.082
-7878.9595, -9895.855
-7833.343, -9893.859
-7775.236, -9885.922
-7706.8926, -9874.606
-7624.704, -9867.315
-7528.813, -9867.264
-7431.2583, -9872.128
-7342.575, -9880.316
-7252.173, -9899.182
-7164.4194, -9935.646
-7088.959, -9981.58
-7015.4453, -10033.178
-6939.348, -10092.697
-6880.76, -10150.317
-6826.384, -10203.294
-6745.796, -10272.978
-6648.9487, -10354.098
-6571.1167, -10426.174
-6501.428, -10494.935
-6418.2397, -10568.303
-6327.107, -10647.646
-6245.2285, -10725.636
-6179.1743, -10793.871
-6099.7075, -10865.669
-6012.866, -10942.331
-5921.159, -11026.904
-5843.165, -11102.12
-5751.3647, -11177.799
-5649.8804, -11247.703
-5552.087, -11310.098
-5431.144, -11384.061
-5327.526, -11435.436
-5198.503, -11487.004
-5081.075, -11528.472
-4952.7656, -11561.363
-4839.005, -11572.649
-4703.5767, -11567.747
-4579.29, -11549.087
-4455.853, -11509.033
-4353.2266, -11443.771
-4270.841, -11362.95
-4186.759, -11262.154
-4101.953, -11151.831
-4020.7861, -11055.307
-3933.7917, -10960.626
-3835.2627, -10871.334
-3750.8801, -10794.945
-3706.3916, -10753.117
-3685.2368, -10732.686
-3674.2246, -10705.607
-3690.7192, -10664.408
-3714.9387, -10618.885
-3729.6077, -10592.158
-3728.9888, -10563.53
-3699.8037, -10539.572
-3662.5884, -10514.609
-3606.6853, -10483.599
-3517.4736, -10438.825
-3422.1624, -10386.285
-3307.0903, -10321.317
-3197.87, -10264.953
-3075.7852, -10205.205
-2962.4163, -10143.935
-2851.561, -10086.045
-2737.8523, -10033.922
-2626.0518, -9984.15
-2509.7485, -9937.547
-2382.403, -9898.772
-2254.7134, -9873.108
-2121.8298, -9853.664
-1999.0125, -9841.499
-1880.7803, -9837.427
-1766.7373, -9840.939
-1661.1022, -9844.5625
-1554.2415, -9849.522
-1434.9026, -9857.086
-1308.5361, -9868.603
-1196.471, -9876.346
-1114.3534, -9876.981
-1065.2114, -9875.338
-1024.5833, -9875.541
-988.37823, -9877.658
-930.12854, -9880.87
-838.8583, -9886.25
-729.8451, -9889.46
-614.9739, -9894.09
-499.70883, -9898.182
-375.5191, -9898.981
-250.37628, -9900.511
-120.71792, -9907.161
3.871933, -9914.969
125.10154, -9918.975
250.84319, -9922.565
386.78864, -9931.763
501.24548, -9937.694
624.95447, -9936.079
746.61945, -9929.841
852.0952, -9927.061
943.8517, -9923.745
1023.21246, -9916.378
1084.9496, -9911.158
1157.9431, -9908.588
1218.8584, -9907.531
1296.0562, -9902.617
1405.5165, -9899.381
1514.1721, -9898.479
1651.0437, -9895.228
1768.7808, -9886.579
1853.3318, -9879.719
1929.3835, -9890.447
2036.0696, -9918.824
2123.5144, -9939.036
2163.7, -9947.316
2184.767, -9952.349
2214.794, -9981.519
2226.5752, -10020.446
2228.048, -10067.746
2217.491, -10118.845
2190.1523, -10189.209
2153.353, -10263.692
2103.0718, -10348.693
2039.6465, -10440.626
1962.4114, -10543.334
1885.0126, -10638.578
1803.7341, -10741.834
1721.3646, -10850.585
1653.3746, -10949.3
1592.757, -11056.8955
1553.4319, -11177.344
1542.0181, -11304.222
1546.0146, -11398.625
1545.4341, -11451.507
1545.9115, -11480.561
1549.7666, -11521.4795
1539.0778, -11600.08
1512.8615, -11678.168
1465.4132, -11756.19
1404.7837, -11824.155
1334.8763, -11885.848
1254.4373, -11949.003
1163.3884, -12018.293
1070.4078, -12088.102
977.3695, -12164.332
888.0367, -12241.379
794.34546, -12324.244
704.20496, -12405.695
612.5493, -12503.604
540.2201, -12596.645
464.41467, -12705.854
395.73804, -12813.572
341.62842, -12921.121
294.7994, -13024.027
239.83249, -13136.058
187.68893, -13243.27
144.6188, -13346.414
98.94676, -13454.416
44.1134, -13571.456
-13.250735, -13689.51
-61.364914, -13801.465
-107.679955, -13918.604
-147.3563, -14045.553
-169.5949, -14169.656
-176.42792, -14292.801
-184.37181, -14426.498
-205.2151, -14574.156
-224.54861, -14695.299
-241.13507, -14814.953
-256.6288, -14939.477
-276.39984, -15082.85
-288.82477, -15205.5
-296.86902, -15333.85
-304.6958, -15459.749
-317.026, -15588.523
-325.536, -15717.424
-335.33868, -15844.218
-350.43604, -15965.869
-369.97867, -16089.012
-384.51233, -16209.971
-397.19864, -16342.197
-413.77414, -16451.014
-461.34348, -16565.863
-533.5689, -16661.082
-621.4121, -16740.064
-711.1402, -16790.518
-816.6933, -16833.8
-949.92395, -16870.91
-1089.7554, -16889.715
-1222.1511, -16893.113
-1347.7114, -16906.588
-1473.7275, -16926.28
-1598.0632, -16939.213
-1703.1194, -16943.312
-1794.3906, -16946.848
-1864.5702, -16953.207
-1923.812, -16956.203
-2005.6963, -16954.543
-2105.5593, -16950.42
-2203.954, -16959.46
-2313.0688, -16986.084
-2417.6987, -17029.604
-2522.7383, -17088.738
-2604.6707, -17162.37
-2709.9849, -17255.824
-2801.912, -17319.543
-2878.9146, -17366.336
-2959.772, -17411.434
-3073.7808, -17463.438
-3196.9382, -17501.344
-3329.5737, -17538.004
-3457.9556, -17574.203
-3580.663, -17598.705
-3699.4424, -17610.232
-3825.3403, -17612.562
-3948.6987, -17610.197
-4078.498, -17598.254
-4207.4663, -17575.96
-4338.1377, -17547.414
-4458.9204, -17513.258
-4583.52, -17464.52
-4690.261, -17410.889
-4792.7466, -17347.73
-4869.332, -17295.629
-4937.1904, -17232.393
-5003.908, -17148.45
-5075.827, -17043.42
-5135.8604, -16936.582
-5190.6875, -16821.223
-5237.8354, -16706.445
-5287.297, -16575.469
-5319.553, -16465.195
-5340.9434, -16349.704
-5354.2373, -16264.228
-5373.8086, -16187.516
-5391.2744, -16123.93
-5404.5986, -16060.98
-5418.3945, -15968.398
-5432.485, -15854.697
-5456.5054, -15745.508
-5486.6353, -15629.957
-5515.0728, -15538.116
-5527.5054, -15487.26
-5543.12, -15457.141
-5585.7744, -15428.052
-5637.7344, -15406.308
-5705.968, -15383.074
-5781.961, -15363.344
-5870.759, -15339.112
-5958.903, -15328.3545
-6048.0347, -15332.453
-6091.7407, -15331.746
-6129.8228, -15324.818
-6187.169, -15301.305
-6261.0713, -15267.098
-6341.48, -15226.85
-6417.2227, -15172.373
-6483.233, -15111.373
-6561.68, -15049.73
-6642.113, -14997.586
-6735.5894, -14953.334
-6828.6724, -14932.764
-6907.294, -14939.216
-6993.5347, -14964.762
-7090.788, -15002.495
-7200.8086, -15050.962
-7304.3223, -15104.075
-7385.366, -15154.165
-7455.971, -15197.729
-7508.8936, -15231.78
-7557.712, -15267.357
-7603.313, -15305.734
-7628.2837, -15321.46
-7607.983, -15303.817
-7654.4277, -15313.754
-7706.792, -15348.295
-7797.9688, -15406.201
-7881.9043, -15462.476
-7990.993, -15532.788
-8093.1895, -15598.834
-8199.685, -15671.043
-8297.264, -15738.343
-8400.569, -15803.236
-8501.987, -15860.844
-8599.464, -15922.455
-8688.621, -15984.473
-8780.354, -16048.242
-8877.792, -16111.287
-8973.269, -16171.666
-9047.103, -16213.586
-9146.943, -16246.815
-9234.236, -16262.574
-9328.845, -16270.861
-9417.541, -16267.247
-9517.035, -16244.672
-9634.652, -16207.801
-9723.832, -16176.114
-9768.941, -16161.643
-9791.528, -16154.244
-9821.234, -16138.471
-9875.789, -16110.112
-9941.803, -16073.338
-10014.332, -16036.306
-10094.895, -15992.041
-10161.394, -15951.197
-10191.702, -15930.99
-10232.306, -15902.821
-10281.279, -15870.232
-10349.705, -15826.705
-10423.605, -15783.615
-10502.957, -15734.695
-10579.184, -15684.927
-10650.242, -15639.039
-10726.883, -15588.656
-10804.641, -15532.126
-10871.492, -15483.782
-10950.738, -15438.635
-11034.03, -15398.604
-11116.356, -15357.712
-11194.425, -15322.291
-11289.089, -15292.765
-11398, -15269.433
-11524.694, -15252.37
-11657.754, -15232.365
-11779.533, -15213.337
-11913.07, -15193.725
-12045.345, -15174.316
-12172.422, -15156.9375
-12286.772, -15150.985
-12411.99, -15151.124
-12551.423, -15153.262
-12671.845, -15149.887
-12797.115, -15149.383
-12919.156, -15147.011
-13053.992, -15139.733
-13174.107, -15131.068
-13312.863, -15131.474
-13433.335, -15136.82
-13567.96, -15145.398
-13685.1875, -15161.658
-13790.635, -15191.73
-13914.071, -15238.295
-14029.873, -15282.846
-14122.493, -15321.574
-14229.43, -15371.439
-14330.998, -15420.794
-14444.101, -15467.396
-14546.05, -15512.415
-14655.619, -15577.884
-14752.279, -15646.918
-14857.3, -15720.89
-14955.3, -15790.65
-15052.959, -15869.198
-15144.895, -15947.533
-15248.666, -16036.665
-15346.285, -16127.517
-15441.199, -16220.44
-15549.275, -16321.601
-15663.72, -16418.785
-15761.427, -16496.234
-15885.793, -16583.969
-16011.358, -16671.607
-16115.314, -16744.992
-16221.636, -16830.035
-16345.727, -16924.684
-16464.04, -16991.834
-16602.22, -17052.44
-16729.3, -17110.441
-16865.832, -17164.936
-17006.941, -17201.12
-17133.018, -17192.6
-17197.242, -17155.553
-17222.475, -17108.91
-17227.71, -17059.62
-17212.043, -16986.217
-17178.91, -16910.863
-17099.2, -16769.488
-17035.973, -16658.293
-16957.008, -16535.674
-16866.33, -16427.936
-16747.744, -16320.278
-16630.602, -16241.092
-16493.707, -16179.204
-16348.328, -16129.209
-16224.374, -16084.987
-16092.43, -16043.66
-15929.711, -15995.404
-15797.957, -15951.162
-15669.85, -15903.615
-15515.197, -15847.027
-15391.45, -15799.313
-15260.195, -15733.213
-15142.595, -15655.934
-15033.494, -15567.85
-14924.208, -15472.274
-14797.189, -15405.818
-14664.477, -15377.9795
-14540.01, -15369.846
-14368.713, -15345.327
-14234.102, -15326.67
-14089.602, -15296.096
-13962.898, -15246.092
-13873.208, -15202.467
-13829.344, -15185.262
-13808.775, -15168.822
-13827.537, -15143.205
-13864.841, -15135.776
-13903.143, -15147.075
-13942.01, -15164.107
-13996.854, -15187.232
-14079.895, -15222.064
-14198.047, -15255.336
-14354.484, -15275.078
-14495.079, -15257.359
-14593.151, -15214.635
-14649.592, -15160.898
-14681.163, -15082.209
-14691.056, -15020.269
-14698.766, -14955.631
-14696.82, -14863.219
-14688.977, -14740.358
-14685.901, -14622.8545
-14687.967, -14540.837
-14678.572, -14452.271
-14660.769, -14325.711
-14643.719, -14186.481
-14621.57, -14046.252
-14587.936, -13916.075
-14555.393, -13762.09
-14530.55, -13621.516
-14502.196, -13464.686
-14483.574, -13331.477
-14481.412, -13266.922
-14483.686, -13226.129
-14488.125, -13195.113
-14490.135, -13168.537
-14495.975, -13127.672
-14510.749, -13063.8545
-14510.965, -12995.717
-14484.969, -12901.042
-14455.07, -12821.526
-14446.411, -12791.394
-14437.276, -12766.637
-14419.338, -12734.898
-14390.531, -12718.693
-14363.61, -12732.759
-14349.809, -12760.041
-14351.13, -12786.027
-14371.722, -12822.955
-14414.178, -12871.971
-14469.538, -12930.739
-14514.049, -13013.322
-14512.304, -13091.074
-14504.752, -13134.8125
-14489.745, -13202.589
-14472.603, -13275.369
-14463.449, -13330.823
-14467.672, -13388.72
-14494.404, -13461.387
-14522.087, -13531.418
-14555.59, -13624.5
-14586.543, -13730.579
-14606.577, -13819.465
-14620.994, -13924.115
-14634.809, -14045.131
-14654.513, -14144.637
-14682.517, -14249.45
-14704.413, -14350.318
-14720.991, -14450.685
-14736.629, -14549.282
-14741.269, -14646.27
-14715.523, -14712.805
-14674.809, -14748.824
-14624.552, -14752.879
-14589.853, -14738.115
-14561.912, -14712.056
-14518.904, -14661.386
-14482.715, -14621.031
-14432.223, -14571.306
-14358.244, -14503.74
-14285.49, -14437.342
-14186.27, -14347.033
-14099.051, -14280.371
-14048.074, -14234.898
-13980.34, -14166.668
-13896.028, -14084.016
-13848.606, -14042.666
-13824.707, -14022.322
-13801.572, -13985.271
-13799.931, -13940.198
-13809.459, -13856.314
-13831.339, -13742.444
-13850.889, -13658.454
-13862.842, -13551.851
-13859.211, -13438.592
-13847.4795, -13339.803
-13841.567, -13292.459
-13806.16, -13264.046
-13744.309, -13251.725
-13684.681, -13259.525
-13606.736, -13268.323
-13459.137, -13272.366
-13321.004, -13256.433
-13211.369, -13238.76
-13151.254, -13224.836
-13119.191, -13214.102
-13094.047, -13199.545
-13052.377, -13150.574
-13028.416, -13086.901
-13032.487, -13037.775
-13051.85, -12969.984
-13086.904, -12837.514
-13107.611, -12697.805
-13112.467, -12569.442
-13098.143, -12431.856
-13055.03, -12254.754
-13018.001, -12124.991
-12974.588, -11985.355
-12930.408, -11847.726
-12885.119, -11719.669
-12849.565, -11593.52
-12806.42, -11422.153
-12774.732, -11307.441
-12756.248, -11252.137
-12744.1875, -11193.442
-12724.113, -11063.45
-12706.224, -10940.663
-12692.869, -10802.971
-12685.512, -10662.634
-12682.574, -10523.241
-12676.568, -10392.742
-12670.106, -10254.801
-12668.221, -10118.819
-12666.056, -9946.209
-12664.974, -9822.226
-12672.996, -9681.307
-12679.99, -9536.295
-12682.576, -9442.738
-12695.913, -9382.804
-12721.991, -9301.191
-12751.403, -9220.965
-12763.299, -9185.158
-12764.162, -9161.485
-12738.631, -9149.907
-12713.821, -9157.613
-12694.773, -9184.559
-12688.58, -9212.967
-12695.768, -9262.335
-12710.152, -9323.674
-12728.768, -9408.233
-12742.918, -9520.381
-12745.066, -9633.511
-12741.981, -9767.369
-12730.953, -9900.119
-12716.745, -10047.371
-12703.773, -10215.413
-12696.244, -10349.8955
-12686.998, -10494.416
-12683.218, -10657.611
-12684.606, -10790.963
-12681.723, -10929.787
-12684.588, -11078.152
-12694.088, -11181.096
-12719.916, -11283.215
-12756.376, -11391.995
-12774.395, -11536.84
-12788.51, -11621.081
-12806.911, -11663.2705
-12853.935, -11710.034
-12895.318, -11751.236
-12945.648, -11819.233
-12988.481, -11940.867
-13016.3, -12060.665
-13038.347, -12154.531
-13060.729, -12236.625
-13074.888, -12301.991
-13087.613, -12341.39
-13066.659, -12331.641
-13076.037, -12357.736
-13081.936, -12416.0625
-13085.843, -12515.05
-13081.664, -12645.15
-13066.89, -12782.415
-13042.477, -12941.19
-13023.346, -13021.213
-13011.738, -13063.549
-12991.31, -13095.961
-12940.142, -13126.776
-12880.929, -13149.821
-12835.031, -13148.509
-12812.176, -13129.718
-12799.325, -13110.415
-12785.252, -13077.511
-12775.417, -13039.277
-12770.852, -13008.156
-12764.859, -12946.185
-12758.388, -12886.408
-12752.689, -12829.769
-12747.722, -12753.694
-12744.875, -12717.291
-12737.319, -12671.4375
-12728.134, -12627.984
-12721.362, -12593.885
-12715.585, -12555.662
-12711.611, -12524.627
-12701.572, -12471.555
-12694.151, -12436.124
-12687.07, -12398.809
-12677.851, -12346.975
-12673.266, -12316.095
-12666.977, -12291.251
-12659.869, -12255.925
-12643.4375, -12195.681
-12622.272, -12120.319
-12598.518, -12031.043
-12569.856, -11918.165
-12542.75, -11820.78
-12522.871, -11731.306
-12510.893, -11660.965
-12504.867, -11620.251
-12499.637, -11590.662
-12495.434, -11541.34
-12493.152, -11497.941
-12494.788, -11460.389
-12492.212, -11392.291
-12485.985, -11303.335
-12481.613, -11224.526
-12475.952, -11124.487
-12464.985, -11002.721
-12456.026, -10882.407
-12450.361, -10743.869
-12450.355, -10565.111
-12449.152, -10429.884
-12450.574, -10293.937
-12462.006, -10121.9375
-12469.428, -9990.396
-12476.867, -9851.56
-12490.209, -9692.878
-12498.243, -9573.805
-12501.239, -9508.068
-12500.4375, -9467.74
-12481.338, -9421.42
-12431.522, -9366.618
-12375.099, -9329.322
-12316.506, -9325.286
-12247.05, -9339.436
-12155.21, -9390.699
-12098.452, -9437.709
-12064.438, -9466.371
-12046.997, -9481.308
-12036.326, -9463.413
-12044.734, -9429.127
-12077.19, -9399.443
-12109.587, -9385.333
-12139.895, -9378.332
-12193.979, -9372.7705
-12286.1, -9369.031
-12380.289, -9380.62
-12476.471, -9434.781
-12507.156, -9478.6045
-12517.097, -9531.548
-12513.057, -9613.273
-12503.76, -9697.671
-12484.394, -9791.815
-12456.336, -9906.215
-12438.557, -9962.63
-12391.121, -10036.689
-12338.217, -10085.462
-12312.507, -10066.359
-12291.203, -10037.904
-12222.9375, -9968.623
-12166.484, -9919.909
-12135.895, -9900.185
-12109.728, -9906.846
-12104.185, -9931.732
-12101.67, -9952.686
-12144.738, -9925.05
-12136.071, -9952.403
-12100.739, -9985.107
-12035.369, -10033.42
-12003.845, -10046.336
-11975.151, -10055.246
-12002.957, -10085.084
-12024.672, -10094.177
-12058.217, -10086.36
-12108.989, -10059.566
-12165.736, -10028.061
-12240.089, -10007.802
-12320.765, -10021.154
-12374.329, -10055.093
-12412.526, -10100.671
-12436.52, -10165.63
-12442.337, -10239.175
-12438.826, -10337.522
-12441.71, -10461.829
-12448.604, -10568.283
-12455.178, -10677.814
-12461.818, -10802.113
-12464.936, -10904.195
-12459.718, -11008.576
-12447.957, -11134.664
-12444.931, -11186.713
-12444.555, -11215.705
-12425.849, -11255.711
-12377.803, -11314.042
-12326.184, -11368.605
-12296.139, -11400.893
-12267.75, -11408.3545
-12218.8125, -11386.483
-12194.382, -11339.884
-12187.805, -11288.056
-12181.039, -11225.107
-12162.998, -11139.84
-12129.437, -11074.656
-12075.583, -11003.136
-12010.087, -10897.71
-12006.272, -10833.035
-12032.852, -10820.578
-12049.547, -10844.842
-12054.119, -10874.461
-12054.469, -10925.168
-12053.951, -10992.991
-12052.709, -11075.309
-12053.36, -11131.726
-12095.632, -11133.486
-12141.012, -11142.566
-12178.288, -11176.994
-12199.909, -11229.63
-12229.107, -11277.516
-12268.602, -11313.691
-12339.717, -11351.885
-12405.113, -11385.393
-12465.561, -11443.201
-12490.414, -11512.229
-12490.412, -11571.573
-12492.525, -11626.184
-12503.483, -11687.305
-12513.259, -11744.889
-12519.176, -11778.675
-12522.3, -11833.871
-12502.951, -11893.012
-12465.446, -11930.579
-12406.635, -11953.567
-12341.484, -11980.38
-12285.98, -12026.044
-12230.739, -12089.718
-12200.86, -12119.447
-12184.298, -12132.5625
-12154.621, -12128.853
-12137.791, -12102.074
-12148.002, -12071.27
-12191.898, -12040.554
-12245.091, -12020.813
-12317.221, -11996.42
-12426.344, -11945.114
-12504.582, -11896.412
-12549.56, -11869.222
-12571.365, -11823.9
-12570.329, -11768.301
-12556.66, -11721.161
-12541.823, -11666.824
-12534.111, -11638.201
-12525.728, -11600.691
-12508.688, -11551.787
-12492.166, -11516.286
-12478.938, -11491.085
-12458.686, -11471.025
-12398.906, -11442.073
-12308.527, -11415.121
-12179.716, -11398.951
-12073.728, -11396.252
-11960.803, -11400.547
-11856.119, -11410.846
-11805.721, -11415.263
-11766.519, -11418.399
-11727.184, -11419.779
-11687.838, -11423.83
-11655.549, -11429.215
-11620.57, -11436.199
-11598.299, -11446.286
-11572.407, -11472.72
-11551.342, -11529.244
-11545.481, -11600.829
-11546.998, -11697.709
-11546.717, -11818.367
-11540.864, -11922.198
-11512.559, -12025.123
-11448.436, -12104.164
-11396.861, -12124.332
-11323.168, -12142.611
-11237.564, -12160.58
-11181.604, -12143.358
-11150.74, -12102.319
-11154.484, -12053.823
-11173.395, -11993.582
-11189.753, -11920.578
-11181.413, -11814.486
-11149.17, -11720.111
-11116.013, -11632.233
-11100.641, -11575.283
-11093.533, -11539.407
-11084.296, -11505.651
-11070.905, -11453.0625
-11062.39, -11396.879
-11051.517, -11330.471
-11012.485, -11270.963
-10954.47, -11247.012
-10913.76, -11238.578
-10888.544, -11256.216
-10881.41, -11280.148
-10878.0625, -11312.14
-10861.383, -11374.771
-10847.035, -11460.939
-10830.957, -11570.844
-10833.019, -11690.095
-10873.57, -11799.569
-10933.021, -11886.518
-10991.404, -11971.695
-11055.681, -12062.089
-11125.91, -12112.498
-11188.451, -12121.221
-11248.114, -12109.542
-11329.996, -12090.648
-11426.24, -12072.417
-11548.85, -12073.533
-11612.402, -12077.955
-11660.52, -12112.704
-11683.489, -12166.816
-11690.887, -12257.818
-11689.254, -12336.357
-11691.963, -12381.129
-11699.189, -12405.697
-11720.957, -12453.166
-11758.1045, -12518.417
-11782.508, -12570.221
-11794.64, -12594.576
-11796.193, -12621.897
-11770.684, -12638.1
-11730.697, -12659.015
-11697.3, -12677.091
-11649.1, -12712.965
-11603.211, -12764.249
-11535.275, -12835.487
-11491.451, -12928.09
-11447.174, -13022.506
-11388.5205, -13094.494
-11346.339, -13122.92
-11322.875, -13116.851
-11322.635, -13082.053
-11340.251, -13044.385
-11370.373, -13010.666
-11406.986, -12973.997
-11464.331, -12923.546
-11550.146, -12856.912
-11632.82, -12797.51
-11700.816, -12750.139
-11739.365, -12727.98
-11752.207, -12698.678
-11744.362, -12657.811
-11730.482, -12622.777
-11716.048, -12590.919
-11699.673, -12549.557
-11689.56, -12513.401
-11680.545, -12474.693
-11670.473, -12438.152
-11663.563, -12404.9795
-11654.229, -12350.047
-11636.179, -12246.357
-11616.03, -12150.049
-11585.902, -12021.057
-11565.18, -11917.346
-11544.223, -11822.445
-11516.05, -11719.463
-11491.818, -11619.741
-11470.365, -11498.945
-11455.705, -11407.568
-11440.433, -11302.465
-11430.438, -11204.503
-11419.832, -11077.068
-11405.893, -10975.154
-11388.672, -10881.39
-11381.838, -10804.374
-11380.272, -10765.611
-11380.425, -10705.627
-11378.54, -10644.432
-11377.492, -10589.215
-11367.178, -10487.087
-11357.29, -10400.025
-11340.881, -10296.248
-11325.974, -10191.739
-11310.319, -10080.59
-11288.683, -9964.561
-11267.832, -9867.046
-11259.748, -9822.869
-11240.07, -9787.854
-11173.705, -9728.637
-11082.705, -9687.037
-10995.421, -9666.904
-10908.798, -9659.383
-10817.5205, -9671.085
-10713.106, -9688.545
-10611.568, -9696.627
-10504.762, -9702.973
-10458.799, -9706.592
-10438.025, -9709.634
-10485.965, -9704.455
-10527.472, -9695.411
-10602.279, -9692.385
-10709.289, -9695.961
-10859.217, -9687.861
-11020.116, -9679.99
-11110.109, -9683.187
-11155.701, -9688.051
-11200.442, -9704.5
-11247.194, -9748.127
-11259.341, -9764.162
-11265.4, -9793.578
-11265.068, -9862.51
-11269.006, -9980.804
-11274.256, -10079.324
-11279.667, -10180.9
-11287.816, -10282.422
-11298.633, -10408.861
-11300.919, -10476.073
-11298.12, -10508.073
-11263.739, -10530.92
-11205.458, -10530.574
-11155.93, -10514.875
-11106.693, -10479.666
-11072.136, -10440.632
-11038.473, -10384.291
-10995.626, -10312.579
-10941.267, -10236.93
-10881.41, -10151.373
-10850.998, -10055.619
-10866.215, -10008.434
-10895.606, -9994.175
-10928.244, -10006.188
-10963.0205, -10043.634
-10981.95, -10088.544
-10985.604, -10150.47
-10967.2295, -10216.478
-10946.943, -10275.201
-10947.027, -10313.288
-10975.852, -10347.027
-10999.279, -10392.189
-11038.822, -10452.413
-11083.909, -10483.505
-11137.44, -10486.26
-11186.675, -10466.845
-11243.203, -10442.458
-11294.887, -10402.218
-11320.852, -10345.553
-11329.918, -10283.189
-11327.162, -10170.66
-11314.912, -10041.042
-11281.359, -9916.291
-11232.528, -9814.792
-11144.76, -9719.932
-11068.338, -9682.637
-10993.777, -9671.029
-10925.717, -9671.025
-10814.254, -9675.793
-10700.633, -9685.617
-10570.902, -9694.348
-10402.258, -9692.865
-10274.0625, -9689.202
-10146.947, -9688.077
-10072.33, -9689.941
-9965.139, -9713.227
-9849.531, -9775.537
-9739.384, -9876.817
-9646.735, -9995.5
-9593.636, -10109.115
-9550.666, -10270.053
-9519.102, -10416.846
-9487.804, -10558.395
-9467.898, -10710.379
-9448.295, -10873.609
-9435.9, -11018.895
-9437.3125, -11161.145
-9446.482, -11305.518
-9464.89, -11465.523
-9494.476, -11588.525
-9537.537, -11729.29
-9587.8125, -11855.166
-9673.131, -11983.072
-9753.699, -12077.276
-9854.199, -12182.355
-9949.566, -12294.849
-10062.309, -12417.282
-10152.152, -12521.33
-10249.302, -12649.159
-10332.892, -12762.173
-10416.472, -12882.328
-10490.541, -12996.656
-10562.842, -13102.543
-10654.373, -13209.051
-10746.824, -13313.348
-10820.678, -13395.064
-10853.017, -13433.498
-10833.709, -13426.357
-10856.691, -13446.759
-10836.497, -13407.785
-10851.979, -13434.539
-10864.625, -13469.336
-10842.835, -13508.172
-10813.976, -13529.185
-10797.518, -13566.623
-10820.273, -13608.242
-10860.184, -13630.765
-10920.626, -13642.471
-11005.576, -13646.254
-11151.978, -13637.662
-11297.106, -13610.868
-11454.918, -13564.891
-11581.7705, -13524.652
-11703.242, -13482.363
-11856.512, -13430.331
-11958.962, -13398.627
-11999.914, -13388.279
-12045.497, -13373.711
-12129.04, -13347.004
-12225.127, -13312.698
-12311.232, -13286.244
-12400.402, -13261.383
-12463.213, -13241.587
-12550.269, -13204.84
-12624.1455, -13147.023
-12683.965, -13066.053
-12720.526, -13014.182
-12731.401, -12966.71
-12721.085, -12905.161
-12705.7, -12847.199
-12694.696, -12815.807
-12685.434, -12793.28
-12669.996, -12839.678
-12673.4, -12875.451
-12676.877, -12917.316
-12672.719, -12976.09
-12655.322, -13032.906
-12619.428, -13089.607
-12570.078, -13140.524
-12508.818, -13187.76
-12418.712, -13243.069
-12324.254, -13293.644
-12201.836, -13346.415
-12035.667, -13409.594
-11902.12, -13457.798
-11773.124, -13495.087
-11621.983, -13529.154
-11460.249, -13564.096
-11333.2705, -13581.592
-11186.535, -13585.661
-11023.9375, -13567.683
-10878.542, -13535.317
-10753.953, -13483.958
-10638.342, -13417.43
-10528.146, -13351.264
-10484.723, -13308.279
-10460.284, -13252.387
-10437.535, -13193.098
-10415.379, -13134.786
-10396.484, -13074.1045
-10371.455, -12997.161
-10339.5205, -12917.2
-10293.605, -12827.42
-10240.412, -12743.705
-10160.846, -12627.256
-10081.085, -12545.299
-9979.816, -12472.215
-9862.419, -12422.4375
-9772.01, -12398.543
-9711.359, -12384.986
-9680.506, -12380.154
-9637.121, -12397.865
-9590.433, -12439.812
-9533.211, -12506.943
-9488.164, -12607.9795
-9477.123, -12693.777
-9487.811, -12778.044
-9507.918, -12886.253
-9525.877, -12997.002
-9525.8545, -13111.796
-9506.986, -13219.118
-9478.13, -13322.038
-9420.978, -13463.634
-9342.18, -13609.865
-9267.046, -13736.622
-9199.2295, -13861.876
-9131.196, -13982.763
-9052.687, -14134.607
-9002.657, -14261.067
-8959.4, -14394.607
-8920.622, -14566.536
-8904.107, -14720.142
-8894.155, -14906.122
-8893.668, -15054.431
-8915.338, -15206.715
-8961.919, -15342.294
-9045.576, -15477.376
-9144.066, -15559.786
-9251.936, -15618.447
-9378.69, -15688.779
-9496.195, -15776.148
-9588.256, -15884.229
-9640.629, -16003.091
-9650.412, -16129.463
-9624.404, -16230.816
-9573.8545, -16307.277
-9488.125, -16398.396
-9395.346, -16481.988
-9296.924, -16559.418
-9171.149, -16644.742
-9056.476, -16715.914
-8940.34, -16780.184
-8869.967, -16813.465
-8836.839, -16828.375
-8807.817, -16837.514
-8738.024, -16844.404
-8609.483, -16836.129
-8476.497, -16811.535
-8316.53, -16785.451
-8173.46, -16768.395
-8073.0557, -16760.164
-7958.871, -16770.959
-7855.562, -16800.62
-7746.557, -16841.842
-7645.0586, -16896.441
-7562.921, -16970.955
-7494.3853, -17053.602
-7446.368, -17111.906
-7416.16, -17152.375
-7377.3613, -17213.252
-7326.917, -17304.258
-7296.4346, -17356.832
-7281.2134, -17381.879
-7235.0483, -17382.7
-7216.8853, -17354.336
-7222.2695, -17315.428
-7247.6807, -17276.395
-7285.116, -17236.262
-7337.281, -17187.89
-7406.1953, -17099.79
-7445.467, -17005.23
-7458.894, -16924.266
-7456.8433, -16826.047
-7470.9033, -16713.996
-7509.8657, -16640.225
-7563.786, -16593.695
-7637.6914, -16564.992
-7743.212, -16554.146
-7882.729, -16550.342
-7976.709, -16539.695
-7997.2314, -16518.531
-7973.988, -16546.277
-7966.469, -16567.5
-7968.883, -16590.209
-7997.029, -16601.012
-8022.84, -16607.035
-8045.7256, -16644.072
-8059.449, -16664.49
-8102.949, -16723.35
-8168.1426, -16775.584
-8270.867, -16816.254
-8407.764, -16833.45
-8519.918, -16822.408
-8633.177, -16786.934
-8778.169, -16720.365
-8924.529, -16634.398
-9012.457, -16568.389
-9049.901, -16532.74
-9065.455, -16487.893
-9067.848, -16433.725
-9055.371, -16379.787
-9022.561, -16322.879
-8993.278, -16281.611
-8952.824, -16237.317
-8859.601, -16134.404
-8776.384, -16050.99
-8730.221, -16004.521
-8683.305, -15949.213
-8635.495, -15903.186
-8574.228, -15847.509
-8501.418, -15775.828
-8439.746, -15714.348
-8397.328, -15675.087
-8324.91, -15618.914
-8270.598, -15580.03
-8179.125, -15512.517
-8060.169, -15433.817
-7934.5654, -15355.056
-7808.45, -15268.408
-7724.376, -15209.354
-7646.8145, -15162.888
-7588.843, -15132
-7522.3906, -15093.749
-7474.8677, -15066.838
-7442.071, -15051.647
-7390.3164, -15029.398
-7289.125, -14996.275
-7200.964, -14976.603
-7092.3247, -14969.231
-6980.5825, -14968.5205
-6855.434, -14966.762
-6781.7627, -14986.246
-6718.409, -15026.482
-6655.506, -15073.748
-6565.4434, -15139.272
-6495.314, -15189.122
-6415.2217, -15244.5
-6313.567, -15293.57
-6214.386, -15320.962
-6109.624, -15334.633
-5982.459, -15325.791
-5879.8237, -15296.052
-5781.132, -15263.256
-5662.143, -15268.111
-5593.4565, -15301.367
-5538.0127, -15368.802
-5509.8306, -15462.382
-5494.9785, -15565.227
-5482.413, -15718.377
-5469.7856, -15884.211
-5460.8774, -16018.732
-5442.8545, -16140.551
-5412.8857, -16291.307
-5391.5767, -16410.172
-5362.1416, -16527.254
-5309.955, -16640.434
-5249.92, -16752.715
-5172.9097, -16870.504
-5073.0576, -16981.914
-4973.8584, -17071.04
-4861.9834, -17164.852
-4735.092, -17255.275
-4615.223, -17324.951
-4487.6294, -17392.812
-4333.877, -17455.236
-4208.683, -17496.54
-4067.3281, -17528.73
-3914.9841, -17553.004
-3779.126, -17561.072
-3630.939, -17557.266
-3462.1719, -17547.916
-3324.2197, -17533.574
-3162.9895, -17505.465
-2992.789, -17464.236
-2871.9966, -17417.734
-2740.2405, -17349.205
-2586.33, -17282.96
-2442.939, -17234.025
-2296.7786, -17181.303
-2141.4585, -17139.598
-1993.948, -17118.12
-1856.2659, -17091.027
-1723.9686, -17054.943
-1604.9891, -17001.076
-1487.2605, -16913.729
-1429.4408, -16814.092
-1427.5466, -16744.998
-1454.2893, -16693.648
-1510.2124, -16657.22
-1584.7302, -16618.787
-1696.4568, -16558.8
-1806.5125, -16499.39
-1880.034, -16461.316
-2000.3647, -16391.652
-2121.7595, -16322.082
-2246.7295, -16249.422
-2391.366, -16153.359
-2481.447, -16087.066
-2525.9617, -16050.584
-2571.1948, -15993.317
-2633.796, -15907.439
-2687.1777, -15838.203
-2761.596, -15764.033
-2853.2026, -15681.442
-2931.721, -15601.326
-2996.198, -15529.597
-3057.2246, -15434.391
-3090.8364, -15360.651
-3104.5837, -15328.2
-3081.9192, -15317.914
-3047.669, -15333.327
-3017.482, -15363.943
-2981.7886, -15408.738
-2945.437, -15447.084
-2884.538, -15473.069
-2824.3977, -15487.168
-2787.315, -15489.529
-2748.5383, -15479.432
-2679.8665, -15451.421
-2567.7246, -15412.457
-2441.8188, -15370.967
-2303.7078, -15327.745
-2224.6982, -15308.3125
-2165.2368, -15296.154
-2073.9912, -15282.281
-1999.3069, -15275.962
-1890.3494, -15272.577
-1769.0383, -15269.345
-1657.6421, -15258.775
-1553.8022, -15243.37
-1435.5615, -15218.664
-1320.9397, -15176.783
-1223.5239, -15127.272
-1126.2523, -15076.737
-1026.9707, -15022.114
-923.97144, -14963.544
-815.8121, -14905.728
-724.86896, -14851.758
-618.6856, -14789.607
-508.54877, -14753.098
-406.65106, -14746.834
-340.10184, -14744.128
-312.3108, -14745.423
-277.36926, -14778.35
-218.53378, -14802.713
-172.33868, -14789.047
-157.19867, -14752.711
-167.4766, -14709.771
-205.87741, -14673.956
-265.49615, -14659.946
-325.86295, -14675.568
-391.9448, -14706.109
-493.58038, -14748.0625
-602.58356, -14791.615
-743.1009, -14844.907
-914.33405, -14907
-1061.5209, -14957.53
-1209.3835, -15012.812
-1332.0358, -15059.877
-1370.803, -15071.558
-1396.5779, -15074.746
-1454.8083, -15037.219
-1525.4441, -14993.759
-1598.7733, -14905.691
-1654.214, -14796.822
-1695.2625, -14696.559
-1726.2537, -14600.433
-1754.9475, -14487.25
-1782.8071, -14384.294
-1807.035, -14288.26
-1828.3074, -14188.218
-1842.1932, -14121.332
-1845.1921, -14048.999
-1842.3839, -13980.981
-1835.402, -13910.484
-1831.3818, -13859.039
-1828.9905, -13802.139
-1825.6912, -13750.138
-1818.636, -13670.076
-1813.0577, -13592.922
-1812.3322, -13558.237
-1818.3491, -13513.077
-1841.4509, -13440.178
-1873.6267, -13354.9795
-1926.7859, -13246.486
-1979.9215, -13168.035
-2042.0564, -13089.996
-2113.548, -12995.257
-2156.088, -12941.771
-2176.821, -12917.979
-2159.5808, -12955.393
-2147.972, -12980.732
-2124.8838, -13006.532
-2084.5557, -13048.478
-2002.5769, -13123.774
-1908.2789, -13216.27
-1844.2697, -13288.359
-1802.7468, -13335.4
-1781.2042, -13357.4795
-1778.1743, -13398.122
-1768.6781, -13488.35
-1759.6012, -13600.029
-1748.242, -13695.103
-1737.2056, -13815.844
-1753.6814, -13912.514
-1796.5526, -14019.912
-1834.9781, -14129.809
-1852.3087, -14211.244
-1859.4595, -14293.047
-1848.2257, -14395.511
-1806.9872, -14498.263
-1752.8564, -14607.447
-1705.3187, -14725.975
-1662.1237, -14835.913
-1621.4336, -14958.854
-1575.5072, -15067.012
-1517.8698, -15135.692
-1413.4414, -15193.459
-1330.2314, -15208.51
-1276.2698, -15184.459
-1220.4052, -15133.699
-1141.7334, -15064.11
-1049.1465, -14993.687
-910.82477, -14900.633
-767.85706, -14822.364
-635.6664, -14779.773
-518.0165, -14775.73
-452.22223, -14805.29
-418.6204, -14851.569
-391.17404, -14924.335
-361.01318, -15050.156
-335.21283, -15198.592
-312.38312, -15377.26
-306.61646, -15512.039
-317.05878, -15679.867
-338.86154, -15843.012
-353.92413, -16016.695
-369.82703, -16176.855
-387.30804, -16316.99
-395.8603, -16475.225
-370.6624, -16632.93
-317.31924, -16768.367
-220.18147, -16901.285
-123.594315, -16973.648
-15.009703, -17010.934
67.74974, -17010.596
161.43304, -16979.229
265.4969, -16920.145
363.54718, -16842.89
424.30618, -16787.86
482.69196, -16725.049
543.6916, -16620.008
580.9523, -16520.957
612.0786, -16419.3
639.16394, -16337.457
657.343, -16258.699
703.3909, -16130.902
775.8242, -16031.937
847.13367, -15987.035
903.1664, -15965.758
949.88983, -15960.9
987.83527, -15961.669
1026.1553, -15968.137
1064.7312, -15972.748
1097.3604, -15976.092
1136.6138, -15988.293
1189.0431, -16020.683
1236.4553, -16069.518
1277.2661, -16136.907
1305.9785, -16202.719
1321.6084, -16257.752
1331.5957, -16297.279
1350.0381, -16335.688
1392.4314, -16369.441
1460.7834, -16388.043
1520.6785, -16377.347
1549.1241, -16347.287
1557.335, -16307.174
1558.8234, -16262.472
1559.0547, -16225.496
1569.3538, -16182.23
1586.6431, -16132.916
1607.8083, -16097.352
1650.6653, -16058.967
1702.7482, -16029.414
1736.0286, -16010.885
1790.456, -15965.248
1878.3517, -15902.654
1991.9211, -15859.73
2081.5557, -15821.17
2188.1123, -15752.69
2242.8032, -15713.57
2267.9758, -15696.381
2245.0156, -15696.649
2211.2837, -15707.927
2175.0327, -15737.326
2129.6067, -15771.802
2071.8545, -15809.734
1976.1388, -15851.857
1851.9457, -15884.516
1734.9097, -15909.621
1673.1394, -15923.734
1641.059, -15951.407
1616.1323, -16015.533
1587.6045, -16115.923
1550.045, -16232.281
1511.9004, -16310.6045
1484.4329, -16353.068
1441.3445, -16371.213
1407.564, -16362.445
1384.3806, -16328.017
1364.336, -16267.223
1344.7046, -16180.345
1326.8485, -16117.717
1281.311, -16061.961
1231.4518, -16037.436
1160.1274, -16022.305
1040.544, -16007.953
938.8042, -16003.363
883.7308, -16011.571
827.85095, -16014.516
758.8414, -16019.27
663.9839, -16029.242
543.12854, -16047.55
420.1454, -16061.3955
314.31647, -16059.362
242.62312, -16051.334
197.41998, -16029.787
159.08382, -15998.422
122.275696, -15964.861
72.269745, -15918.145
4.786278, -15834.258
-71.12471, -15711.947
-127.10292, -15600.295
-195.68385, -15449.003
-254.75385, -15308.283
-299.8349, -15160.476
-330.5577, -15014.659
-334.6395, -14838.3545
-311.60156, -14675.041
-285.30255, -14533.166
-253.69148, -14401.223
-207.85564, -14249.804
-163.73155, -14107.768
-123.089745, -13974.811
-73.052246, -13820.848
-29.383839, -13678.83
22.294422, -13537.157
90.263954, -13388.855
160.08357, -13249.799
204.77065, -13150.824
246.97821, -13069.074
309.0439, -12962.07
361.02484, -12868.942
395.94336, -12800.004
452.88452, -12712.962
494.93402, -12651.666
550.1627, -12557.122
633.08295, -12434.881
724.0409, -12339.861
829.84705, -12244.225
894.7912, -12183.219
958.89954, -12145.271
1037.5093, -12108.153
1154.6655, -12044.267
1248.6287, -11975.368
1349.4419, -11894.999
1400.6582, -11839.553
1429.806, -11762.534
1446.5947, -11658.129
1454.5123, -11515.84
1447.1746, -11372.598
1433.1647, -11232.053
1429.2593, -11157.085
1429.2434, -11121.668
1459.9537, -11050.126
1510.7728, -10983.816
1589.6882, -10904.627
1676.2819, -10829.328
1758.2509, -10757.167
1864.3696, -10671.008
1953.6028, -10596.609
2022.2617, -10496.181
2063.4033, -10386.318
2085.1973, -10282.899
2078.4744, -10174.014
2071.6167, -10137.255
2064.333, -10112.779
2059.9612, -10066.174
2079.5002, -10004.983
2118.2563, -9944.9
2206.3867, -9844.763
2287.6646, -9758.887
2351.4343, -9674.299
2388.2998, -9588.46
2415.558, -9471.844
2433.0981, -9364.73
2441.0432, -9250.739
2434.1228, -9144.32
2418.5942, -9046.477
2388.6711, -8934.89
2345.5935, -8855.221
2282.8916, -8763.504
2219.7905, -8656.891
2161.059, -8547.279
2117.794, -8423.5
2089.9216, -8297.255
2059.1768, -8166.94
2038.1074, -8048.9443
2026.302, -7980.6904
2023.5671, -7954.1914
2046.9614, -7959.4863
2075.2625, -7989.7
2088.1416, -8031.9966
2085.0103, -8085.823
2070.8135, -8163.1978
2060.0684, -8264.729
2066.0483, -8384.067
2093.3892, -8505.779
2149.0605, -8619.949
2221.5142, -8722.641
2288.0068, -8835.494
2342.2908, -8954.589
2370.5977, -9075.02
2379.0542, -9192.092
2370.7842, -9310.055
2345.7437, -9411.168
2306.2673, -9504.088
2275.5132, -9576.792
2255.772, -9634.751
2256.217, -9685.719
2239.9065, -9670.758
2255.772, -9657.715
2235.8584, -9700.688
2184.7407, -9759.197
2091.0227, -9814.867
1994.2302, -9836.122
1884.6212, -9840.155
1765.5828, -9850.546
1645.4916, -9859.459
1517.1334, -9865.171
1395.2977, -9874.256
1279.3555, -9880.935
1121.8956, -9887.97
984.67615, -9893.766
822.8731, -9906.394
673.6713, -9909.205
522.09094, -9901.868
352.75256, -9890.375
209.02351, -9877.779
72.41743, -9869.014
-81.39449, -9865.806
-220.4003, -9866.121
-377.7824, -9867.51
-529.2582, -9876.548
-677.33606, -9883.407
-876.7092, -9879.243
-1037.6594, -9879.805
-1174.8187, -9876.561
-1284.9209, -9865.532
-1417.8688, -9855.435
-1486.6699, -9855.772
-1598.3408, -9850.266
-1736.8403, -9843.283
-1872.9496, -9846.089
-2060.6677, -9847.926
-2226.918, -9845.723
-2362.4312, -9850.8125
-2500.6394, -9861.874
-2656.0435, -9886.728
-2725.062, -9900.515
-2752.0923, -9906.927
-2774.4285, -9913.461
-2824.5667, -9945.188
-2893.6694, -10006.803
-3000.8154, -10099.93
-3117.2349, -10207.507
-3241.8306, -10324.518
-3341.4993, -10429.92
-3437.083, -10533.007
-3555.4365, -10660.957
-3674.3645, -10789.953
-3787.1091, -10915.925
-3890.8928, -11021.367
-3993.0718, -11118.132
-4123.42, -11249.018
-4232.809, -11347.839
-4381.0435, -11457.205
-4515.742, -11536.652
-4691.0083, -11600.123
-4832.1587, -11612.422
-5003.639, -11591.071
-5151.7007, -11536.528
-5306.4106, -11467.034
-5441.9346, -11399.264
-5554.183, -11327.279
-5684.662, -11220.754
-5813.8916, -11092.238
-5926.1426, -10983.076
-6025.766, -10890.579
-6108.6963, -10826.678
-6199.1772, -10753.903
-6279.233, -10676.053
-6354.996, -10607.752
-6406.176, -10566.945
-6464.7725, -10514.133
-6551.1367, -10435.87
-6630.1997, -10366.775
-6708.369, -10291.561
-6769.121, -10227.082
-6828.794, -10177.3955
-6873.5, -10144.967
-6926.1904, -10104.782
-6970.8486, -10067.637
-7030.176, -10035.227
-7097.2847, -10004.776
-7138.551, -9984.162
-7160.057, -9971.78
-7201.4033, -9952.529
-7271.394, -9925.544
-7378.6016, -9905.689
-7487.1875, -9895.775
-7610.5605, -9887.508
-7737.691, -9892.21
-7843.666, -9900.396
-7897.628, -9901.247
-7923.397, -9899.1
-7996.741, -9864.769
-8084.312, -9800.945
-8181.312, -9714.804
-8267.728, -9630.679
-8361.496, -9541.217
-8447.827, -9450.817
-8538.59, -9357.052
-8631.517, -9283.996
-8744.416, -9214.107
-8844.869, -9156.585
-8957.537, -9093.6
-9057.588, -9027.979
-9160.098, -8960.104
-9251.602, -8915.285
-9336.172, -8879.225
-9436.547, -8838.3545
-9530.985, -8803.387
-9568.55, -8795.494
-9601.326, -8817.15
-9631.581, -8861.335
-9687.932, -8957.1875
-9726.803, -9070.291
-9743.155, -9172.85
-9748.711, -9297.048
-9740.1875, -9413.68
-9722.186, -9530.838
-9705.92, -9655.266
-9686.748, -9759.744
-9658.344, -9879.16
-9632.949, -9990.077
-9602.921, -10100.771
-9567.496, -10201.558
-9529.628, -10318.848
-9502.008, -10425.198
-9468.736, -10540.468
-9438.267, -10644.787
-9413.349, -10757.328
-9393.266, -10857.306
-9376.1045, -10974.584
-9375.356, -11076.047
-9391.601, -11201.967
-9408.587, -11303.499
-9435.023, -11414.907
-9473.833, -11522.861
-9518.616, -11636.517
-9556.444, -11736.781
-9596.32, -11840.591
-9649.255, -11942.561
-9715.118, -12038.326
-9788.398, -12126.577
-9866.87, -12221.5625
-9941.597, -12319.27
-10007.83, -12405.727
-10085.222, -12498.721
-10148.661, -12581.947
-10212.031, -12674.629
-10265.964, -12759.518
-10325.464, -12861.371
-10358.887, -12922.87
-10372.473, -12951.825
-10355.971, -12918.437
-10332.094, -12876.965
-10299.446, -12832.846
-10262.765, -12782.634
-10205.922, -12714.855
-10134.779, -12633.55
-10051.168, -12534.743
-9975.406, -12441.691
-9873.05, -12325.17
-9784.329, -12223.197
-9659.773, -12048.127
-9577.632, -11909.538
-9511.191, -11767.284
-9466.68, -11643.45
-9428.655, -11521.266
-9404.471, -11442.84
-9397.908, -11384.879
-9391.305, -11281.607
-9384.86, -11163.147
-9382.865, -11031.385
-9395.178, -10898.562
-9423.32, -10734.833
-9448.38, -10613.047
-9483.56, -10496.06
-9520.799, -10380.299
-9549.386, -10266.387
-9585.186, -10146.123
-9625.992, -10001.2295
-9659.057, -9850.614
-9685.922, -9713.771
-9701.565, -9641.258
-9708.978, -9606.801
-9721.915, -9552.314
-9740.249, -9450.619
-9756.189, -9363.244
-9775.083, -9252.381
-9782.841, -9153.076
-9774.709, -9046.073
-9743.53, -8945.712
-9697.489, -8886.5
-9639.763, -8851.6875
-9567.642, -8832.754
-9478.926, -8828.133
-9374.379, -8833.368
-9285.256, -8835.893
-9224.22, -8821.33
-9177.886, -8803.105
-9134.662, -8775.806
-9098.777, -8746.316
-9073.427, -8711.332
-9056.178, -8677.953
-9048.997, -8649.449
-9041.958, -8601.282
-9041.135, -8521.437
-9047.399, -8409.616
-9065.299, -8278.774
-9092.452, -8131.463
-9116.586, -7985.9023
-9139.526, -7864.9634
-9167.18, -7719.1367
-9193.703, -7569.4375
-9227.368, -7377.8853
-9253.604, -7216.4834
-9266.469, -7088.075
-9274.658, -6985.5693
-9279.311, -6870.8037
-9278.282, -6800.198
-9269.384, -6760.3887
-9233.743, -6709.7183
-9146.369, -6623.4756
-9061.401, -6558.9194
-8964.139, -6502.675
-8855.72, -6452.844
-8737.27, -6421.2646
-8624.255, -6404.381
-8524.624, -6382.673
-8409.595, -6356.162
-8337.105, -6347.2
-8296.705, -6345.858
-8273.348, -6348.1973
-8209.749, -6364.722
-8120.26, -6386.0146
-8013.884, -6417.7793
-7902.3525, -6473.909
-7818.2793, -6542.6865
-7736.0645, -6634.436
-7662.944, -6734.4263
-7592.5312, -6838.5513
-7508.348, -6945.726
-7421.493, -7053.149
-7330.763, -7163.408
-7191.5073, -7298.9243
-7060.6187, -7391.889
-6929.4814, -7462.021
-6799.737, -7507.648
-6645.3174, -7536.204
-6514.38, -7555.1475
-6365.3086, -7573.3896
-6223.838, -7584.6147
-6071.5576, -7596.142
-5930.7085, -7602.913
-5775.1377, -7597.204
-5622.4927, -7589.1284
-5494.0635, -7586.867
-5358.415, -7585.2104
-5206.179, -7578.514
-5078.4844, -7576.59
-4934.949, -7576.968
-4807.145, -7572.8867
-4625.9473, -7572.255
-4480.703, -7575.0664
-4350.313, -7569.596
-4252.1187, -7562.806
-4123.762, -7562.301
-4002.9688, -7564.6226
-3868.3833, -7565.4316
-3719.275, -7567.1465
-3592.8555, -7571.078
-3463.5981, -7563.3945
-3322.5986, -7554.533
-3160.6428, -7552.6343
-3030.1575, -7545.6577
-2937.5225, -7535.032
-2882.8147, -7527.4185
-2858.7344, -7524.545
-2833.7039, -7509.4873
-2796.622, -7464.1587
-2759.5903, -7383.0723
-2734.651, -7291.998
-2715.9985, -7213.268
-2716.1426, -7151.8984
-2723.428, -7081.401
-2731.0088, -6988.263
-2729.1033, -6877.748
-2722.7288, -6761.552
-2709.6143, -6652.086
-2693.52, -6555.8184
-2677.633, -6446.9062
-2683.9294, -6368.966
-2724.3347, -6315.684
-2771.9749, -6292.0386
-2816.11, -6294.62
-2847.6536, -6318.9414
-2861.419, -6356.8574
-2851.6243, -6399.956
-2816.7695, -6452.8047
-2779.4727, -6492.558
-2725.604, -6553.6807
-2681.0254, -6642.664
-2653.4548, -6754.4194
-2637.408, -6876.442
-2646.246, -6956.581
-2693.5027, -7053.906
-2732.1204, -7147.934
-2737.0754, -7231.752
-2716.0889, -7298.422
-2677.5864, -7350.5537
-2638.1497, -7378.9883
-2600.4158, -7393.552
-2555.0513, -7405.2617
-2443.245, -7428.618
-2298.645, -7455.261
-2210.5786, -7468.245
-2130.8347, -7480.314
-2038.1404, -7489.48
-1932.0398, -7487.0225
-1848.8427, -7482.8975
-1794.5437, -7480.4136
-1770.1042, -7478.304
-1702.637, -7473.581
-1610.2308, -7474.573
-1507.2551, -7484.285
-1372.0295, -7508.655
-1267.6648, -7525.0625
-1145.1709, -7546.631
-1031.265, -7572.427
-927.57117, -7592.545
-825.9137, -7611.887
-710.80554, -7638.7783
-598.72504, -7666.2188
-472.3606, -7690.187
-315.77054, -7722.7686
-154.8692, -7759.7256
12.977211, -7784.478
134.89548, -7795.0083
215.535, -7803.0366
284.38626, -7816.3164
388.11163, -7836.6978
519.0223, -7867.749
663.2081, -7905.943
804.17676, -7936.283
948.3094, -7961.7017
993.4459, -7972.811
1016.6718, -7978.2
974.80316, -7981.056
922.93243, -7979.7715
851.6682, -7953.4893
734.63806, -7873.3433
659.207, -7780.509
613.4667, -7690.8926
595.6858, -7651.554
584.5138, -7626.973
579.63043, -7594.354
576.6691, -7458.743
576.2453, -7287.8286
576.805, -7112.716
571.80066, -6952.8574
570.33765, -6792.3506
570.2707, -6643.4863
556.5116, -6435.326
549.89734, -6272.8086
547.4463, -6133.082
538.6243, -5970.4297
532.8111, -5808.727
529.2556, -5633.1665
519.6221, -5460.773
516.37787, -5286.7397
513.3814, -5134.545
505.8011, -4979.2607
500.6773, -4809.7544
497.17468, -4654.515
480.2278, -4436.546
468.70444, -4241.4727
450.3852, -4076.356
432.97708, -3936.374
429.1331, -3864.2625
427.99347, -3836.6597
380.98462, -3810.4446
295.67734, -3784.2397
132.92023, -3766.94
-68.81443, -3771.7764
-201.27171, -3797.4026
-358.59195, -3826.409
-530.01965, -3846.9604
-687.7441, -3866.7568
-835.09216, -3884.5022
-1007.7682, -3893.9893
-1179.1532, -3901.9858
-1333.1921, -3909.1804
-1509.5731, -3908.0676
-1670.4153, -3910.0388
-1809.6036, -3911.937
-1980.4584, -3906.3262
-2138.982, -3900.6929
-2295.1885, -3899.7217
-2472.9026, -3915.079
-2621.8713, -3948.583
-2759.3682, -3984.0903
-2917.5469, -4014.9482
-3078.4336, -4012.632
-3244.5984, -3972.4814
-3380.2598, -3921.2444
-3550.4265, -3878.8894
-3672.9119, -3875.4028
-3753.679, -3877.5708
-3790.8948, -3897.8218
-3803.0513, -3950.0288
-3798.1702, -4035.745
-3789.7725, -4137.101
-3791.4478, -4254.6504
-3801.273, -4349.49
-3807.5344, -4412.2515
-3814.4792, -4450.9473
-3791.2854, -4430.6694
-3806.6714, -4395.5654
-3829.3613, -4416.5957
-3900.5679, -4434.392
-3985.27, -4415.134
-4022.8433, -4376.008
-4052.7136, -4298.999
-4078.8555, -4229.7583
-4105.7, -4177.615
-4155.4805, -4100.576
-4201.6133, -4042.357
-4283.205, -3982.4888
-4382.571, -3945.3145
-4454.213, -3923.2031
-4513.042, -3908.3298
-4551.961, -3898.7134
-4581.157, -3894.3264
-4669.446, -3893.7441
-4771.2134, -3892.64
-4890.1416, -3886.552
-4960.7383, -3880.198
-5022.5405, -3842.9092
-5062.9307, -3772.9204
-5068.957, -3705.587
-5069.7134, -3606.6592
-5065.6333, -3476.7073
-5060.5757, -3301.4346
-5063.9126, -3188.6165
-5089.5034, -3022.65
-5101.959, -2845.2253
-5113.62, -2693.7295
-5123.584, -2544.9658
-5122.79, -2359.7131
-5120.613, -2215.3894
-5114.116, -2055.4768
-5107.704, -1974.6471
-5103.2285, -1940.2285
-5101.923, -1920.1776
-5095.408, -1836.5068
-5086.839, -1697.2593
-5075.175, -1533.7963
-5075.082, -1392.9651
-5090.1377, -1239.0405
-5095.1113, -1172.5714
-5102.455, -1104.5134
-5118.5376, -990.6389
-5138.9756, -861.67114
-5156.251, -737.0147
-5190.021, -577.2156
-5231.8125, -449.87756
-5287.706, -331.15518
-5366.412, -235.66328
-5509.1807, -121.70015
-5598.299, -54.091446
-5670.2905, -7.954097
-5733.2397, 22.696104
-5807.419, 55.34059
-5873.976, 77.431046
-6012.3774, 92.16899
-6178.846, 92.045425
-6344.19, 99.741745
-6498.6016, 116.36215
-6662.4805, 181.95946
-6758.709, 265.86288
-6837.69, 383.11996
-6893.3936, 545.0395
-6931.097, 687.4318
-6958.2373, 874.2574
-6960.4517, 1065.6398
-6960.1426, 1212.8043
-6979.086, 1316.8252
-7069.744, 1429.1525
-7176.2065, 1492.1367
-7324.6655, 1520.8876
-7487.785, 1520.7592
-7678.835, 1512.4974
-7855.6606, 1493.0823
-7963.2026, 1486.7825
-8017.1904, 1487.1752
-8053.4517, 1511.2327
-8079.136, 1572.8643
-8093.2314, 1645.9028
-8102.63, 1763.685
-8118.834, 1899.3962
-8130.15, 2006.3286
-8149.1016, 2153.1406
-8175.2695, 2244.578
-8206.498, 2319.339
-8245.095, 2401.4363
-8264.865, 2452.9805
-8268.659, 2476.8367
-8257.322, 2501.9333
-8254.236, 2523.2778
-8253.3545, 2573.335
-8240.829, 2643.0342
-8249.117, 2705.7524
-8286.282, 2748.5796
-8344.107, 2767.4243
-8434.093, 2772.3162
-8536.8545, 2768.1997
-8644.045, 2757.4282
-8752.766, 2747.475
-8853.27, 2745.5771
-8948.59, 2747.708
-9061.553, 2758.5083
-9150.801, 2782.1743
-9231.467, 2824.9204
-9287.907, 2889.6746
-9309.156, 2986.2725
-9292.736, 3069.9082
-9275.844, 3125.5767
-9266.284, 3173.133
-9267.061, 3235.1719
-9271.898, 3280.322
-9283.715, 3329.5083
-9305.464, 3378.1382
-9333.481, 3441.2588
-9392.283, 3552.5073
-9450.941, 3652.4297
-9531.475, 3730.8052
-9628.148, 3770.97
-9725.035, 3770.7788
-9822.932, 3743.5522
-9984.399, 3698.582
-10163.902, 3652.441
-10333.196, 3605.3955
-10496.146, 3567.358
-10695.007, 3522.5059
-10857.69, 3489.4395
-11015.446, 3484.746
-11172.826, 3496.8474
-11362.171, 3537.0796
-11505.306, 3590.8171
-11667.442, 3667.017
-11805.523, 3753.8667
-11921.43, 3843.5781
-12065.868, 3945.9834
-12245.834, 4070.625
-12356.127, 4182.8047
-12449.821, 4330.6943
-12508.203, 4524.821
-12495.764, 4619.5415
-12459.473, 4683.322
-12436.564, 4740.342
-12407.016, 4883.1943
-12391.456, 5016.574
-12384.431, 5165.3027
-12359.05, 5351.257
-12287.59, 5531.8857
-12190.459, 5690.797
-12075.094, 5841.787
-11945.139, 5986.7017
-11793.272, 6083.208
-11631.455, 6135.1685
-11468.588, 6187.5356
-11270.627, 6258.853
-11072.407, 6316.9766
-10894.247, 6344.4785
-10728.733, 6330.67
-10528.189, 6287.2207
-10338.847, 6222.2734
-10183.82, 6161.384
-10034.802, 6089.1665
-9870.245, 5967.4355
-9728.069, 5831.9277
-9629.69, 5700.2065
-9550.69, 5542.591
-9485.737, 5378.8877
-9442.107, 5168.175
-9431.201, 4986.755
-9428.142, 4819.634
-9436.944, 4643.0522
-9447.265, 4435.5864
-9446.431, 4258.048
-9446.455, 4075.9304
-9437.109, 3906.9863
-9426.922, 3758.533
-9419.337, 3590.29
-9406.177, 3449.3145
-9401.069, 3355.3896
-9403.176, 3277.6377
-9399.957, 3226.0032
-9397.647, 3174.0232
-9395.671, 3119.8176
-9390.839, 3025.792
-9378.384, 2968.3196
-9310.369, 2856.6846
-9194.983, 2764.9648
-9070.266, 2723.4846
-8954.448, 2712.0981
-8869.415, 2714.857
-8810.424, 2716.201
-8745.941, 2722.1348
-8676.718, 2727.938
-8590.63, 2721.8347
-8452.457, 2684.98
-8321.074, 2632.7532
-8190.0415, 2521.2288
-8130.667, 2375.4448
-8118.497, 2288.0103
-8120.2114, 2222.8047
-8124.118, 2153.5757
-8128.2866, 2087.3235
-8128.8516, 2024.6731
-8123.705, 1943.1885
-8103.787, 1858.435
-8049.871, 1737.9048
-7958.696, 1628.6387
-7851.1504, 1547.3099
-7743.719, 1501.5822
-7625.3926, 1467.2411
-7512.499, 1425.1581
-7401.4443, 1355.2671
-7304.408, 1250.8135
-7238.6777, 1149.3265
-7170.201, 1049.3245
-7104.5923, 942.2647
-7058.0894, 849.1482
-7007.062, 723.0405
-6974.7803, 592.76624
-6978.779, 469.11075
-7024.668, 329.88702
-7090.91, 231.62883
-7213.1973, 127.49123
-7406.2715, 35.793503
-7558.604, -7.625514
-7743.7563, -32.900475
-7924.3755, -53.167133
-8084.125, -81.56032
-8243.566, -114.62707
-8415.673, -178.08447
-8546.717, -262.4799
-8684.532, -376.74554
-8786.288, -490.9755
-8895.441, -653.6741
-8998.141, -830.4855
-9059.798, -966.0355
-9130.111, -1130.6812
-9206.296, -1271.5331
-9250.003, -1339.607
-9331.131, -1411.1407
-9453.216, -1467.6147
-9569.51, -1495.7937
-9701.108, -1510.7764
-9838.045, -1508.1156
-9979.555, -1517.7306
-10077.383, -1543.6796
-10192.9375, -1592.602
-10297.711, -1660.5889
-10400.2, -1743.9767
-10501.291, -1829.68
-10603.334, -1935.4476
-10694.862, -2094.8955
-10760.89, -2276.357
-10792.76, -2430.4978
-10833.776, -2595.3823
-10905.514, -2784.3047
-10992.351, -2947.8994
-11075.072, -3077.1448
-11163.177, -3229.9468
-11213.761, -3389.1658
-11234.24, -3465.8174
-11253.037, -3555.3972
-11270.564, -3660.3213
-11278.558, -3705.5688
-11282.045, -3731.0425
-11305.312, -3746.983
-11351.802, -3751.212
-11448.282, -3722.8137
-11538.041, -3673.314
-11620.469, -3646.7517
-11652.04, -3653.0984
-11689.849, -3681.238
-11731.785, -3706.734
-11763.334, -3722.7878
-11825.293, -3741.14
-11957.486, -3793.8457
-12085.308, -3917.2527
-12145.952, -4036.2236
-12185.032, -4161.3525
-12228.155, -4338.912
-12249.282, -4522.7085
-12240.58, -4671.274
-12201.614, -4849.1885
-12105.483, -5004.8
-12010.428, -5091.908
-11902.367, -5172.366
-11771.217, -5239.13
-11657.578, -5298.7744
-11587.914, -5338.2188
-11527.722, -5365.2847
-11487.879, -5385.3447
-11518.538, -5411.972
-11545.213, -5413.9946
-11596.938, -5397.241
-11665.029, -5358.4565
-11765.582, -5292.575
-11893.172, -5223.409
-12039.766, -5175.7817
-12183.529, -5170.049
-12332.423, -5200.41
-12466.032, -5260.838
-12571.414, -5316.0566
-12627.666, -5344.413
-12714.713, -5381.557
-12828.732, -5408.2817
-12931.461, -5426.2246
-13057.385, -5445.1465
-13204.415, -5461.6094
-13310.597, -5475.924
-13430.599, -5491.95
-13509.078, -5501.274
-13557.433, -5501.0674
-13638.288, -5484.6855
-13753.453, -5445.66
-13868.177, -5386.612
-13969.631, -5307.0957
-14050.478, -5206.671
-14116.084, -5069.018
-14157.309, -4932.419
-14198.307, -4750.7446
-14237.809, -4566.421
-14270.285, -4414.728
-14311.348, -4241.293
-14337.568, -4054.2266
-14347.052, -3880.6338
-14333.621, -3667.192
-14309.251, -3485.6562
-14292.749, -3352.462
-14268.579, -3188.2578
-14247.051, -3077.2776
-14233.123, -2941.9763
-14224.041, -2797.876
-14209.356, -2600.3433
-14198.811, -2418.2148
-14170.64, -2260.9343
-14116.057, -2114.772
-14025.04, -1957.2911
-13928.84, -1874.2123
-13824.269, -1816.283
-13684.824, -1769.2008
-13491.683, -1728.4597
-13313.298, -1693.3391
-13135.647, -1665.6074
-12977.18, -1655.6562
-12775.261, -1662.2024
-12582.181, -1695.9751
-12431.401, -1740.78
-12287.746, -1787.3793
-12150.221, -1847.5708
-12003.1045, -1914.9766
-11868.692, -1964.4421
-11718.797, -2011.7795
-11556.752, -2073.5984
-11485.274, -2095.841
-11463.511, -2100.4734
-11438.504, -2103.1667
-11389.002, -2085.793
-11322.928, -2036.3406
-11255.904, -1960.859
-11167.086, -1834.2418
-11093.115, -1718.8542
-11037.096, -1591.1653
-10981.337, -1442.4513
-10957.185, -1379.6007
-10940.711, -1329.3544
-10919.754, -1275.4172
-10891.061, -1204.9277
-10876.4795, -1162.2361
-10866.669, -1107.5518
-10853.409, -987.9126
-10837.041, -831.63525
-10827.039, -681.4979
-10831.112, -531.98065
-10855.766, -349.8587
-10905.884, -193.37274
-10954.923, -77.82154
-10996.483, 51.77584
-11014.376, 138.02333
-11041.745, 267.65027
-11067.808, 403.50723
-11093.164, 560.21814
-11109.276, 635.82776
-11115.52, 662.8
-11122.504, 698.6674
-11149.68, 765.8425
-11204.281, 851.60596
-11263.3955, 943.67786
-11311.875, 1050.5227
-11320.681, 1174.8806
-11294.745, 1255.2522
-11238.79, 1321.0026
-11165.812, 1358.273
-11079.25, 1373.4272
-10975.277, 1352.6775
-10899.559, 1300.9324
-10850.613, 1228.0754
-10841.076, 1149.6549
-10869.098, 1090.5753
-10934.172, 1034.4501
-10998.273, 1001.0552
-11101.645, 985.9824
-11201.946, 1013.4137
-11265.684, 1063.5684
-11301.498, 1135.705
-11304.253, 1211.3093
-11283.365, 1321.2053
-11244.921, 1475.8341
-11207.703, 1633.7019
-11164.715, 1791.2668
-11144.092, 1863.309
-11136.776, 1886.9646
-11127.656, 1906.3866
-11089.839, 1949.6217
-11007.651, 1988.9436
-10903.67, 2014.2383
-10725.6875, 2020.0889
-10566.257, 2017.3157
-10398.465, 2024.4502
-10229.432, 2035.215
-10167.451, 2036.1038
-10134.766, 2036.3214
-10078.613, 2039.8867
-10006.941, 2042.2213
-9918.746, 2069.3706
-9901.97, 2117.4197
-9949.761, 2123.186
-10016.956, 2110.682
-10118.052, 2096.5303
-10268.832, 2073.5083
-10455.41, 2044.5011
-10612.966, 2028.5795
-10793.7705, 2016.6732
-10966.2705, 2011.7659
-11125.969, 2017.5823
-11299.166, 2022.9067
-11485.136, 2028.2505
-11657.408, 2040.2185
-11803.187, 2045.2115
-11981.6, 2051.0188
-12165.623, 2064.4395
-12318.358, 2066.6519
-12460.266, 2067.711
-12523.883, 2073.055
-12544.791, 2064.548
-12538.576, 2031.009
-12500.781, 2011.4565
-12443.219, 1990.6855
-12384.986, 1963.021
-12298.78, 1894.3273
-12258.208, 1813.4966
-12247.707, 1727.2378
-12257.377, 1627.6755
-12286.213, 1484.041
-12323.724, 1372.668
-12376.625, 1259.4185
-12453.331, 1150.9723
-12535.497, 1076.2576
-12655.289, 1011.6542
-12764.41, 979.31244
-12919.72, 962.9921
-13096.15, 952.5798
-13247.074, 944.63885
-13423.0625, 940.2506
-13617.412, 930.9844
-13757.574, 922.70215
-13885.968, 919.0446
-13989.14, 917.8593
-14024.281, 916.3451
-14075.383, 907.64813
-14200.654, 860.7804
-14329.438, 783.6112
-14460.399, 683.95404
-14594.298, 592.41187
-14739.125, 507.92334
-14936.228, 434.68076
-15101.188, 406.01913
-15273.209, 391.9759
-15472.138, 386.40463
-15624.485, 382.43808
-15794.051, 377.6566
-15995.451, 377.3847
-16144.391, 383.80264
-16305.818, 376.2678
-16479.82, 304.9773
-16562.146, 213.64256
-16575.47, 125.48184
-16556.959, 52.68414
-16528.617, -59.28958
-16499.074, -222.02884
-16486.387, -413.13104
-16486.193, -585.58844
-16488.14, -770.927
-16493.93, -928.5709
-16498.035, -1111.0913
-16495.746, -1307.5797
-16497.602, -1404.9607
-16501.125, -1449.066
-16506.797, -1538.4218
-16518.021, -1658.5637
-16536.46, -1821.3844
-16551.805, -2022.973
-16561.154, -2174.1125
-16575.508, -2344.4817
-16581.262, -2535.5684
-16586.668, -2691.2874
-16593.945, -2861.3115
-16591.873, -3071.5532
-16599.885, -3225.599
-16639.844, -3399.41
-16688.338, -3590.4985
-16745.242, -3752.3247
-16813.354, -3914.4495
-16930.652, -4078.2576
-17061.254, -4210.297
-17179.738, -4316.3184
-17321.207, -4421.6943
-17457.623, -4526.6963
-17567.457, -4652.141
-17639.43, -4806.8677
-17674.645, -4975.5303
-17686.54, -5126.5547
-17691.914, -5308.7144
-17696.203, -5468.5415
-17686.688, -5662.599
-17676.012, -5818.752
-17673.562, -5990.5464
-17672.857, -6171.7544
-17683.113, -6314.2695
-17699.598, -6497.694
-17705.586, -6653.7397
-17695.346, -6826.7725
-17653.03, -6975.545
-17568.586, -7111.2734
-17421.418, -7246.0303
-17294.816, -7331.532
-17121.137, -7406.374
-16978.21, -7457.8228
-16796.938, -7494.9365
-16634.068, -7487.1763
-16460.057, -7454.606
-16331.596, -7427.0684
-16202.051, -7412.4443
-16093.672, -7414.587
-15976.455, -7422.995
-15838.855, -7433.966
-15726.8125, -7444.4
-15593.045, -7447.388
-15486.507, -7445.4717
-15441.53, -7444.091
-15414.848, -7443.489
-15417.705, -7416.959
-15451.715, -7405.449
-15515.06, -7403.4165
-15591.273, -7417.8257
-15699.234, -7442.5254
-15809.314, -7484.8804
-15866.615, -7544.2554
-15880.208, -7620.324
-15886.434, -7711.2305
-15904.302, -7793.2295
-15937.098, -7891.892
-15962.84, -7975.384
-15988.158, -8059.618
-16013.676, -8129.9756
-16023.913, -8209.446
-16025.123, -8275.082
-16020.452, -8386.141
-16013.392, -8517.521
-16004.84, -8674.028
-15997.256, -8854.294
-16000.347, -9009.26
-16000.871, -9210.168
-16000.139, -9384.951
-16003.68, -9532.935
-16003.696, -9691.298
-16010.273, -9856.271
-16021.198, -10029.405
-16021.48, -10196.281
-16016.674, -10371.441
-16011.85, -10562.316
-16005.136, -10716.024
-15999.7705, -10877.109
-15998.727, -11049.654
-15994.795, -11201.414
-15995.061, -11404.438
-15996.369, -11590.906
-15995.797, -11745.554
-16000.332, -11887.871
-16004.49, -12062.286
-16003.542, -12239.74
-16006.148, -12390.228
-16006.405, -12564.805
-16002.322, -12728.647
-16003.967, -12896.48
-16005.214, -13008.143
-16001.293, -13054.529
-15985.947, -13090.572
-15939.738, -13120.965
-15880.142, -13137.549
-15810.945, -13147.369
-15705.717, -13168.855
-15589.586, -13206.264
-15499.207, -13219.883
-15466.201, -13221.71
-15481.754, -13201.328
-15515.353, -13182.657
-15575.406, -13170.178
-15640.328, -13160.936
-15731.458, -13146.016
-15839.62, -13115.986
-15953.617, -13049.176
-16005.833, -12985.165
-16027.684, -12946.627
-16025.454, -12892.423
-16013.4, -12806.942
-15999.469, -12691.511
-15982.459, -12576.313
-15932.816, -12443.432
-15860.346, -12360.963
-15785.773, -12332.242
-15703.739, -12336.756
-15627.408, -12337.691
-15568.378, -12309.946
-15552.049, -12256.799
-15563.969, -12207.382
-15585.496, -12124.429
-15588.926, -12001.213
-15550.735, -11885.922
-15500.574, -11756.861
-15447.815, -11647.923
-15410.423, -11525.864
-15433.154, -11417
-15458.631, -11355.415
-15464.858, -11331.027
-15444.482, -11350.293
-15421.08, -11387.46
-15396.009, -11437.266
-15383.009, -11514.473
-15408.665, -11609.822
-15464.093, -11696.301
-15525.972, -11773.602
-15588.656, -11874.547
-15618.492, -12007.529
-15639.82, -12161.982
-15685.089, -12262.218
-15772.645, -12357.514
-15824.771, -12396.154
-15857.408, -12405.033
-15898.48, -12378.517
-15934.445, -12327.131
-15959.791, -12241.811
-15970.736, -12085.7705
-15975.725, -11941.24
-15969.623, -11773.111
-15956.149, -11608.998
-15950.013, -11417.777
-15942.863, -11231.243
-15931.518, -11087.665
-15919.367, -11000.706
-15862.517, -10893.262
-15787.904, -10817.144
-15724.179, -10777.822
-15622.183, -10761.069
-15484.735, -10765.855
-15385.807, -10776.049
-15348.81, -10773.08
-15301.656, -10780.509
-15190.049, -10797.289
-15078.245, -10812.007
-14943.17, -10819.488
-14862.677, -10822.214
-14832.733, -10821.926
-14784.152, -10783.074
-14721.542, -10693.622
-14686.164, -10604.001
-14643.989, -10489.827
-14600.865, -10375.371
-14567.21, -10293.767
-14501.696, -10236.732
-14416.529, -10207.412
-14299.398, -10211.529
-14166.605, -10241.955
-14072.817, -10262.1875
-14043.528, -10266.97
-14026.765, -10304.449
-13997.835, -10312.732
-13950.7, -10318.974
-13922.976, -10333.1875
-13924.734, -10365.334
-13948.971, -10425.316
-13995.734, -10503.983
-14030.468, -10566.368
-14080.47, -10653.546
-14152.326, -10750.34
-14217.248, -10860.084
-14243.68, -10993.054
-14277.453, -11145.498
-14293.873, -11272.214
-14311.638, -11389.458
-14369.483, -11516.204
-14396.848, -11625.24
-14390.414, -11730.641
-14386.185, -11772.067
-14402.68, -11790.132
-14445.491, -11772.279
-14464.313, -11729.655
-14469.246, -11700.527
-14462.455, -11679.553
-14493.228, -11682.709
-14470.323, -11640.823
-14495.225, -11646.103
-14491.036, -11625.572
-14510.726, -11648.414
-14477.311, -11626.405
-14450.622, -11638.381
-14482.185, -11660.888
-14464.297, -11644.082
-14487.076, -11663.139
-14466.615, -11663.966
-14473.659, -11631.28
-14479.618, -11665.161
-14466.934, -11630.214
-14481.303, -11668.857
-14482.036, -11638.209
-14479.926, -11675.009
-14510.272, -11669.38
-14488.13, -11629.722
-14488.763, -11668.449
-14492.601, -11634.701
-14486.734, -11672.78
-14482.89, -11635.412
-14487.574, -11676.479
-14488.197, -11632.773
-14501.278, -11672.944
-14484.369, -11639.914
-14483.596, -11678.367
-14468.2, -11649.463
-14502.989, -11671.185
-14481.476, -11676.078
-14472.764, -11634.911
-14501.846, -11670.987
-14472.119, -11674.513
-14460.956, -11636.312
-14497.334, -11669.4795
-14469.003, -11660.557
-14463.927, -11630.086
-14516.954, -11666.007
-14506.321, -11636.245
-14516.57, -11612.71
-14528.18, -11585.048
-14536.736, -11559.167
-14545.563, -11535.276
-14535.511, -11512.941
-14550.225, -11538.23
-14563.302, -11576.793
-14575.536, -11609.706
-14585.259, -11650.266
-14594.932, -11710.477
-14598.99, -11751.557
-14601.232, -11797.629
-14600.693, -11831.344
-14596.638, -11866.937
-14582.678, -11899.217
-14558.479, -11936.474
-14536.169, -11966.049
-14502.988, -11967.15
-14475.787, -11940.244
-14450.054, -11875.914
-14435.47, -11787.543
-14418.375, -11655.146
-14387.398, -11537.774
-14352.758, -11401.947
-14327.224, -11273.75
-14293.057, -11137.225
-14272.232, -11010.513
-14259.099, -10863.355
-14231.257, -10763.482
-14221.664, -10723.057
-14261.097, -10722.712
-14320.951, -10738.382
-14425.326, -10756.859
-14542.934, -10763.691
-14591.902, -10765.3955
-14617.666, -10801.475
-14636.106, -10862.611
-14663.871, -10951.434
-14700.808, -11070.715
-14741.684, -11212.302
-14763.211, -11342.799
-14783.775, -11439.543
-14793.853, -11471.124
-14787.372, -11448.663
-14782.422, -11387.34
-14779.745, -11282.704
-14772.82, -11155.341
-14748.818, -11010.402
-14723.158, -10875.515
-14696.405, -10748.604
-14659.487, -10605.166
-14639.263, -10495.955
-14616.4375, -10367.681
-14593.583, -10248.038
-14580.434, -10123.799
-14570.781, -10026.967
-14555.464, -9932.727
-14548.08, -9861.3125
-14542.628, -9775.812
-14531.374, -9677.901
-14517.771, -9594.432
-14494.519, -9504.135
-14454.181, -9432.541
-14384.178, -9349.54
-14325.1, -9280.037
-14301.017, -9245.053
-14311.244, -9217.113
-14350.07, -9184.919
-14383.994, -9181.406
-14411.631, -9229.753
-14439.1455, -9302.727
-14474.595, -9403.04
-14505.349, -9511.709
-14513.978, -9554.667
-14520.713, -9589.793
-14534.32, -9661.894
-14558.998, -9765.76
-14585.226, -9888.671
-14606.367, -10007.722
-14622.222, -10156.614
-14623.68, -10251.244
-14626.168, -10339.274
-14639.261, -10460.209
-14651.623, -10571.207
-14676.148, -10696.97
-14688.523, -10747.129
-14707.608, -10775.25
-14789.952, -10812.069
-14880.182, -10829.051
-15000.898, -10830.643
-15085.944, -10832.199
-15176.674, -10840.155
-15270.945, -10847.774
-15338.146, -10850.245
-15411.655, -10857.633
-15464.197, -10863.967
-15551.297, -10865.742
-15675.167, -10862.491
-15797.658, -10854.127
-15906.424, -10829.789
-15990.464, -10767.824
-16041.352, -10682.55
-16053.268, -10591.536
-16032.224, -10472.806
-15995.25, -10357.551
-15956.69, -10264.64
-15874.254, -10187.116
-15768.408, -10128.052
-15723.179, -10116.149
-15689.798, -10113.741
-15653.624, -10123.361
-15609.425, -10139.048
-15559.337, -10159.015
-15510.058, -10176.055
-15487.311, -10177.95
-15466.779, -10173.659
-15398.199, -10163.102
-15278.091, -10157.18
-15171.645, -10193.329
-15107.08, -10227.077
-15081.398, -10241.912
-15107.26, -10261.367
-15163.51, -10271.363
-15224.266, -10250.702
-15284.258, -10201.185
-15373.849, -10142.266
-15485.769, -10115.5
-15590.738, -10124.248
-15708.217, -10133.568
-15807.971, -10127.286
-15861.395, -10122.517
-15913.448, -10109.753
-15936.255, -10105.792
-15910.519, -10114.819
-15920.592, -10097.046
-15954.111, -10051.489
-15979.924, -9967.902
-15982.863, -9836.654
-15981.938, -9681.031
-15985.07, -9537.93
-15986.936, -9342.709
-15983.668, -9165.811
-15986.977, -8985.793
-15987.338, -8823.193
-15984.424, -8669.979
-15991.379, -8474.029
-15988.689, -8292.33
-15983.872, -8146.5674
-15989.385, -8042.3916
-15987.816, -7981.1885
-15988.174, -7931.4663
-15987.082, -7866.3794
-15981.764, -7803.921
-15977.3125, -7750.5083
-15988.275, -7686.7705
-16028.317, -7610.1377
-16125.14, -7519.5444
-16202.309, -7481.9854
-16269.672, -7473.5864
-16348.479, -7481.579
-16458.564, -7494.765
-16630.908, -7506.2627
-16830.459, -7499.41
-17042.97, -7470.3506
-17213.168, -7405.538
-17362.584, -7290.327
-17487.36, -7136.8286
-17573.9, -6962.6167
-17631.676, -6765.427
-17674.246, -6580.2344
-17691.426, -6447.6953
-17695.582, -6385.971
-17675.004, -6271.9854
-17662.012, -6155.7856
-17653.766, -6026.106
-17638.717, -5949.577
-17585.383, -5894.056
-17489.387, -5853.8486
-17381.639, -5815.664
-17303.363, -5787.987
-17266.86, -5773.8296
-17262.084, -5750.4307
-17287.625, -5732.888
-17321.58, -5743.547
-17356.445, -5759.4443
-17404.746, -5764.7285
-17441.629, -5748.579
-17428.09, -5730.5635
-17454.86, -5704.346
-17503.45, -5668.108
-17560.1, -5591.39
-17601.473, -5451.411
-17611.441, -5287.6567
-17592.643, -5049.129
-17542.797, -4882.856
-17441.445, -4682.8623
-17315.197, -4529.4116
-17171.482, -4367.0024
-17080.92, -4242.702
-16966.445, -4082.7148
-16866.543, -3933.6514
-16783.277, -3796.5508
-16697.67, -3641.5005
-16634.623, -3476.2898
-16590.174, -3291.277
-16566.379, -3102.0803
-16569.625, -2919.8257
-16580.625, -2737.724
-16598.172, -2550.151
-16614.207, -2378.8323
-16613.06, -2193.4753
-16600.105, -2030.3274
-16574.729, -1829.4485
-16549.607, -1658.8577
-16537.28, -1458.6572
-16531.688, -1280.6621
-16533.453, -1084.4545
-16540.387, -918.2824
-16546.166, -704.0175
-16555.531, -537.64404
-16558.57, -348.46747
-16551.348, -185.80148
-16517.781, -19.226696
-16472.64, 95.897705
-16435.459, 150.04689
-16334.557, 197.70403
-16154.65, 231.27797
-15969.1, 249.01268
-15784.714, 279.22992
-15602.98, 306.17575
-15417.871, 322.6823
-15232.762, 346.24353
-15040.376, 381.3417
-14882.814, 438.85696
-14729.691, 529.6272
-14571.921, 635.3659
-14446.131, 754.9206
-14337.501, 917.2852
-14257.257, 1113.9944
-14229.098, 1315.8196
-14215.527, 1504.5531
-14217.273, 1688.6189
-14236.35, 1879.207
-14265.255, 2058.825
-14319.811, 2238.2795
-14389.134, 2437.0273
-14451.483, 2627.8438
-14519.706, 2795.1646
-14595.787, 2953.5574
-14640.752, 3029.7048
-14660.804, 3057.099
-14725.617, 3111.8794
-14815.369, 3179.1716
-14912.797, 3238.9753
-14981.698, 3282.7585
-15018.586, 3322.3887
-15045.334, 3355.7998
-15093.416, 3389.2668
-15126.357, 3434.0137
-15123.47, 3494.4922
-15081.168, 3548.4177
-15012.21, 3576.107
-14920.866, 3585.849
-14810.319, 3583.5679
-14680.215, 3559.5774
-14574.984, 3498.0112
-14515.635, 3408.391
-14498.769, 3297.8916
-14522.6455, 3183.1338
-14577.91, 3121.3699
-14629.172, 3129.8223
-14652.767, 3174.7114
-14670.269, 3237.2812
-14687.088, 3332.8481
-14698.732, 3395.9204
-14736.297, 3427.7266
-14785.819, 3446.9238
-14817.332, 3469.6504
-14796.045, 3519.8896
-14747.318, 3577.9526
-14699.243, 3644.9436
-14647.037, 3720.859
-14620.363, 3774.045
-14596.501, 3862.0852
-14574.709, 3985.9048
-14561.568, 4074.3994
-14538.99, 4182.3125
-14539.406, 4304.302
-14545.029, 4416.836
-14563.729, 4550.6562
-14582.796, 4681.512
-14590.471, 4754.6343
-14592.564, 4793.101
-14587.924, 4850.1113
-14549.746, 4919.503
-14509.661, 4972.8555
-14478.893, 4955.157
-14462.675, 4909.9487
-14456.774, 4836.7524
-14457.811, 4737.7476
-14463.889, 4596.949
-14454.453, 4481.1406
-14437.928, 4354.0273
-14426.005, 4207.711
-14410.592, 4085.0962
-14407.514, 3952.396
-14424.076, 3802.441
-14440.258, 3690.9863
-14467.316, 3560.8008
-14497.119, 3422.1116
-14510.934, 3295.362
-14517.568, 3154.317
-14511.425, 3017.5469
-14497.769, 2901.696
-14483.904, 2784.5825
-14467.075, 2649.876
-14443.7705, 2522.851
-14411.754, 2358.4507
-14369.908, 2209.4385
-14322.236, 2048.997
-14272.03, 1837.1953
-14228.711, 1641.1078
-14211.787, 1468.4552
-14207.244, 1277.0786
-14201.678, 1092.771
-14198.692, 1029.0022
-14164.193, 998.70667
-14092.73, 986.9058
-13988.373, 976.50214
-13859.385, 960.0738
-13731.771, 964.8352
-13604.797, 1014.9645
-13496.743, 1088.4785
-13379.622, 1177.4868
-13271.999, 1259.7955
-13167.3125, 1312.1562
-13027.511, 1353.7278
-12880.165, 1375.0966
-12757.358, 1389.8988
-12625.512, 1425.1508
-12517.16, 1476.2421
-12409.286, 1562.0565
-12337.528, 1686.4491
-12294.582, 1822.5461
-12265.537, 1934.7593
-12253.179, 1977.605
-12200.882, 2015.4141
-12113.838, 2033.003
-11991.926, 2035.169
-11787.846, 2040.7344
-11623.182, 2042.0376
-11443.879, 2052.1814
-11244.494, 2067.682
-11058.736, 2069.3455
-10986.857, 2073.6619
-10963.824, 2071.0825
-10981.496, 2036.6313
-11020.447, 1986.1183
-11034.071, 1894.1013
-11008.232, 1764.8118
-10956.532, 1620.9799
-10909.399, 1506.971
-10872, 1319.5018
-10874.267, 1183.4047
-10878.13, 1069.8427
-10914.498, 953.1078
-10962.41, 815.5779
-10995.785, 700.9521
-11022.123, 565.5352
-11043.091, 438.54425
-11047.181, 396.07996
-11046.852, 340.55554
-11033.351, 215.40286
-11003.298, 96.67135
-10946.972, -37.30339
-10906.345, -154.07262
-10872.922, -289.05835
-10851.564, -402.29504
-10842.723, -548.15076
-10836.036, -683.44165
-10836.785, -821.79205
-10848.367, -961.2455
-10862.434, -1083.9176
-10905.715, -1251.8481
-10967.709, -1393.8846
-10998.727, -1469.2338
-11042.312, -1544.4084
-11096.642, -1628.6624
-11155.523, -1736.1548
-11209.827, -1834.082
-11291.556, -1969.841
-11366.02, -2095.808
-11432.74, -2216.5288
-11481.155, -2337.3728
-11528.683, -2478.1719
-11580.469, -2608.4414
-11634.428, -2746.6162
-11704.979, -2852.398
-11782.564, -2958.387
-11830.602, -3084.699
-11848.516, -3208.9795
-11873.55, -3366.1206
-11916.982, -3513.3198
-11998.921, -3636.4368
-12060.9375, -3713.2014
-12080.054, -3741.0972
-12049.652, -3752.7527
-11990.064, -3739.8623
-11939.419, -3704.0864
-11860.361, -3655.755
-11735.584, -3592.8555
-11543.274, -3518.0103
-11411.781, -3464.6072
-11298.225, -3402.6306
-11224.92, -3330.9683
-11160.315, -3216.9287
-11098.701, -3096.6016
-11050.581, -2987.4858
-10990.304, -2855.6663
-10898.714, -2676.333
-10828, -2524.378
-10751.69, -2363.7769
-10672.415, -2204.091
-10590.564, -2036.56
-10495.717, -1888.116
-10389.081, -1761.708
-10293.539, -1670.3413
-10188.153, -1616.9613
-10044.326, -1563.0359
-9947.334, -1523.1766
-9805.341, -1501.5298
-9637.853, -1503.7966
-9461.012, -1504.4462
-9277.625, -1457.3539
-9184.225, -1358.8826
-9131.3125, -1217.1616
-9096.164, -1082.208
-9041.243, -906.4692
-8957.19, -748.0589
-8852.309, -601.69055
-8714.445, -471.01685
-8550.584, -353.1852
-8410.215, -234.76947
-8245.91, -114.75371
-8065.9863, -12.731783
-7884.831, 45.24222
-7686.1953, 67.00907
-7487.1416, 114.74419
-7291.2617, 187.14604
-7142.8545, 254.0553
-7081.7837, 289.25232
-7046.366, 318.648
-6996.449, 401.15253
-6941.715, 523.0262
-6918.3, 652.2267
-6907.286, 708.1037
-6900.7046, 728.3788
-6871.947, 710.4691
-6839.6406, 668.1081
-6833.424, 613.5906
-6841.7246, 535.4068
-6843.257, 430.44775
-6823.0215, 292.6194
-6768.9414, 169.72705
-6681.8203, 116.124466
-6578.8276, 107.65567
-6403.712, 125.11299
-6211.024, 152.85239
-6039.4663, 167.40652
-5895.8257, 181.39218
-5846.0337, 188.13602
-5825.794, 185.09752
-5785.848, 180.86685
-5688.87, 146.50325
-5617.337, 85.094284
-5566.948, 8.488152
-5505.9785, -105.502945
-5426.0615, -230.25854
-5359.028, -346.27563
-5289.2124, -495.041
-5238.9297, -674.4098
-5207.878, -863.7036
-5173.32, -1042.0002
-5148.5303, -1199.8794
-5104.924, -1389.7283
-5028.6177, -1549.7678
-4891.621, -1702.1221
-4743.432, -1789.3951
-4636.7217, -1832.1274
-4555.915, -1834.795
-4531.041, -1825.8339
-4581.172, -1786.6069
-4644.952, -1764.2767
-4725.1846, -1760.1366
-4843.7617, -1807.3807
-4947.5566, -1899.8818
-5005.8325, -2024.454
-5031.4707, -2179.4158
-5051.5815, -2366.3438
-5071.5293, -2561.8804
-5089.9517, -2739.489
-5104.2183, -2920.121
-5108.894, -3124.2976
-5116.5195, -3297.664
-5105.1797, -3505.018
-5055.096, -3676.226
-4947.673, -3834.978
-4843.2656, -3890.4639
-4712.6895, -3909.2231
-4566.09, -3909.4082
-4435.9507, -3914.6577
-4345.4844, -3930.5266
-4295.0176, -3946.3147
-4262.7915, -3965.4287
-4223.573, -4007.1167
-4160.266, -4104.0083
-4098.802, -4197.5273
-4068.6035, -4256.588
-4049.3076, -4305.801
-4018.4678, -4350.158
-3936.2217, -4411.7944
-3841.131, -4434.6875
-3792.4604, -4400.3516
-3780.9111, -4348.9272
-3784.9436, -4284.292
-3788.8398, -4226.3745
-3790.2578, -4166.9746
-3779.4136, -4120.796
-3744.833, -4067.4307
-3694.9355, -4008.199
-3628.9443, -3950.9092
-3519.5596, -3887.1924
-3366.6487, -3828.7395
-3172.8381, -3776.3176
-2991.774, -3777.5037
-2851.036, -3823.7563
-2696.848, -3875.9292
-2493.3914, -3912.8125
-2309.0557, -3891.4207
-2108.5068, -3855.9268
-1921.7429, -3849.563
-1724.0519, -3857.9072
-1537.2689, -3877.357
-1353.0175, -3896.162
-1145.644, -3904.92
-955.63275, -3916.374
-762.73303, -3917.258
-582.7002, -3920.0662
-351.29108, -3927.4739
-158.29489, -3908.1348
21.652126, -3850.648
179.66069, -3749.7834
312.41507, -3603.639
395.13995, -3441.0542
420.76965, -3250.5337
432.72876, -3057.2466
431.40808, -2855.1099
433.27975, -2645.5747
439.27957, -2463.749
443.47705, -2248.0059
455.20132, -2049.263
459.28116, -1869.7773
465.32306, -1678.1407
466.64536, -1498.107
448.07547, -1287.7494
424.68716, -1108.1621
378.55927, -934.136
275.06, -765.0591
135.82513, -635.61224
-15.994441, -533.11884
-196.47136, -366.08548
-327.3601, -212.22777
-447.0851, -73.017685
-570.5703, 68.87379
-703.0774, 211.21352
-803.1324, 352.65048
-872.4294, 518.4075
-907.49414, 727.4973
-902.80426, 910.89966
-866.20166, 1091.5789
-791.4238, 1279.45
-707.6263, 1450.0186
-623.2046, 1611.6528
-533.4484, 1761.6477
-440.4558, 1937.8903
-369.61737, 2095.2017
-313.9237, 2296.8872
-292.4534, 2476.4832
-289.6416, 2615.7034
-286.13037, 2651.6143
-294.6747, 2676.6072
-355.12738, 2723.0303
-473.53067, 2757.2422
-656.5969, 2785.023
-829.4529, 2808.5728
-960.62775, 2829.3057
-999.11743, 2836.7751
-1028.8383, 2850.5366
-1045.3441, 2902.3276
-1023.05554, 2965.3652
-963.8645, 3032.746
-843.9093, 3122.054
-679.83997, 3217.2002
-480.8843, 3321.6758
-301.1154, 3413.984
-129.73547, 3509.1633
31.438303, 3626.3032
203.67265, 3777.3745
297.44656, 3885.4258
325.35785, 3922.5193
350.9641, 3994.9033
371.146, 4109.2554
346.34274, 4219.747
293.7397, 4288.7656
224.48734, 4329.7515
102.78891, 4355.58
-65.20663, 4373.358
-267.84497, 4389.3516
-480.88354, 4399.6787
-673.1987, 4409.947
-883.5127, 4415.919
-1004.20386, 4434.219
-1090.4215, 4503.298
-1131.4586, 4586.4863
-1129.703, 4683.4253
-1090.5913, 4795.891
-1028.9216, 4900.467
-949.8646, 4987.5303
-840.1918, 5077.6914
-748.8008, 5155.8105
-635.739, 5244.382
-533.2255, 5324.974
-420.72705, 5408.9043
-292.9796, 5497.381
-198.2254, 5586.665
-117.18742, 5724.8203
-100.97514, 5843.3486
-137.77077, 5938.9478
-219.27933, 6018.4595
-341.25595, 6084.6772
-526.6774, 6160.3306
-698.64606, 6217.5312
-865.03503, 6213.476
-1039.56, 6135.222
-1204.096, 6029.906
-1375.5869, 5910.793
-1545.9393, 5800.2095
-1692.1438, 5697.249
-1837.2676, 5584.01
-2008.1189, 5487.0723
-2203.5742, 5393.2485
-2394.6455, 5300.3047
-2569.858, 5191.615
-2742.8843, 5093.083
-2923.7085, 4999.669
-3072.7283, 4934.026
-3141.9263, 4911.6475
-3204.3862, 4961.7764
-3191.5369, 5010.9736
-3136.8677, 5055.8125
-3052.7166, 5115.921
-2967.84, 5236.3145
-2910.0918, 5322.596
-2885.417, 5323.924
-2800.4324, 5310.004
-2691.3127, 5300.8022
-2540.5596, 5317.8105
-2381.6816, 5375.384
-2217.912, 5481.1567
-2062.6323, 5572.4766
-1884.9476, 5675.4375
-1693.91, 5782.4272
-1555.4592, 5871.635
-1390.8328, 6018.701
-1256.4054, 6157.947
-1163.6201, 6332.3774
-1141.5981, 6514.061
-1159.4208, 6640.7773
-1171.9032, 6681.341
-1192.2777, 6727.5215
-1215.1611, 6775.7393
-1260.6296, 6885.5986
-1318.6254, 7022.7065
-1381.9563, 7159.2217
-1417.3303, 7222.495
-1439.4764, 7251.951
-1482.1698, 7280.9277
-1574.6987, 7311.9854
-1706.8918, 7338.426
-1878.8059, 7355.787
-2068.7656, 7361.6914
-2235.2246, 7327.607
-2405.0435, 7268.2954
-2568.4358, 7202.5205
-2654.441, 7171.173
-2778.0483, 7124.956
-2942.785, 7070.955
-3137.735, 7004.7705
-3322.7607, 6947.633
-3545.0134, 6895.206
-3724.662, 6858.908
-3899.5132, 6794.4727
-4039.0645, 6711.1465
-4125.6694, 6671.1885
-4203.832, 6690.4785
-4234.6245, 6750.591
-4221.4854, 6822.8027
-4169.5015, 6894.416
-4074.2861, 6966.8154
-3935.7954, 7039.7095
-3762.2751, 7117.0015
-3643.4707, 7176.087
-3498.6055, 7220.7935
-3317.349, 7265.581
-3125.9578, 7303.6133
-2946.6338, 7329.1367
-2737.9753, 7358.163
-2531.0234, 7372.4155
-2355.7034, 7378.7573
-2228.5232, 7378.0645
-2116.1716, 7373.733
-1974.4333, 7375.425
-1847.5306, 7379.551
-1696.505, 7362.058
-1560.9487, 7304.807
-1469.9163, 7232.1943
-1422.1693, 7186.1807
-1384.8862, 7129.2393
-1333.6488, 7042.677
-1254.5212, 6908.302
-1170.6996, 6790.1533
-1095.6028, 6684.9604
-1021.2748, 6593.9688
-972.79297, 6560.769
-862.12195, 6493.2803
-703.205, 6408.055
-519.39764, 6327.457
-324.17657, 6250.9736
-152.17093, 6205.609
51.434677, 6153.165
226.36288, 6099.913
430.53522, 6056.1562
601.3517, 6026.824
769.0137, 6009.064
980.7573, 6007.049
1187.7235, 5999.768
1388.4929, 5997.092
1591.4557, 5982.4624
1747.37, 5972.7227
1909.883, 5967.438
2110.1047, 5964.27
2298.746, 5967.8926
2495.8955, 5973.497
2706.7651, 5984.4707
2894.522, 6013.7217
3098.9983, 6051.0483
3297.097, 6099.826
3497.5876, 6142.3823
3675.6455, 6175.7256
3857.1396, 6207.7188
4063.583, 6232.0737
4234.0635, 6263.504
4445.117, 6292.538
4630.9785, 6280.1426
4843.8066, 6250.3604
5047.394, 6207.7554
5223.161, 6181.9
5432.427, 6143.331
5609.6094, 6100.5
5774.4346, 6051.654
5914.742, 6002.329
6004.8345, 5983.4204
6081.764, 5994.4473
6169.116, 6015.532
6208.001, 6033.212
6256.05, 6067.83
6337.9126, 6136.5723
6400.1177, 6185.8496
6454.4785, 6235.9946
6490.8687, 6295.623
6508.7236, 6350.128
6515.686, 6371.1953
6511.727, 6405.8647
6483.6406, 6471.197
6462.542, 6578.5405
6467.762, 6656.039
6472.8887, 6696.9277
6437.774, 6747.9487
6374.8413, 6765.218
6354.4814, 6742.9883
6360.2593, 6722.1973
6396.9263, 6710.1284
6396.4844, 6687.281
6395.575, 6622.504
6390.663, 6560.238
6389.2554, 6524.708
6393.184, 6465.0776
6394.234, 6378.5967
6398.861, 6300.0547
6398.102, 6228.3955
6392.058, 6193.7285
6374.736, 6176.064
6350.317, 6147.9453
6325.3945, 6152.642
6321.378, 6192.2056
6312.26, 6164.8945
6306.119, 6141.78
6304.1123, 6115.421
6328.883, 6070.2334
6365.995, 6035.4365
6379.9946, 6020.8716
6388.915, 5993.384
6392.875, 5973.6445
6397.5703, 5941.655
6399.99, 5899.391
6402.8857, 5836.788
6407.6875, 5796.5884
6409.869, 5772.4976
6421.4272, 5754.862
6471.829, 5719.045
6517.407, 5715.173
6540.9624, 5703.374
6609.535, 5735.341
6698.2075, 5762.4043
6731.046, 5773.0156
6751.2095, 5766.132
6781.3286, 5744.1094
6793.1187, 5727.841
6816.6074, 5710.41
6859.3574, 5710.2
6888.0625, 5720.114
6933.921, 5750.1377
6973.4883, 5778.928
6998.9204, 5807.635
7042.885, 5884.298
7097.2627, 5995.2188
7173.115, 6169.737
7221.8936, 6327.984
7254.3813, 6531.5645
7266.269, 6718.477
7244.0166, 6914.458
7209.6465, 7094.5635
7158.1196, 7270.964
7102.4106, 7440.308
7082.638, 7527.9946
7105.492, 7586.9995
7180.338, 7651.051
7269.632, 7711.539
7370.544, 7783.8086
7471.43, 7875.749
7576.7124, 7971.1475
7669.125, 8044.252
7777.964, 8098.7266
7912.549, 8139.2656
8051.9624, 8168.568
8250.326, 8191.0312
8417.903, 8199.022
8522.567, 8204.977
8572.43, 8199.795
8607.584, 8151.646
8631.669, 8062.275
8636.458, 7934.759
8623.882, 7816.462
8596.67, 7667.2773
8583.979, 7580.998
8580.065, 7552.8877
8604.274, 7547.1934
8645.33, 7565.6514
8671.541, 7609.967
8703.168, 7690.545
8763.17, 7826.7676
8856.678, 7988.003
8946.729, 8110.5957
9090.6045, 8252.224
9230.625, 8377.752
9383.187, 8506.074
9538.431, 8618.047
9711.902, 8722.586
9887.634, 8797.414
10101.111, 8872.67
10273.715, 8919.827
10470.823, 8966.171
10664.415, 8996.383
10855.234, 9005.51
11039.832, 9008.152
11271.546, 8992.159
11462.212, 8971.117
11657.534, 8946.373
11828.437, 8916.785
12027.637, 8877.859
12216.762, 8826.174
12397.086, 8772.751
12590.228, 8717.173
12761.585, 8657.717
12957.213, 8595.268
13135.986, 8532.971
13322.9375, 8462.607
13497.387, 8392.3125
13692.229, 8293.367
13876.836, 8195.271
14012.744, 8106.1484
14178.583, 7981.5996
14361.817, 7861.161
14522.214, 7757.915
14569.708, 7726.2266
14578.96, 7706.603
14535.922, 7660.733
14466.541, 7640.0576
14383.146, 7623.574
14233.701, 7595.8267
14010.066, 7555.972
13805.518, 7518.108
13625.594, 7508.284
13435.954, 7510.8984
13261.708, 7522.824
13060.18, 7538.2373
12876.232, 7540.127
12682.075, 7537.1875
12490.232, 7527.488
12290.382, 7491.5864
12108.933, 7423.244
11953.09, 7326.427
11786.16, 7205.666
11681.272, 7135.4824
11599.973, 7077.4365
11499.527, 7020.013
11359.387, 6956.527
11229.992, 6906.9023
11173.715, 6889.2544
11103.045, 6850.64
11016.925, 6779.117
10912.623, 6666.5254
10796.849, 6527.211
10679.102, 6367.823
10568.802, 6227.9077
10447.609, 6069.915
10335.574, 5922.1045
10218.129, 5779.167
10115.385, 5642.7686
9985.35, 5475.18
9869.288, 5325.8247
9774.453, 5184.9263
9672.698, 5016.7935
9601.685, 4847.8955
9547.051, 4656.585
9474.119, 4488.533
9381.943, 4308.3735
9267.696, 4138.272
9147.622, 3971.0486
9034.647, 3836.4707
8884.35, 3679.0889
8762.881, 3538.2788
8614.828, 3346.5508
8521.543, 3212.5132
8390.17, 3031.4124
8270.889, 2863.8772
8128.9224, 2702.4946
7994.884, 2594.3184
7849.389, 2483.8518
7757.298, 2434.1191
7611.007, 2387.5273
7529.2383, 2360.8523
7495.278, 2349.8032
7523.0327, 2369.2324
7572.694, 2394.8176
7633.4062, 2425.3425
7752.3135, 2499.0227
7918.8955, 2610.9412
8040.553, 2713.687
8201.264, 2855.2935
8344.753, 2998.3252
8476.84, 3151.3774
8616.103, 3298.9102
8747.647, 3445.7427
8895.127, 3601.255
9023.394, 3754.981
9130.784, 3893.0654
9264.441, 4063.62
9383.729, 4237.3174
9497.066, 4393.668
9594.049, 4546.0996
9696.765, 4719.149
9779.697, 4863.2827
9870.115, 5028.8584
9956.448, 5172.397
10068.687, 5355.3726
10175.153, 5531.6025
10268.643, 5674.3525
10371.079, 5850.0635
10465.107, 6005.702
10572.615, 6177.6865
10690.443, 6362.784
10811.629, 6510.3945
10949.957, 6660.1255
11106.307, 6825.6533
11237.443, 6978.9453
11378.987, 7121.2456
11539.604, 7238.831
11688.845, 7334.1147
11889.667, 7451.078
12043.508, 7535.829
12220.209, 7615.4907
12404.309, 7662.848
12594.557, 7672.2607
12781.463, 7649.6104
12960.916, 7616.03
13067.885, 7598.368
13191.125, 7571.109
13367.641, 7534.902
13540.709, 7503.322
13729.286, 7464.655
13912.137, 7447.2354
14110.537, 7448.0435
14299.613, 7454.064
14504.18, 7462.42
14723.162, 7456.619
14918.279, 7432.6953
15113.407, 7380.0674
15335.64, 7304.4146
15528.426, 7242.795
15684.516, 7197.9575
15874.596, 7164.9746
16115.182, 7111.615
16276.518, 7070.973
16474.395, 6979.423
16617.06, 6809.1914
16638.082, 6696.7993
16602.645, 6642.7236
16589.062, 6624.25
16530.55, 6628.9517
16420.896, 6660.7007
16250.362, 6725.089
16060.727, 6790.4814
15887.112, 6855.8174
15690.436, 6922.412
15515.646, 6942.833
15355.891, 6894.9707
15301.98, 6829.0083
15261.529, 6725.206
15227.76, 6552.533
15209.73, 6372.019
15191.629, 6173.314
15190.584, 5989.2153
15226.505, 5833.1333
15233.769, 5774.2334
15212.309, 5739.008
15136.092, 5699.6104
15030.344, 5669.3896
14834.981, 5606.045
14657.041, 5494.649
14517.243, 5382.564
14342.52, 5223.071
14185.643, 5102.389
14044.344, 5013.349
13934.014, 4941.982
13765.144, 4839.797
13627.773, 4753.7393
13451.887, 4627.8916
13276.893, 4451.5205
13181.469, 4309.552
13065.22, 4106.672
12984.013, 3916.1672
12925.258, 3747.4668
12890.44, 3572.6597
12874.576, 3336.5962
12853.352, 3165.703
12784.942, 2936.0283
12663.475, 2780.7463
12546.548, 2683.7112
12417.474, 2556.7166
12316.02, 2338.7842
12310.824, 2199.0977
12346.997, 1979.4072
12370.702, 1859.4713
12379.659, 1820.6672
12383.236, 1797.5491
12387.348, 1674.1006
12373.329, 1540.6089
12330.897, 1369.3354
12299.936, 1223.3407
12294.817, 1091.9507
12291.107, 1029.9747
12288.387, 1004.0493
12322.72, 999.10986
12402.003, 1006.7569
12450.834, 1009.125
12534.598, 1012.5033
12622.227, 1003.33057
12614.937, 968.0211
12583.473, 946.6607
12536.885, 940.0642
12448.155, 936.72363
12327.465, 944.478
12172.827, 959.0972
12037.159, 979.261
11905.656, 1001.10803
11775.162, 1006.7621
11588.614, 1006.1325
11411.218, 1012.3441
11185.458, 1013.1342
11019.731, 1009.09595
10898.336, 988.22546
10746.015, 941.42065
10610.242, 866.77136
10532.931, 752.0965
10500.24, 618.931
10471.557, 467.15533
10449.785, 331.0533
10433.931, 205.46443
10436.477, 72.9963
10439.307, -44.394768
10449.41, -193.40921
10467.131, -284.53168
10473.897, -315.53958
10485.527, -275.4842
10479.57, -221.67383
10468.073, -110.54747
10460.43, 16.506407
10454.316, 157.63101
10457.447, 273.06064
10469.592, 399.67828
10491.393, 528.4895
10527.198, 659.073
10593.139, 782.57007
10731.258, 881.39703
10857.166, 912.8853
11014.663, 952.4512
11192.229, 989.1997
11358.963, 1001.8997
11590.408, 999.2595
11806.811, 984.0512
11975.61, 983.49744
12159.35, 986.5482
12335.361, 989.9525
12391.295, 1000.3705
12381.643, 1048.8987
12350.533, 1134.9958
12314.592, 1281.1715
12308.85, 1454.5553
12332.235, 1702.572
12357.892, 1900.5872
12399.037, 2133.8047
12422.413, 2332.5908
12466.551, 2494.7012
12575.756, 2664.7842
12690.573, 2832.5315
12806.424, 3024.598
12856.139, 3177.2354
12888.367, 3407.724
12896.943, 3615.055
12911.95, 3804.2756
13003.375, 3986.2485
13097.224, 4142.5986
13197.344, 4318.372
13365.906, 4533.4844
13520.052, 4651.502
13750.701, 4790.3135
13922.258, 4887.809
14084.766, 4976.7827
14224.896, 5070.2295
14369.2295, 5172.0146
14536.084, 5304.9507
14693.029, 5441.953
14842.033, 5567.993
15008.668, 5671.6904
15216.547, 5697.5103
15356.946, 5669.5723
15493.885, 5624.735
15687.27, 5563.917
15888.027, 5504.4414
16073.624, 5429.107
16259.264, 5345.2397
16436.574, 5255.5684
16587.988, 5167.5137
16733.822, 5083.1826
16871.764, 4972.157
16993.1, 4850.51
17064.307, 4773.584
17093.871, 4745.8926
17140.502, 4775.255
17146.791, 4834.3525
17114.361, 4874.9316
17047.291, 4902.1245
16935.314, 4937.3594
16749.37, 5006.1475
16566.4, 5082.372
16384.094, 5163.406
16207.008, 5275.161
16035.117, 5384.8003
15838.735, 5509.3516
15672.164, 5620.9844
15525.874, 5753.778
15400.3125, 5934.774
15313.925, 6125.6
15255.405, 6351.492
15179.963, 6532.0806
15056.269, 6709.193
14905.016, 6859.1123
14749.295, 6984.4473
14563.087, 7125.407
14402.863, 7234.929
14232.524, 7346.617
14038.102, 7415.6436
13824.652, 7452.3574
13621.546, 7472.575
13438.564, 7500.3945
13279.3125, 7533.087
13080.961, 7558.773
12827.022, 7551.7246
12650.602, 7525.7476
12444.866, 7484.8887
12228.449, 7435.5464
12082.068, 7385.1904
12001.706, 7359.7744
11975.971, 7350.737
11966.8125, 7376.544
11990.944, 7432.8164
12046.582, 7458.5684
12148.199, 7474.54
12284.363, 7483.0283
12476.926, 7484.558
12682.085, 7489.5303
12862.053, 7480.3877
13005.166, 7461.4062
13204.761, 7444.6035
13385.852, 7428.251
13615.378, 7446.093
13835.494, 7523.709
13980.903, 7627.457
14045.86, 7772.5996
14027.172, 7854.4204
13945.308, 7940.3667
13820.329, 8066.0234
13694.134, 8184.266
13517.386, 8343.105
13378.541, 8454.95
13171.181, 8559.434
12984.672, 8640.067
12824.479, 8699.358
12588.983, 8778.141
12420.249, 8827.494
12192.492, 8874.195
11968.779, 8919.964
11763.762, 8956.118
11525.049, 9003.62
11344.192, 9027.244
11169.166, 9037.232
10952.363, 9035.977
10772.516, 9015.375
10539.9375, 8983.345
10347.839, 8945.757
10176.851, 8910.023
9958.809, 8851.112
9800.203, 8779.488
9599.258, 8678.003
9434.744, 8561.7705
9291.584, 8447.673
9116.066, 8308.828
8957.659, 8184.9717
8827.441, 8088.785
8762.152, 8039.6143
8745.463, 8023.8184
8717.719, 7941.489
8663.869, 7819.9053
8645.487, 7764.6416
8638.385, 7742.537
8598.435, 7758.501
8565.416, 7796.403
8517.93, 7830.8765
8471.945, 7850.461
8402.184, 7864.116
8289.793, 7883.9478
8135.713, 7909.651
8030.9663, 7942.6055
7918.212, 7985.0146
7756.93, 8024.235
7636.9424, 8028.233
7475.6245, 7978.1187
7335.9062, 7902.9727
7223.3643, 7844.156
7142.1924, 7795.248
7117.5244, 7781.7026
7044.7646, 7779.16
6884.5005, 7815.566
6725.961, 7861.503
6507.7246, 7908.1494
6411.708, 7906.23
6251.465, 7873.975
6036.725, 7835.747
5851.178, 7814.5073
5655.326, 7809.7705
5588.115, 7811.3867
5567.377, 7810.939
5576.5264, 7842.081
5612.5234, 7869.4434
5681.166, 7882.877
5770.9336, 7891.3438
5914.3984, 7888.5635
6083.386, 7874.5923
6277.279, 7840.416
6457.2197, 7792.8086
6674.522, 7726.0225
6839.3184, 7643.6826
7026.634, 7491.71
7128.93, 7336.24
7205.117, 7111.1064
7247.2676, 6910.854
7261.305, 6733.0854
7278.125, 6492.887
7266.163, 6322.5215
7210.646, 6097.542
7108.425, 5903.174
7023.1914, 5782.278
6972.5493, 5710.778
6958.443, 5691.4443
6936.2393, 5666.166
6878.9873, 5601.6406
6824.3535, 5531.356
6771.9585, 5464.6934
6711.1973, 5391.747
6600.5596, 5263.0093
6498.112, 5166.648
6409.8325, 5090.256
6283.1924, 4989.0254
6240.88, 4958.1016
6278.1343, 4995.6045
6344.6416, 5054.155
6445.536, 5141.641
6557.2646, 5242.6055
6660.6274, 5361.072
6723.2734, 5441.9614
6751.3774, 5473.9507
6769.3164, 5492.3003
6837.954, 5539.8726
6927.6245, 5604.678
7027.591, 5695.294
7088.2563, 5780.602
7143.408, 5885.9385
7221.3955, 6030.7905
7270.323, 6151.5947
7324.7188, 6310.355
7355.7256, 6443.47
7354.2363, 6581.1895
7340.065, 6742.3604
7316.705, 6876.1963
7265.004, 7036.0845
7223.459, 7162.221
7171.363, 7287.716
7119.944, 7412.506
7098.578, 7474.1973
7068.9854, 7499.5146
7000.6475, 7538.989
6880.4624, 7603.641
6768.1167, 7658.3926
6604.566, 7716.204
6462.887, 7748.3994
6299.045, 7781.989
6156.998, 7795.079
6034.173, 7804.5186
5867.5, 7814.9785
5719.356, 7815.4395
5557.8926, 7820.438
5473.9355, 7819.924
5448.23, 7818.08
5469.499, 7784.8564
5509.3203, 7762.1724
5562.354, 7766.5205
5647.673, 7784.03
5813.9243, 7802.5947
5996.5596, 7813.0137
6188.5146, 7808.3247
6430.2207, 7780.206
6623.282, 7735.334
6835.385, 7629.02
6991.8823, 7505.712
7106.601, 7361.35
7198.586, 7143.4004
7209.1567, 6990.0576
7176.9067, 6796.956
7151.1953, 6633.393
7153.6846, 6535.166
7170.2964, 6391.3086
7178.7944, 6192.579
7144.5, 5993.9155
7052.3765, 5812.0615
6995.542, 5731.2246
6975.6587, 5706.879
6939.614, 5706.042
6904.59, 5712.9614
6857.375, 5725.9424
6809.01, 5743.0215
6782.6504, 5757.138
6732.9556, 5791.641
6696.518, 5811.593
6672.819, 5824.172
6637.999, 5836.2344
6593.451, 5851.586
6517.8135, 5880.0107
6473.1562, 5903.5586
6411.8154, 5925.149
6344.012, 5947.4844
6300.243, 5963.9536
6246.5317, 5983.9556
6195.485, 5984.4683
6118.9478, 5974.4043
6077.5073, 5967.912
5963.1206, 5940.551
5854.229, 5905.246
5789.9536, 5898.6616
5712.0723, 5848.2554
5686.4717, 5836.358
5674.3076, 5857.414
5701.735, 5877.4463
5666.2695, 5880.418
5605.2666, 5896.368
5538.6367, 5933.2886
5441.194, 6018.003
5348.6094, 6095.3247
5234.384, 6175.638
5122.1655, 6225.4673
4995.131, 6254.602
4862.0977, 6254.712
4797.3276, 6250.92
4773.2725, 6224.665
4742.5156, 6125.8574
4689.2124, 5990.435
4609.204, 5872.48
4502.1704, 5772.494
4377.9116, 5705.2563
4242.525, 5662.826
4186.998, 5646.4746
4166.909, 5634.486
4154.6367, 5608.4717
4122.1978, 5589.7305
4071.0835, 5556.2734
4014.1362, 5490.1104
3982.1633, 5391.174
3958.709, 5261.966
3938.77, 5169.9097
3927.993, 5135.65
3919.6016, 5114.477
3860.4473, 5083.307
3777.1338, 5073.326
3728.0908, 5077.15
3692.2305, 5086.2744
3680.4878, 5113.7207
3641.2488, 5179.4175
3542.895, 5254.0176
3392.9614, 5311.878
3263.3625, 5340.6294
3105.0566, 5361.4453
2945.6396, 5398.703
2796.5308, 5453.888
2659.9055, 5555.8037
2558.3828, 5676.7764
2478.6626, 5818.1953
2424.3174, 5949.8438
2373.0781, 6081.798
2320.7185, 6227.8887
2260.6924, 6367.1284
2206.1472, 6487.5415
2187.5376, 6538.242
2153.5132, 6542.2744
2118.3184, 6504.6074
2102.8767, 6434.365
2092.3323, 6315.363
2089.1294, 6181.868
2084.3557, 6036.6646
2067.318, 5879.8164
2022.4373, 5716.667
1947.8499, 5552.2246
1879.7668, 5425.0273
1807.6108, 5328.1343
1721.071, 5265.033
1593.6688, 5228.472
1493.6975, 5214.1763
1461.4099, 5215.783
1421.5464, 5268.008
1346.9885, 5358.0186
1263.3977, 5492.0005
1204.0416, 5580.3657
1154.8516, 5619.98
1045.4194, 5674.501
899.32556, 5748.044
767.07043, 5820.8657
636.72675, 5878.952
465.52032, 5924.5986
300.84314, 5940.729
165.44737, 5895.625
20.741522, 5808.761
-122.2294, 5721.7544
-265.16623, 5639.8477
-394.99832, 5576.2754
-533.22864, 5516.6265
-670.41003, 5456.9355
-787.3446, 5382.032
-898.707, 5299.5845
-1020.6064, 5196.769
-1126.0593, 5083.1084
-1209.2141, 4961.3223
-1218.3723, 4866.078
-1185.658, 4765.525
-1114.7921, 4665.245
-950.6981, 4550.8276
-811.7659, 4477.9307
-709.07825, 4465.9478
-531.5034, 4463.7896
-305.05197, 4466.668
-116.922104, 4476.047
77.86869, 4482.246
164.91042, 4482.7305
193.77054, 4474.967
254.4834, 4440.901
312.98737, 4378.8433
358.47488, 4288.659
375.01773, 4179.758
369.47797, 4106.166
342.62994, 4032.3726
283.58755, 3952.0269
150.09828, 3826.6843
25.067759, 3698.5173
-119.320274, 3564.5159
-287.66623, 3431.59
-483.01895, 3303.9026
-638.6846, 3216.6948
-774.55347, 3142.1755
-915.05554, 3074.3726
-983.9714, 3041.5322
-1005.3929, 3034.495
-1060.049, 3029.3748
-1095.0466, 3027.4224
-1097.5629, 2999.435
-1072.9712, 2957.6575
-1018.4068, 2934.1445
-922.7688, 2918.3828
-743.8545, 2905.0142
-556.85864, 2897.0603
-357.55905, 2884.5146
-148.68243, 2897.296
70.39438, 2950.791
243.91377, 3024.7588
385.355, 3101.4353
448.00653, 3132.516
458.86386, 3101.8943
424.70212, 3063.9556
363.5432, 3040.3347
269.26334, 3009.4448
88.114975, 2946.0962
-106.98485, 2882.3325
-304.37842, 2823.0461
-509.5464, 2809.6616
-618.18036, 2829.272
-802.3308, 2891.7954
-1003.9472, 2954.729
-1210.8911, 2988.3418
-1463.835, 2999.8267
-1660.9642, 2998.185
-1863.2361, 3002.2842
-2075.3494, 3025.502
-2291.1968, 3055.5015
-2501.2354, 3100.7908
-2731.1665, 3143.5588
-2923.289, 3199.2588
-3114.4873, 3277.4155
-3321.9326, 3385.5063
-3518.3997, 3499.6628
-3690.5063, 3600.4155
-3864.2302, 3711.807
-4039.3916, 3813.017
-4224.5796, 3931.557
-4378.3276, 4037.3013
-4532.359, 4161.5703
-4679.465, 4304.783
-4814.3438, 4472.042
-4915.3584, 4637.3
-5039.616, 4818.798
-5140.765, 5000.7065
-5228.6274, 5200.6816
-5293.83, 5345.026
-5351.367, 5476.418
-5419.256, 5617.1797
-5508.4814, 5749.101
-5609.9873, 5844.08
-5741.4688, 5927.9116
-5870.046, 6008.154
-5999.3657, 6098.5015
-6082.732, 6216.1787
-6131.576, 6357.3613
-6165.272, 6496.9414
-6181.758, 6589.631
-6192.653, 6672.311
-6211.5664, 6798.9067
-6231.2227, 6951.7773
-6247.956, 7093.1543
-6256.4854, 7139.1543
-6261.8257, 7163.206
-6291.243, 7260.847
-6322.5146, 7375.344
-6337.6787, 7417.3965
-6365.8633, 7432.822
-6412.0513, 7421.7646
-6424.4414, 7365.227
-6407.5938, 7284.9697
-6379.573, 7167.0405
-6343.538, 7026.377
-6311.3726, 6863.4575
-6258.223, 6708.222
-6178.1733, 6652.508
-6099.929, 6602.306
-6047.038, 6513.345
-6027.2593, 6389.039
-6000.9307, 6214.3877
-5948.802, 6025.379
-5849.93, 5808.51
-5749.1963, 5687.874
-5677.9834, 5615.0845
-5569.0405, 5491.8164
-5464.9316, 5356.3047
-5405.3633, 5276.124
-5284.8643, 5114.897
-5169.1636, 4954.4507
-5044.7373, 4796.2905
-4921.032, 4636.157
-4778.5493, 4454.2544
-4652.548, 4303.705
-4515.004, 4152.929
-4381.8193, 4035.0513
-4190.407, 3897.2366
-4009.7168, 3792.38
-3834.1646, 3698.2798
-3653.8337, 3602.1443
-3451.4297, 3499.295
-3278.912, 3399.916
-3066.6118, 3285.8882
-2909.2788, 3196.709
-2705.0613, 3122.907
-2504.8027, 3077.6572
-2285.1157, 3041.9102
-2072.6863, 3043.525
-1857.6819, 3047.7358
-1656.0724, 3060.6152
-1419.6699, 3071.457
-1249.0542, 3089.3633
-1025.0839, 3134.3853
-833.2671, 3180.5134
-604.30237, 3249.3047
-403.93045, 3310.8403
-230.15617, 3396.9487
-73.775154, 3493.7944
120.596756, 3637.477
267.59344, 3776.4065
377.68805, 3938.1626
401.02496, 4103.8364
371.2204, 4214.587
314.31335, 4254.4355
216.02998, 4305.2603
39.454887, 4385.424
-148.94095, 4438.481
-348.31873, 4453.3853
-558.2792, 4457.6787
-750.94855, 4467.0894
-958.8544, 4515.7495
-1095.011, 4610.5605
-1123.4595, 4688.328
-1088.9329, 4812.461
-987.969, 4963.1484
-872.5102, 5106.3564
-757.1187, 5229.4233
-583.0279, 5394.014
-423.49884, 5531.208
-261.99023, 5659.5107
-134.75005, 5805.082
-89.10739, 5988.457
-127.942764, 6058.0356
-210.12329, 6104.9883
-355.64523, 6161.591
-568.0129, 6237.559
-754.9619, 6341.2417
-935.36115, 6499.794
-1036.073, 6641.4253
-1085.9512, 6721.573
-1067.888, 6679.701
-1075.083, 6699.16
-1099.2178, 6729.435
-1138.1322, 6785.0767
-1200.5627, 6891.3086
-1258.7179, 7008.973
-1338.197, 7152.5864
-1391.3885, 7242.7705
-1409.984, 7283.57
-1386.28, 7276.2056
-1357.6559, 7250.326
-1341.3115, 7208.2256
-1325.0021, 7133.599
-1286.0117, 6999.14
-1208.2844, 6838.3496
-1050.1174, 6679.087
-964.3407, 6591.8535
-900.0079, 6540.7344
-879.58344, 6531.177
-908.1001, 6545.6357
-932.26105, 6526.3647
-881.18494, 6497.2207
-749.80066, 6426.5356
-587.3197, 6348.8853
-376.29535, 6253.407
-185.71526, 6184.53
31.131615, 6108.49
204.84587, 6066.503
420.53952, 6038.9355
609.5671, 6038.231
803.958, 6060.545
1038.2875, 6089.438
1228.2256, 6117.666
1455.5771, 6142.2964
1651.0592, 6158.223
1884.4272, 6170.4014
2088.5203, 6153.721
2283.0771, 6140.0923
2507.5789, 6142.1006
2701.1484, 6185.5664
2916.8342, 6258.583
3105.0552, 6334.596
3310.911, 6412.922
3453.5425, 6460.315
3512.7017, 6482.2183
3497.1567, 6517.9375
3440.9802, 6538.1143
3376.6987, 6535.355
3260.1218, 6518.061
3110.7886, 6507.28
2955.3936, 6522.916
2807.458, 6589.248
2718.536, 6681.3486
2688.0022, 6759.7783
2686.5498, 6822.5
2683.8032, 6862.347
2699.2917, 6925.3735
2756.1245, 7034.6113
2811.7212, 7112.0254
2849.43, 7154.4834
2890.8647, 7197.448
2927.1147, 7234.9395
2973.9973, 7282.9995
2991.988, 7306.073
3009.7483, 7336.5454
3042.6238, 7396.6226
3045.2502, 7417.713
3051.5645, 7447.028
3058.9478, 7467.462
3078.1558, 7484.367
3117.6602, 7491.6816
3140.8713, 7497.563
3162.0803, 7504.8477
3199.57, 7520.9893
3224.683, 7532.9146
3238.007, 7548.5967
3249.5813, 7576.797
3250.7554, 7618.3413
3247.357, 7639.3164
3285.0112, 7626.786
3356.756, 7603.4043
3390.038, 7601.8257
3400.3354, 7627.5054
3395.9229, 7652.7324
3365.0303, 7673.2744
3338.42, 7723.4795
3338.729, 7765.9717
3375.1868, 7798.3115
3441.0913, 7814.9907
3550.9207, 7824.441
3678.841, 7824.1206
3818.624, 7819.689
3969.3691, 7825.552
4111.677, 7825.5625
4262.163, 7826.6675
4408.6206, 7821.3066
4480.5947, 7812.701
4482.449, 7838.1885
4430.5747, 7864.8174
4377.7383, 7871.3477
4283.5444, 7878.7188
4139.1436, 7880.949
3949.2996, 7876.8066
3718.839, 7877.736
3548.1401, 7930.857
3431.5598, 8033.3896
3379.725, 8132.3027
3357.4722, 8289.578
3342.1616, 8413.389
3335.0361, 8463.697
3328.053, 8486.013
3299.291, 8579.904
3291.1802, 8602.375
3259.4163, 8622.178
3167.7993, 8677.325
3046.8901, 8731.877
2883.7024, 8792.684
2743.3008, 8810.865
2638.316, 8814.828
2565.423, 8821.197
2455.765, 8829.492
2306.418, 8847.305
2181.2551, 8861.798
2059.148, 8878.378
1913.547, 8920.736
1775.2196, 8966.115
1612.6752, 9004.353
1432.1165, 9045.115
1283.9717, 9063.516
1105.8638, 9082.803
964.59186, 9091.462
815.28723, 9096.018
754.274, 9099.528
670.33856, 9098.213
468.07523, 9093.774
273.9707, 9103.956
36.482277, 9127.671
-158.61584, 9166.927
-381.83557, 9222.437
-540.4106, 9256.464
-703.2811, 9260.49
-844.86707, 9219.164
-907.1288, 9203.769
-935.6073, 9198.619
-967.71216, 9203.698
-1005.3997, 9220.522
-1047.2688, 9252.035
-1114.8038, 9349.354
-1160.8588, 9415.203
-1129.516, 9436.186
-1075.5537, 9422.929
-981.0045, 9391.08
-814.7483, 9357.946
-592.4795, 9309.096
-571.20087, 9303.839
-540.36597, 9297.007
-431.57724, 9274.864
-247.9453, 9226.544
-59.002533, 9179.559
166.4634, 9137.346
365.08746, 9120.986
593.8899, 9128.744
827.5446, 9140.43
1038.5663, 9160.452
1279.7311, 9158.004
1470.0193, 9149.211
1692.7927, 9104.598
1828.7178, 9057.873
1889.6187, 9037.388
1970.8575, 8982.34
2064.0916, 8921.195
2194.1519, 8862.815
2293.2944, 8828.531
2457.1758, 8812.793
2609.7979, 8830.617
2767.87, 8844.32
2984.4187, 8832.239
3203.2156, 8792.117
3412.094, 8764.203
3646.9956, 8763.604
3840.5552, 8764.53
4072.7886, 8783.848
4277.8555, 8813.21
4474.795, 8869.499
4683.7524, 8977.396
4839.4473, 9076.287
5049.7754, 9203.176
5221.7812, 9286.506
5415.792, 9374.549
5652.1353, 9467.926
5839.7163, 9557.082
6043.8076, 9670.452
6194.1865, 9776.858
6365.5513, 9902.127
6566.8037, 10011.907
6797.2217, 10153.306
6956.1597, 10282.742
7096.257, 10488.346
7182.8984, 10674.249
7249.2676, 10898
7313.0693, 11117.464
7336.418, 11316.775
7344.1436, 11544.014
7342.6885, 11734.694
7331.546, 11958.393
7325.3936, 12153.748
7310.2236, 12351.673
7299.522, 12536.241
7282.64, 12725.113
7253.9893, 12953.424
7232.143, 13140.4375
7194.0786, 13381.587
7172.3506, 13565.907
7147.0728, 13762.907
7118.7754, 13993.35
7080.5415, 14207.692
7031.6377, 14405.65
6969.498, 14635.029
6902.054, 14818.454
6806.3438, 15020.495
6653.2383, 15182.041
6486.166, 15292.519
6261.6426, 15379.441
6061.097, 15405.048
5857.0664, 15413.421
5601.783, 15401.684
5372.3735, 15410.927
5149.1562, 15413.862
4915.906, 15417.5625
4724.124, 15411.256
4502.5967, 15407.932
4263.1274, 15397.418
4034.7593, 15395.249
3795.5552, 15393.752
3644.17, 15394.552
3565.8186, 15412.024
3527.5552, 15499.518
3517.9082, 15545.751
3509.994, 15581.624
3497.9775, 15709.369
3480.4138, 15876.393
3468.2808, 16053.696
3472.335, 16152.459
3439.579, 16168.666
3392.0283, 16136.396
3371.577, 16088.727
3360.7878, 15978.292
3338.048, 15804.928
3262.7969, 15620.615
3167.938, 15521.58
3054.729, 15506.393
2908.454, 15517.422
2734.0305, 15582.229
2664.4753, 15673.856
2644.2332, 15821.213
2658.7407, 15968.538
2659.1387, 16044.83
2619.6392, 16029.779
2605.7214, 15988.521
2622.6028, 15932.82
2633.686, 15901.258
2663.2373, 15823.73
2685.4436, 15662.822
2675.0845, 15513.639
2647.6094, 15393.91
2596.0593, 15231.771
2546.7693, 15101.141
2445.4067, 14980.146
2305.8127, 14909.477
2128.801, 14886.984
1956.0308, 14897.116
1729.7216, 14890.066
1551.4604, 14884.543
1341.1241, 14844.888
1177.848, 14740.725
1030.1287, 14601.426
893.68994, 14414.409
759.4121, 14220.301
681.0818, 14034.341
640.4105, 13892.021
617.1902, 13844.352
543.42267, 13809.011
434.41074, 13816.242
296.56305, 13868.456
146.4615, 13941.739
-38.61988, 14052.378
-216.05739, 14139.99
-395.0947, 14194.635
-611.574, 14234.517
-769.24756, 14246.751
-862.0254, 14254.43
-949.39856, 14256.616
-1048.9781, 14243.211
-1191.7866, 14214.928
-1320.5575, 14189.521
-1462.5999, 14151.291
-1585.4849, 14111.458
-1718.5387, 14046.061
-1833.8751, 13960.572
-1966.5564, 13840.707
-2057.0767, 13716.328
-2134.6365, 13587.105
-2211.0686, 13428.723
-2280.0295, 13259.104
-2349.8022, 13108.838
-2390.5745, 12993.76
-2431.8513, 12871.69
-2484.1108, 12730.264
-2516.6956, 12595.192
-2545.5718, 12425.996
-2555.557, 12234.449
-2549.596, 12049.021
-2545.9824, 11905.533
-2522.5764, 11753.179
-2492.3389, 11553.288
-2466.632, 11380.69
-2437.853, 11261.967
-2437.5002, 11183.546
-2446.3674, 11100.887
-2460.0737, 10963.619
-2475.2876, 10813.608
-2476.4844, 10720.591
-2425.9492, 10523.082
-2383.7627, 10381.589
-2339.5547, 10216.179
-2305.2231, 9987.998
-2299.8533, 9834.061
-2290.7217, 9690.159
-2249.5403, 9568.893
-2185.6074, 9518.01
-2092.817, 9502.465
-1947.5347, 9487.908
-1814.8385, 9470.959
-1698.8514, 9449.642
-1636.5975, 9436.339
-1619.4935, 9416.484
-1633.1145, 9368.596
-1686.81, 9323.693
-1757.72, 9316.121
-1862.4739, 9321.377
-2012.8273, 9322.582
-2121.8262, 9329.588
-2299.086, 9332.157
-2478.855, 9323.894
-2679.3003, 9327.853
-2861.1062, 9332.824
-3064.4465, 9347.948
-3266.2422, 9363.975
-3470.56, 9368.826
-3663.9722, 9367.802
-3862.7197, 9350.791
-4009.7305, 9344.467
-4145.621, 9348.927
-4256.953, 9354.36
-4410.3906, 9362.768
-4574.7197, 9368.061
-4775.853, 9367.676
-4963.1157, 9370.761
-5182.563, 9361.7
-5356.6025, 9346.016
-5543.1533, 9307.004
-5722.531, 9249.471
-5920.834, 9214.292
-6088.681, 9213.977
-6312.292, 9229.345
-6493.41, 9222.172
-6657.466, 9149.981
-6823.782, 9024.431
-6976.1606, 8873.2705
-7075.155, 8749.162
-7200.573, 8579.914
-7282.824, 8460.749
-7378.741, 8365.949
-7459.058, 8322.2705
-7564.336, 8281.832
-7709.659, 8209.752
-7870.419, 8147.7856
-7999.666, 8136.575
-8151.7744, 8183.6543
-8315.537, 8262.855
-8438.98, 8330.507
-8587.634, 8422.083
-8735.093, 8501.66
-8910.179, 8601.508
-9059.071, 8684.643
-9239.081, 8787.363
-9384.914, 8876.889
-9553.735, 8960.715
-9734.506, 9024.794
-9929.375, 9071.716
-10117.06, 9075.408
-10329.87, 9046.685
-10523.249, 8982.089
-10723.613, 8933.232
-10929.95, 8908.163
-11148.983, 8905.33
-11318.926, 8915.317
-11544.393, 8926.234
-11750.361, 8950.005
-11942.998, 8973.029
-12134.215, 8997.285
-12330.955, 9022.896
-12464.269, 9034.276
-12529.508, 9057.131
-12553.409, 9075.492
-12561.361, 9098.764
-12543.584, 9108.902
-12515.9375, 9126.188
-12528.841, 9166.284
-12571.33, 9189.078
-12631.118, 9172.321
-12735.659, 9118.586
-12870.323, 9052.676
-13083.289, 8974.823
-13291.564, 8914.384
-13455.62, 8863.017
-13631.066, 8805.113
-13792.137, 8746.724
-13880.662, 8714.646
-13961.743, 8684.67
-14013.35, 8657.309
-14066.095, 8627.908
-14142.474, 8588.718
-14299.666, 8508.825
-14455.257, 8428.371
-14593.551, 8370.902
-14729.504, 8313.914
-14898.959, 8236.168
-15010.401, 8181.6323
-15092.13, 8107.4194
-15175.179, 7996.2744
-15263.807, 7853.1885
-15320.849, 7710.291
-15355.917, 7567.384
-15364.573, 7490.8516
-15334.8, 7406.2783
-15275.185, 7222.793
-15275.143, 6995.371
-15290.442, 6860.6235
-15319.42, 6680.777
-15363.176, 6463.928
-15394.57, 6362.8647
-15492.107, 6230.2095
-15646.238, 6143.9375
-15778.553, 6108.069
-15942.689, 6064.7744
-16110.133, 6030.089
-16248.094, 6017.5244
-16397.553, 6022.541
-16542.23, 6037.003
-16691.219, 6016.4443
-16821.793, 5955.3438
-16920.748, 5882.2676
-16955.352, 5850.0703
-16995.84, 5807.1777
-17100.705, 5745.5757
-17244.201, 5715.9106
-17402.98, 5689.036
-17503.246, 5637.6494
-17565.242, 5531.155
-17586.227, 5392.9746
-17566.863, 5295.1616
-17509.666, 5192.365
-17405.285, 5091.134
-17314.824, 5050.874
-17159.125, 5002.752
-17009.959, 4955.385
-16870.473, 4915.38
-16730.516, 4855.9727
-16585.688, 4772.5244
-16466.918, 4670.91
-16360.924, 4561.614
-16245.746, 4449.1416
-16153.619, 4314.3867
-16081.003, 4157.4688
-16029.18, 3990.042
-15988.833, 3847.82
-15970.91, 3696.2463
-15980.491, 3542.035
-15988.883, 3375.1672
-16006.168, 3242.4822
-16041.771, 3076.7239
-16109.371, 2941.217
-16205.77, 2836.829
-16345.651, 2735.6562
-16533.396, 2644.6
-16708.934, 2574.0776
-16924.822, 2522.0962
-17116.664, 2507.7268
-17357.705, 2504.3013
-17527.742, 2512.8923
-17606.62, 2516.9517
-17637.557, 2519.4646
-17702.145, 2534.7732
-17772.12, 2516.0342
-17783.074, 2481.3188
-17737.982, 2455.5833
-17682.54, 2453.7393
-17571.52, 2466.0176
-17389.805, 2488.3147
-17174.145, 2499.3867
-16971.336, 2507.0483
-16718.006, 2546.2346
-16528.041, 2617.84
-16333.649, 2755.3333
-16189.115, 2888.1675
-16073.422, 3075.3665
-16001.195, 3288.0693
-15984.033, 3416.361
-15983.609, 3469.0635
-16035.762, 3551.3228
-16128.48, 3631.9048
-16242.734, 3696.091
-16350.711, 3770.4265
-16501.531, 3824.5942
-16611.941, 3800.8936
-16675.496, 3727.7942
-16691.678, 3633.9207
-16673.89, 3534.723
-16622.973, 3438.0278
-16553.004, 3293.5754
-16480.814, 3221.6716
-16447.852, 3242.2927
-16454.41, 3309.0408
-16482.48, 3411.5127
-16515.713, 3549.967
-16544.861, 3702.9321
-16557.148, 3839.2205
-16554.518, 3970.0425
-16564.941, 4089.9204
-16624.67, 4119.367
-16661.01, 4088.9067
-16681.396, 4009.2659
-16680.133, 3882.309
-16673.574, 3771.3962
-16710.875, 3692.7405
-16788.89, 3656.9958
-16821.01, 3639.2275
-16868.746, 3617.1475
-16956.75, 3551.626
-17038.059, 3451.3154
-17082.227, 3313.6045
-17128.77, 3187.5146
-17205.473, 3040.614
-17320.21, 2909.2712
-17435.846, 2842.8013
-17559.762, 2816.9128
-17710.445, 2846.4617
-17843.324, 2910.8286
-17912.328, 2971.7952
-17963.822, 3086.2876
-17994.818, 3225.9985
-18007.582, 3356.9897
-18009.166, 3516.979
-18017.395, 3644.1414
-18018.215, 3795.3652
-18013.152, 3926.4343
-18005.596, 4039.564
-17969.723, 4183.334
-17894.264, 4323.1035
-17784.787, 4421.5996
-17621.809, 4499.0967
-17465.967, 4502.988
-17344.93, 4445.2915
-17288.086, 4370.4106
-17250.324, 4231.2856
-17201.475, 4076.8125
-17131.064, 3982.016
-17108.469, 3882.8948
-17130.068, 3779.9775
-17194.469, 3634.6902
-17290.715, 3491.2776
-17458.906, 3348.539
-17597.809, 3321.703
-17742.137, 3351.04
-17842.557, 3422.549
-17921, 3552.9985
-17946.969, 3676.2708
-17936.531, 3810.359
-17876.152, 3921.6716
-17792.057, 3976.303
-17672.963, 3984.752
-17553.746, 3923.6084
-17448.227, 3828.7969
-17318.479, 3727.7764
-17120.275, 3633.2476
-16904.031, 3612.7458
-16736.15, 3656.802
-16626.781, 3688.871
-16578.373, 3705.781
-16466.39, 3723.8145
-16345.434, 3723.7253
-16187.076, 3700.757
-16155.654, 3694.8972
-16135.961, 3672.5293
-16106.91, 3649.5964
-16070.158, 3630.0962
-16024.574, 3638.9353
-15958.781, 3709.7139
-15952.48, 3794.4985
-15971.242, 3915.4097
-16010.473, 4117.471
-16067.803, 4289.558
-16194.6, 4465.004
-16374.959, 4589.84
-16570.19, 4690.92
-16750.379, 4769.0713
-16989.926, 4825.301
-17212.92, 4874.1333
-17422.828, 4974.1943
-17542.922, 5096.818
-17623.021, 5219.066
-17635.834, 5299.0957
-17619.898, 5374.729
-17533.309, 5541.167
-17423.016, 5692.1206
-17319.379, 5817.287
-17232.465, 5873.088
-17093.559, 5912.7617
-16888.379, 5970.8584
-16696.904, 6010.744
-16569.781, 6036.3857
-16473.145, 6046.587
-16389.266, 6046.48
-16285.275, 6050.074
-16121.318, 6051.6025
-15902.508, 6061.745
-15716.656, 6118.983
-15584.73, 6210.512
-15478.6875, 6356.645
-15429.485, 6508.2915
-15382.994, 6715.5522
-15358.967, 6889.426
-15333.219, 7100.625
-15313.878, 7257.7393
-15287.98, 7415.8037
-15272.995, 7544.5547
-15265.754, 7703.332
-15209.115, 7872.653
-15101.043, 8015.5913
-14945.902, 8128.323
-14772.734, 8203.797
-14616.32, 8283.022
-14446.114, 8369.06
-14288.968, 8455.99
-14110.006, 8557.133
-13952.651, 8642.695
-13778.203, 8746.987
-13672.267, 8803.392
-13588.065, 8864.74
-13520.061, 8897.748
-13530.276, 8873.809
-13508.79, 8879.635
-13450.743, 8913.749
-13336.534, 8950.123
-13206.278, 8969.837
-13051.496, 8991.23
-12886.946, 9020.273
-12708.601, 9044.293
-12505.224, 9069.277
-12337.853, 9075.896
-12103.714, 9061.903
-11914.0205, 9020.32
-11686.702, 8957.848
-11515.309, 8923.518
-11327.947, 8886.66
-11137.725, 8854.834
-10912.482, 8830.51
-10714.941, 8829.222
-10548.564, 8853.068
-10332.639, 8894.559
-10137.466, 8942.504
-9954.932, 8984.837
-9814.303, 8990.339
-9660.325, 8965.762
-9530.113, 8913.094
-9364.793, 8830.092
-9237.167, 8756.215
-9095.253, 8663.12
-8950.504, 8574.964
-8760.981, 8454.125
-8632.664, 8371.214
-8524.717, 8315.037
-8393.377, 8248.226
-8302.934, 8214.879
-8171.8647, 8188.952
-8029.3374, 8159.0073
-7918.1455, 8147.783
-7764.4805, 8155.3286
-7658.9634, 8157.996
-7622.2666, 8184.8306
-7561.758, 8277.551
-7474.271, 8404.408
-7383.7056, 8521.889
-7308.3633, 8593.712
-7268.3306, 8648.392
-7230.5654, 8703.938
-7219.3022, 8732.388
-7235.3354, 8714.749
-7202.492, 8738.242
-7140.9414, 8805.854
-7031.073, 8919.186
-6887.4536, 9038.949
-6717.6885, 9117.779
-6495.173, 9170.633
-6294.1875, 9203.831
-6115.4385, 9238.777
-5959.0234, 9261.032
-5768.967, 9285.834
-5568.226, 9315.256
-5383.795, 9335.822
-5171.1235, 9360.663
-5003.9434, 9371.653
-4800.753, 9380.541
-4596.511, 9384.99
-4398.7744, 9366.325
-4224.2734, 9346.487
-4001.55, 9313.795
-3797.7354, 9324.584
-3562.4329, 9353.546
-3383.44, 9344.657
-3149.1064, 9315.349
-2912.12, 9308.144
-2695.0422, 9385.75
-2519.116, 9514.057
-2406.6506, 9629.932
-2324.3193, 9738.899
-2296.6636, 9770.058
-2265.598, 9777.959
-2233.0654, 9770.324
-2214.5305, 9806.521
-2210.6707, 9866.967
-2219.832, 9973.751
-2223.3264, 10141.613
-2192.5986, 10332.969
-2170.837, 10514.399
-2175.4824, 10750.66
-2209.8945, 10945.464
-2283.2305, 11164.412
-2329.541, 11329.243
-2384.8245, 11506.129
-2420.0874, 11669.797
-2452.3203, 11874.105
-2470.5317, 12078.694
-2473.4858, 12265.826
-2476.445, 12447.572
-2460.232, 12623.502
-2413.644, 12828.254
-2364.4717, 12983.1
-2289.5706, 13167.937
-2248.0518, 13286.223
-2175.2039, 13472.125
-2099.2378, 13655.578
-2000.4442, 13846.219
-1880.2723, 13975.168
-1708.1954, 14075.238
-1529.3943, 14113.019
-1381.2692, 14074.885
-1314.7739, 13984.399
-1289.8928, 13879.792
-1271.4907, 13733.197
-1238.2654, 13500.186
-1185.4762, 13305.627
-1138.2725, 13130.105
-1103.1342, 12991.672
-1092.3972, 12955.46
-1108.9576, 12924.327
-1147.7457, 12908.553
-1201.4714, 12887.215
-1250.0233, 12837.876
-1319.0298, 12701.272
-1374.5264, 12503.761
-1393.9669, 12309.327
-1358.0889, 12148.686
-1304.8335, 12004.219
-1297.8291, 11938.149
-1311.1301, 11826.959
-1321.636, 11697.894
-1335.2415, 11567.955
-1335.1282, 11425.643
-1294.3475, 11242.08
-1241.2727, 11090.037
-1152.3844, 10989.073
-1090.9119, 10939.917
-1021.10034, 10941.939
-917.2018, 10973.254
-802.7716, 10950.932
-687.8087, 10894.641
-558.74896, 10830.8
-426.71848, 10775.598
-282.9539, 10753.566
-122.61845, 10756.199
28.307377, 10769.679
115.503494, 10794.729
141.18794, 10801.43
177.78667, 10810.186
240.5701, 10821.487
287.00272, 10833.17
367.2838, 10855.603
435.83472, 10880.227
492.5777, 10900.489
558.9891, 10920.701
510.58954, 10911.6
454.22195, 10889.859
523.3711, 10924.305
575.57465, 10963.167
547.74677, 10944.052
497.08978, 10913.354
467.04556, 10900.768
556.2924, 10938.396
608.618, 10964.223
537.7056, 10956.09
504.1186, 10952.779
535.13574, 10961.808
513.59705, 10990.96
460.91898, 10997.143
435.98157, 11001.986
408.3325, 10986.183
422.0534, 10920.776
400.42645, 10907.159
336.0492, 10909.72
263.58026, 10911.702
228.46341, 10936.473
233.82072, 10875.094
205.36108, 10842.698
161.08487, 10858.937
118.649826, 10875.166
188.17448, 10893.273
255.24243, 10900.629
339.2624, 10904.526
402.27393, 10902.264
460.61996, 10902.6045
523.85394, 10899.783
591.20764, 10901.012
615.6327, 10904.43
581.6754, 10905.816
614.2656, 10906.45
561.5879, 10910.968
576.48096, 10946.549
656.8172, 11013.729
788.2466, 11046.541
906.5232, 11020.787
1122.7625, 10977.064
1344.7576, 10949.967
1564.078, 10947.567
1781.2904, 10944.345
2015.5521, 10940.205
2251.2402, 10941.677
2473.3867, 10945.201
2672.6611, 10949.223
2883.7534, 10948.992
3074.1387, 10956.651
3295.3594, 10958.254
3525.1218, 10968.789
3771.3616, 10973.357
4007.4814, 10980.57
4209.948, 10984.872
4401.7783, 10989.189
4633.8145, 11005.94
4841.165, 11039.596
5037.644, 11151.645
5182.197, 11319.206
5258.797, 11491.166
5298.605, 11689.355
5305.6846, 11863.789
5286.9033, 12089.736
5277.563, 12309.956
5270.318, 12506.207
5272.1304, 12737.17
5268.0376, 12927.002
5264.6567, 13132.248
5265.0337, 13349.906
5261.388, 13570.877
5266.73, 13776.512
5262.344, 14010.195
5272.542, 14223.167
5281.9604, 14401.486
5303.1123, 14611.122
5330.2754, 14771.028
5390.1177, 14859.8125
5520.8105, 14921.784
5645.443, 14938.964
5771.7524, 14934.799
5937.4194, 14928.821
6050.5376, 14987.214
6074.41, 15059.691
6067.6875, 15125.445
6043.495, 15127.506
6011.827, 15099.402
5956.9277, 15046.321
5837.698, 14974.653
5662.497, 14931.807
5441.7524, 14920.199
5260.532, 14919.986
5019.819, 14920.042
4812.881, 14914.201
4628.6416, 14907.825
4402.881, 14900.268
4160.1455, 14884.548
3966.567, 14876.797
3771.9448, 14865.711
3575.0178, 14862.673
3359.8064, 14863.543
3147.641, 14864.909
2911.3596, 14865.689
2705.2651, 14857.393
2464.354, 14851.3955
2253.3237, 14840.172
2037.8693, 14839.033
1862.6261, 14831.324
1629.0083, 14822.964
1394.6707, 14807.893
1198.5403, 14743.979
984.63153, 14582.363
878.59863, 14407.492
797.44885, 14233.275
743.57367, 14029.159
710.4479, 13918.76
663.8285, 13854.332
532.8595, 13794.887
401.6303, 13803.262
282.95554, 13836.211
154.76216, 13895.252
110.755325, 13920.093
67.0959, 13958.132
-2.9632766, 14047.21
-45.30032, 14100.638
-61.902016, 14119.711

--- POI ---
-17502.875, 3608.5168
17678.36, -11771.258
16588.957, -620.9211
-10838.307, 4826.0825
-14491.003, -11450.846
-2828.0073, -12732.493
16332.629, 2134.6218
